ISO-10303-21;
HEADER;
/* Generated by software containing ST-Developer
 * from STEP Tools, Inc. (www.steptools.com) 
 */
/* OPTION: using custom renumber hook */

FILE_DESCRIPTION(
/* description */ ('STEP AP242 Edition 2',
'CAx-IF Rec.Pracs.---Representation and Presentation of Product Manufa
cturing Information (PMI)---4.0---2014-10-13',
'CAx-IF Rec.Pracs.---3D Tessellated Geometry---0.4---2014-09-14','2;1',
'CAx-IF Rec.Pracs.---User Defined Attributes---1.5---2016-08-15'),
/* implementation_level */ '2;1');

FILE_NAME(
/* name */ 'Design 2 Copy 1',
/* time_stamp */ '2026-07-29T00:23:28Z',
/* author */ (''),
/* organization */ (''),
/* preprocessor_version */ 'ST-DEVELOPER v20',
/* originating_system */ 'ONSHAPE BY PTC INC, 1.218',
/* authorisation */ '  ');

FILE_SCHEMA (('AP242_MANAGED_MODEL_BASED_3D_ENGINEERING_MIM_LF { 1 0 10303 442 3 1 4 }'));
ENDSEC;

DATA;
#10=SHAPE_REPRESENTATION_RELATIONSHIP('','',#936,#12);
#11=SHAPE_REPRESENTATION_RELATIONSHIP('','',#937,#13);
#12=ADVANCED_BREP_SHAPE_REPRESENTATION('',(#932),#1980);
#13=ADVANCED_BREP_SHAPE_REPRESENTATION('',(#933),#1981);
#14=TOROIDAL_SURFACE('',#997,0.114,0.079);
#15=TOROIDAL_SURFACE('',#1004,0.114,0.079);
#16=TOROIDAL_SURFACE('',#1006,0.114,0.079);
#17=TOROIDAL_SURFACE('',#1009,0.114,0.079);
#18=TOROIDAL_SURFACE('',#1018,0.035,0.0079);
#19=TOROIDAL_SURFACE('',#1019,0.035,0.0079);
#20=TOROIDAL_SURFACE('',#1020,0.035,0.0079);
#21=TOROIDAL_SURFACE('',#1062,0.03895,0.00395);
#22=TOROIDAL_SURFACE('',#1067,0.03895,0.00395);
#23=TOROIDAL_SURFACE('',#1069,0.03895,0.00395);
#24=TOROIDAL_SURFACE('',#1071,0.03895,0.00395);
#25=TOROIDAL_SURFACE('',#1078,0.035,0.0079);
#26=TOROIDAL_SURFACE('',#1087,0.035,0.0079);
#27=TOROIDAL_SURFACE('',#1091,0.035,0.0079);
#28=SPHERICAL_SURFACE('',#992,0.049335);
#29=SPHERICAL_SURFACE('',#1000,0.079);
#30=SPHERICAL_SURFACE('',#1002,0.079);
#31=SPHERICAL_SURFACE('',#1011,0.079);
#32=SPHERICAL_SURFACE('',#1012,0.079);
#33=SPHERICAL_SURFACE('',#1013,0.041435);
#34=SPHERICAL_SURFACE('',#1081,0.041435);
#35=PLANE('',#969);
#36=PLANE('',#975);
#37=PLANE('',#984);
#38=PLANE('',#1021);
#39=PLANE('',#1033);
#40=PLANE('',#1047);
#41=PLANE('',#1092);
#42=PLANE('',#1093);
#43=PLANE('',#1094);
#44=CYLINDRICAL_SURFACE('',#951,0.035);
#45=CYLINDRICAL_SURFACE('',#954,0.035);
#46=CYLINDRICAL_SURFACE('',#957,0.035);
#47=CYLINDRICAL_SURFACE('',#960,0.0271);
#48=CYLINDRICAL_SURFACE('',#963,0.0271);
#49=CYLINDRICAL_SURFACE('',#966,0.0271);
#50=CYLINDRICAL_SURFACE('',#981,0.035);
#51=CYLINDRICAL_SURFACE('',#1028,0.0762);
#52=CYLINDRICAL_SURFACE('',#1029,0.009525);
#53=CYLINDRICAL_SURFACE('',#1030,0.009525);
#54=CYLINDRICAL_SURFACE('',#1031,0.009525);
#55=CYLINDRICAL_SURFACE('',#1032,0.009525);
#56=CYLINDRICAL_SURFACE('',#1040,0.0762);
#57=CYLINDRICAL_SURFACE('',#1041,0.009525);
#58=CYLINDRICAL_SURFACE('',#1042,0.009525);
#59=CYLINDRICAL_SURFACE('',#1043,0.009525);
#60=CYLINDRICAL_SURFACE('',#1044,0.009525);
#61=CYLINDRICAL_SURFACE('',#1045,0.0762);
#62=CYLINDRICAL_SURFACE('',#1056,0.009525);
#63=CYLINDRICAL_SURFACE('',#1057,0.009525);
#64=CYLINDRICAL_SURFACE('',#1058,0.009525);
#65=CYLINDRICAL_SURFACE('',#1059,0.009525);
#66=CYLINDRICAL_SURFACE('',#1060,0.009525);
#67=CYLINDRICAL_SURFACE('',#1061,0.009525);
#68=CYLINDRICAL_SURFACE('',#1075,0.0271);
#69=CYLINDRICAL_SURFACE('',#1084,0.0271);
#70=CYLINDRICAL_SURFACE('',#1088,0.0271);
#71=CIRCLE('',#941,0.079);
#72=CIRCLE('',#944,0.079);
#73=CIRCLE('',#947,0.079);
#74=CIRCLE('',#950,0.079);
#75=CIRCLE('',#952,0.035);
#76=CIRCLE('',#953,0.035);
#77=CIRCLE('',#955,0.035);
#78=CIRCLE('',#956,0.035);
#79=CIRCLE('',#958,0.035);
#80=CIRCLE('',#959,0.035);
#81=CIRCLE('',#961,0.0271);
#82=CIRCLE('',#962,0.0271);
#83=CIRCLE('',#964,0.0271);
#84=CIRCLE('',#965,0.0271);
#85=CIRCLE('',#967,0.0271);
#86=CIRCLE('',#968,0.0271);
#87=CIRCLE('',#970,0.009525);
#88=CIRCLE('',#971,0.009525);
#89=CIRCLE('',#972,0.009525);
#90=CIRCLE('',#973,0.009525);
#91=CIRCLE('',#974,0.0762);
#92=CIRCLE('',#976,0.009525);
#93=CIRCLE('',#977,0.009525);
#94=CIRCLE('',#978,0.009525);
#95=CIRCLE('',#979,0.009525);
#96=CIRCLE('',#980,0.0762);
#97=CIRCLE('',#982,0.035);
#98=CIRCLE('',#983,0.035);
#99=CIRCLE('',#985,0.009525);
#100=CIRCLE('',#986,0.009525);
#101=CIRCLE('',#987,0.009525);
#102=CIRCLE('',#988,0.009525);
#103=CIRCLE('',#989,0.009525);
#104=CIRCLE('',#990,0.009525);
#105=CIRCLE('',#991,0.0762);
#106=CIRCLE('',#993,0.0438242879962598);
#107=CIRCLE('',#994,0.0438242879962598);
#108=CIRCLE('',#995,0.0438242879962598);
#109=CIRCLE('',#996,0.0438242879962598);
#110=CIRCLE('',#998,0.079);
#111=CIRCLE('',#999,0.079);
#112=CIRCLE('',#1001,0.079);
#113=CIRCLE('',#1003,0.079);
#114=CIRCLE('',#1005,0.079);
#115=CIRCLE('',#1007,0.079);
#116=CIRCLE('',#1008,0.079);
#117=CIRCLE('',#1010,0.079);
#118=CIRCLE('',#1014,0.0293954596128509);
#119=CIRCLE('',#1015,0.0293954596128509);
#120=CIRCLE('',#1016,0.0293954596128509);
#121=CIRCLE('',#1017,0.0293954596128509);
#122=CIRCLE('',#1022,0.03895);
#123=CIRCLE('',#1023,0.009525);
#124=CIRCLE('',#1024,0.009525);
#125=CIRCLE('',#1025,0.009525);
#126=CIRCLE('',#1026,0.009525);
#127=CIRCLE('',#1027,0.0762);
#128=CIRCLE('',#1034,0.03895);
#129=CIRCLE('',#1035,0.009525);
#130=CIRCLE('',#1036,0.009525);
#131=CIRCLE('',#1037,0.009525);
#132=CIRCLE('',#1038,0.009525);
#133=CIRCLE('',#1039,0.0762);
#134=CIRCLE('',#1046,0.0762);
#135=CIRCLE('',#1048,0.03895);
#136=CIRCLE('',#1049,0.03895);
#137=CIRCLE('',#1050,0.009525);
#138=CIRCLE('',#1051,0.009525);
#139=CIRCLE('',#1052,0.009525);
#140=CIRCLE('',#1053,0.009525);
#141=CIRCLE('',#1054,0.009525);
#142=CIRCLE('',#1055,0.009525);
#143=CIRCLE('',#1063,0.00395);
#144=CIRCLE('',#1064,0.00395);
#145=CIRCLE('',#1065,0.00395);
#146=CIRCLE('',#1066,0.00395);
#147=CIRCLE('',#1068,0.00395);
#148=CIRCLE('',#1070,0.00395);
#149=CIRCLE('',#1072,0.00395);
#150=CIRCLE('',#1073,0.00395);
#151=CIRCLE('',#1076,0.0271);
#152=CIRCLE('',#1077,0.0271);
#153=CIRCLE('',#1079,0.0293954596128509);
#154=CIRCLE('',#1080,0.0293954596128509);
#155=CIRCLE('',#1082,0.0293954596128509);
#156=CIRCLE('',#1083,0.0293954596128509);
#157=CIRCLE('',#1085,0.0271);
#158=CIRCLE('',#1086,0.0271);
#159=CIRCLE('',#1089,0.0271);
#160=CIRCLE('',#1090,0.0271);
#161=B_SPLINE_CURVE_WITH_KNOTS('',3,(#1470,#1471,#1472,#1473,#1474,#1475,
#1476,#1477),.UNSPECIFIED.,.F.,.F.,(4,1,1,1,1,4),(1.7085044840333E-17,0.00807743318480497,
0.0161548663696099,0.0201935829620124,0.0242322995544149,0.0323097327392198),
 .UNSPECIFIED.);
#162=B_SPLINE_CURVE_WITH_KNOTS('',3,(#1485,#1486,#1487,#1488,#1489,#1490,
#1491,#1492),.UNSPECIFIED.,.F.,.F.,(4,1,1,1,1,4),(1.7085044840333E-17,0.00807743318480498,
0.0161548663696099,0.0201935829620124,0.0242322995544149,0.0323097327392199),
 .UNSPECIFIED.);
#163=B_SPLINE_CURVE_WITH_KNOTS('',3,(#1557,#1558,#1559,#1560,#1561,#1562,
#1563,#1564),.UNSPECIFIED.,.F.,.F.,(4,1,1,1,1,4),(3.10316769155909E-17,
0.00807743318480498,0.0161548663696099,0.0201935829620124,0.0242322995544149,
0.0323097327392198),.UNSPECIFIED.);
#164=B_SPLINE_CURVE_WITH_KNOTS('',3,(#1572,#1573,#1574,#1575,#1576,#1577,
#1578,#1579),.UNSPECIFIED.,.F.,.F.,(4,1,1,1,1,4),(0.,0.00807743318480495,
0.0161548663696099,0.0201935829620124,0.0242322995544149,0.0323097327392198),
 .UNSPECIFIED.);
#165=B_SPLINE_CURVE_WITH_KNOTS('',3,(#1683,#1684,#1685,#1686),
 .UNSPECIFIED.,.F.,.F.,(4,4),(-4.05526118211052E-5,0.00669079443196281),
 .UNSPECIFIED.);
#166=B_SPLINE_CURVE_WITH_KNOTS('',3,(#1688,#1689,#1690,#1691),
 .UNSPECIFIED.,.F.,.F.,(4,4),(-4.05526118211099E-5,0.00669079443196281),
 .UNSPECIFIED.);
#167=B_SPLINE_CURVE_WITH_KNOTS('',3,(#1697,#1698,#1699,#1700,#1701,#1702,
#1703,#1704,#1705),.UNSPECIFIED.,.F.,.F.,(4,1,1,1,1,1,4),(1.55158384577955E-17,
0.00896311856469454,0.0134446778470418,0.0179262371293891,0.0224077964117363,
0.0268893556940836,0.0358524742587781),.UNSPECIFIED.);
#168=B_SPLINE_CURVE_WITH_KNOTS('',3,(#1725,#1726,#1727,#1728,#1729,#1730,
#1731,#1732,#1733),.UNSPECIFIED.,.F.,.F.,(4,1,1,1,1,1,4),(3.41700896806661E-17,
0.00896311856469453,0.0134446778470418,0.017926237129389,0.0224077964117363,
0.0268893556940835,0.035852474258778),.UNSPECIFIED.);
#169=B_SPLINE_CURVE_WITH_KNOTS('',3,(#1756,#1757,#1758,#1759,#1760,#1761,
#1762,#1763,#1764),.UNSPECIFIED.,.F.,.F.,(4,1,1,1,1,1,4),(1.55158384577955E-17,
0.00896311856469452,0.0134446778470418,0.017926237129389,0.0224077964117363,
0.0268893556940835,0.035852474258778),.UNSPECIFIED.);
#170=B_SPLINE_CURVE_WITH_KNOTS('',3,(#1768,#1769,#1770,#1771,#1772,#1773,
#1774,#1775,#1776),.UNSPECIFIED.,.F.,.F.,(4,1,1,1,1,1,4),(0.,0.00896311856469452,
0.0134446778470418,0.017926237129389,0.0224077964117363,0.0268893556940836,
0.0358524742587781),.UNSPECIFIED.);
#171=B_SPLINE_CURVE_WITH_KNOTS('',3,(#1949,#1950,#1951,#1952),
 .UNSPECIFIED.,.F.,.F.,(4,4),(-4.05526118211099E-5,0.00669079443196281),
 .UNSPECIFIED.);
#172=B_SPLINE_CURVE_WITH_KNOTS('',3,(#1956,#1957,#1958,#1959),
 .UNSPECIFIED.,.F.,.F.,(4,4),(-4.05526118211052E-5,0.00669079443196281),
 .UNSPECIFIED.);
#173=ORIENTED_EDGE('',*,*,#393,.F.);
#174=ORIENTED_EDGE('',*,*,#394,.T.);
#175=ORIENTED_EDGE('',*,*,#395,.F.);
#176=ORIENTED_EDGE('',*,*,#396,.T.);
#177=ORIENTED_EDGE('',*,*,#397,.F.);
#178=ORIENTED_EDGE('',*,*,#398,.T.);
#179=ORIENTED_EDGE('',*,*,#399,.F.);
#180=ORIENTED_EDGE('',*,*,#400,.T.);
#181=ORIENTED_EDGE('',*,*,#401,.F.);
#182=ORIENTED_EDGE('',*,*,#402,.T.);
#183=ORIENTED_EDGE('',*,*,#403,.F.);
#184=ORIENTED_EDGE('',*,*,#404,.F.);
#185=ORIENTED_EDGE('',*,*,#405,.F.);
#186=ORIENTED_EDGE('',*,*,#406,.T.);
#187=ORIENTED_EDGE('',*,*,#407,.F.);
#188=ORIENTED_EDGE('',*,*,#408,.F.);
#189=ORIENTED_EDGE('',*,*,#407,.T.);
#190=ORIENTED_EDGE('',*,*,#409,.T.);
#191=ORIENTED_EDGE('',*,*,#393,.T.);
#192=ORIENTED_EDGE('',*,*,#410,.T.);
#193=ORIENTED_EDGE('',*,*,#395,.T.);
#194=ORIENTED_EDGE('',*,*,#411,.T.);
#195=ORIENTED_EDGE('',*,*,#405,.T.);
#196=ORIENTED_EDGE('',*,*,#412,.T.);
#197=ORIENTED_EDGE('',*,*,#399,.T.);
#198=ORIENTED_EDGE('',*,*,#413,.T.);
#199=ORIENTED_EDGE('',*,*,#397,.T.);
#200=ORIENTED_EDGE('',*,*,#414,.T.);
#201=ORIENTED_EDGE('',*,*,#415,.T.);
#202=ORIENTED_EDGE('',*,*,#416,.T.);
#203=ORIENTED_EDGE('',*,*,#417,.T.);
#204=ORIENTED_EDGE('',*,*,#418,.F.);
#205=ORIENTED_EDGE('',*,*,#419,.T.);
#206=ORIENTED_EDGE('',*,*,#420,.T.);
#207=ORIENTED_EDGE('',*,*,#421,.F.);
#208=ORIENTED_EDGE('',*,*,#422,.F.);
#209=ORIENTED_EDGE('',*,*,#423,.F.);
#210=ORIENTED_EDGE('',*,*,#424,.F.);
#211=ORIENTED_EDGE('',*,*,#416,.F.);
#212=ORIENTED_EDGE('',*,*,#425,.T.);
#213=ORIENTED_EDGE('',*,*,#426,.T.);
#214=ORIENTED_EDGE('',*,*,#427,.T.);
#215=ORIENTED_EDGE('',*,*,#428,.T.);
#216=ORIENTED_EDGE('',*,*,#429,.T.);
#217=ORIENTED_EDGE('',*,*,#418,.T.);
#218=ORIENTED_EDGE('',*,*,#430,.F.);
#219=ORIENTED_EDGE('',*,*,#403,.T.);
#220=ORIENTED_EDGE('',*,*,#431,.T.);
#221=ORIENTED_EDGE('',*,*,#401,.T.);
#222=ORIENTED_EDGE('',*,*,#432,.T.);
#223=ORIENTED_EDGE('',*,*,#433,.F.);
#224=ORIENTED_EDGE('',*,*,#434,.F.);
#225=ORIENTED_EDGE('',*,*,#435,.F.);
#226=ORIENTED_EDGE('',*,*,#436,.F.);
#227=ORIENTED_EDGE('',*,*,#437,.F.);
#228=ORIENTED_EDGE('',*,*,#438,.F.);
#229=ORIENTED_EDGE('',*,*,#420,.F.);
#230=ORIENTED_EDGE('',*,*,#439,.T.);
#231=ORIENTED_EDGE('',*,*,#440,.T.);
#232=ORIENTED_EDGE('',*,*,#441,.T.);
#233=ORIENTED_EDGE('',*,*,#442,.T.);
#234=ORIENTED_EDGE('',*,*,#443,.T.);
#235=ORIENTED_EDGE('',*,*,#444,.F.);
#236=ORIENTED_EDGE('',*,*,#432,.F.);
#237=ORIENTED_EDGE('',*,*,#445,.F.);
#238=ORIENTED_EDGE('',*,*,#443,.F.);
#239=ORIENTED_EDGE('',*,*,#445,.T.);
#240=ORIENTED_EDGE('',*,*,#408,.T.);
#241=ORIENTED_EDGE('',*,*,#446,.F.);
#242=ORIENTED_EDGE('',*,*,#404,.T.);
#243=ORIENTED_EDGE('',*,*,#444,.T.);
#244=ORIENTED_EDGE('',*,*,#447,.F.);
#245=ORIENTED_EDGE('',*,*,#446,.T.);
#246=ORIENTED_EDGE('',*,*,#410,.F.);
#247=ORIENTED_EDGE('',*,*,#448,.F.);
#248=ORIENTED_EDGE('',*,*,#440,.F.);
#249=ORIENTED_EDGE('',*,*,#449,.F.);
#250=ORIENTED_EDGE('',*,*,#441,.F.);
#251=ORIENTED_EDGE('',*,*,#450,.F.);
#252=ORIENTED_EDGE('',*,*,#414,.F.);
#253=ORIENTED_EDGE('',*,*,#447,.T.);
#254=ORIENTED_EDGE('',*,*,#442,.F.);
#255=ORIENTED_EDGE('',*,*,#451,.F.);
#256=ORIENTED_EDGE('',*,*,#412,.F.);
#257=ORIENTED_EDGE('',*,*,#450,.T.);
#258=ORIENTED_EDGE('',*,*,#448,.T.);
#259=ORIENTED_EDGE('',*,*,#400,.F.);
#260=ORIENTED_EDGE('',*,*,#451,.T.);
#261=ORIENTED_EDGE('',*,*,#449,.T.);
#262=ORIENTED_EDGE('',*,*,#396,.F.);
#263=ORIENTED_EDGE('',*,*,#452,.T.);
#264=ORIENTED_EDGE('',*,*,#453,.T.);
#265=ORIENTED_EDGE('',*,*,#454,.T.);
#266=ORIENTED_EDGE('',*,*,#455,.T.);
#267=ORIENTED_EDGE('',*,*,#415,.F.);
#268=ORIENTED_EDGE('',*,*,#456,.F.);
#269=ORIENTED_EDGE('',*,*,#455,.F.);
#270=ORIENTED_EDGE('',*,*,#417,.F.);
#271=ORIENTED_EDGE('',*,*,#453,.F.);
#272=ORIENTED_EDGE('',*,*,#457,.F.);
#273=ORIENTED_EDGE('',*,*,#452,.F.);
#274=ORIENTED_EDGE('',*,*,#456,.T.);
#275=ORIENTED_EDGE('',*,*,#454,.F.);
#276=ORIENTED_EDGE('',*,*,#457,.T.);
#277=ORIENTED_EDGE('',*,*,#419,.F.);
#278=ORIENTED_EDGE('',*,*,#458,.T.);
#279=ORIENTED_EDGE('',*,*,#459,.T.);
#280=ORIENTED_EDGE('',*,*,#460,.F.);
#281=ORIENTED_EDGE('',*,*,#461,.F.);
#282=ORIENTED_EDGE('',*,*,#462,.F.);
#283=ORIENTED_EDGE('',*,*,#463,.F.);
#284=ORIENTED_EDGE('',*,*,#464,.F.);
#285=ORIENTED_EDGE('',*,*,#464,.T.);
#286=ORIENTED_EDGE('',*,*,#425,.F.);
#287=ORIENTED_EDGE('',*,*,#463,.T.);
#288=ORIENTED_EDGE('',*,*,#424,.T.);
#289=ORIENTED_EDGE('',*,*,#462,.T.);
#290=ORIENTED_EDGE('',*,*,#423,.T.);
#291=ORIENTED_EDGE('',*,*,#461,.T.);
#292=ORIENTED_EDGE('',*,*,#422,.T.);
#293=ORIENTED_EDGE('',*,*,#460,.T.);
#294=ORIENTED_EDGE('',*,*,#421,.T.);
#295=ORIENTED_EDGE('',*,*,#465,.T.);
#296=ORIENTED_EDGE('',*,*,#466,.T.);
#297=ORIENTED_EDGE('',*,*,#467,.T.);
#298=ORIENTED_EDGE('',*,*,#468,.T.);
#299=ORIENTED_EDGE('',*,*,#469,.T.);
#300=ORIENTED_EDGE('',*,*,#470,.T.);
#301=ORIENTED_EDGE('',*,*,#471,.T.);
#302=ORIENTED_EDGE('',*,*,#471,.F.);
#303=ORIENTED_EDGE('',*,*,#430,.T.);
#304=ORIENTED_EDGE('',*,*,#470,.F.);
#305=ORIENTED_EDGE('',*,*,#429,.F.);
#306=ORIENTED_EDGE('',*,*,#469,.F.);
#307=ORIENTED_EDGE('',*,*,#428,.F.);
#308=ORIENTED_EDGE('',*,*,#468,.F.);
#309=ORIENTED_EDGE('',*,*,#427,.F.);
#310=ORIENTED_EDGE('',*,*,#467,.F.);
#311=ORIENTED_EDGE('',*,*,#426,.F.);
#312=ORIENTED_EDGE('',*,*,#472,.T.);
#313=ORIENTED_EDGE('',*,*,#439,.F.);
#314=ORIENTED_EDGE('',*,*,#473,.T.);
#315=ORIENTED_EDGE('',*,*,#474,.T.);
#316=ORIENTED_EDGE('',*,*,#475,.T.);
#317=ORIENTED_EDGE('',*,*,#476,.T.);
#318=ORIENTED_EDGE('',*,*,#477,.F.);
#319=ORIENTED_EDGE('',*,*,#478,.F.);
#320=ORIENTED_EDGE('',*,*,#479,.F.);
#321=ORIENTED_EDGE('',*,*,#480,.F.);
#322=ORIENTED_EDGE('',*,*,#481,.F.);
#323=ORIENTED_EDGE('',*,*,#482,.F.);
#324=ORIENTED_EDGE('',*,*,#472,.F.);
#325=ORIENTED_EDGE('',*,*,#482,.T.);
#326=ORIENTED_EDGE('',*,*,#438,.T.);
#327=ORIENTED_EDGE('',*,*,#481,.T.);
#328=ORIENTED_EDGE('',*,*,#437,.T.);
#329=ORIENTED_EDGE('',*,*,#480,.T.);
#330=ORIENTED_EDGE('',*,*,#436,.T.);
#331=ORIENTED_EDGE('',*,*,#479,.T.);
#332=ORIENTED_EDGE('',*,*,#435,.T.);
#333=ORIENTED_EDGE('',*,*,#478,.T.);
#334=ORIENTED_EDGE('',*,*,#434,.T.);
#335=ORIENTED_EDGE('',*,*,#477,.T.);
#336=ORIENTED_EDGE('',*,*,#433,.T.);
#337=ORIENTED_EDGE('',*,*,#483,.F.);
#338=ORIENTED_EDGE('',*,*,#431,.F.);
#339=ORIENTED_EDGE('',*,*,#484,.F.);
#340=ORIENTED_EDGE('',*,*,#458,.F.);
#341=ORIENTED_EDGE('',*,*,#484,.T.);
#342=ORIENTED_EDGE('',*,*,#402,.F.);
#343=ORIENTED_EDGE('',*,*,#483,.T.);
#344=ORIENTED_EDGE('',*,*,#459,.F.);
#345=ORIENTED_EDGE('',*,*,#485,.F.);
#346=ORIENTED_EDGE('',*,*,#406,.F.);
#347=ORIENTED_EDGE('',*,*,#486,.F.);
#348=ORIENTED_EDGE('',*,*,#476,.F.);
#349=ORIENTED_EDGE('',*,*,#486,.T.);
#350=ORIENTED_EDGE('',*,*,#411,.F.);
#351=ORIENTED_EDGE('',*,*,#487,.F.);
#352=ORIENTED_EDGE('',*,*,#473,.F.);
#353=ORIENTED_EDGE('',*,*,#485,.T.);
#354=ORIENTED_EDGE('',*,*,#475,.F.);
#355=ORIENTED_EDGE('',*,*,#488,.F.);
#356=ORIENTED_EDGE('',*,*,#409,.F.);
#357=ORIENTED_EDGE('',*,*,#487,.T.);
#358=ORIENTED_EDGE('',*,*,#394,.F.);
#359=ORIENTED_EDGE('',*,*,#488,.T.);
#360=ORIENTED_EDGE('',*,*,#474,.F.);
#361=ORIENTED_EDGE('',*,*,#489,.F.);
#362=ORIENTED_EDGE('',*,*,#413,.F.);
#363=ORIENTED_EDGE('',*,*,#490,.F.);
#364=ORIENTED_EDGE('',*,*,#465,.F.);
#365=ORIENTED_EDGE('',*,*,#490,.T.);
#366=ORIENTED_EDGE('',*,*,#398,.F.);
#367=ORIENTED_EDGE('',*,*,#489,.T.);
#368=ORIENTED_EDGE('',*,*,#466,.F.);
#369=ORIENTED_EDGE('',*,*,#491,.F.);
#370=ORIENTED_EDGE('',*,*,#492,.F.);
#371=ORIENTED_EDGE('',*,*,#493,.T.);
#372=ORIENTED_EDGE('',*,*,#494,.F.);
#373=ORIENTED_EDGE('',*,*,#495,.T.);
#374=ORIENTED_EDGE('',*,*,#496,.F.);
#375=ORIENTED_EDGE('',*,*,#491,.T.);
#376=ORIENTED_EDGE('',*,*,#493,.F.);
#377=ORIENTED_EDGE('',*,*,#497,.F.);
#378=ORIENTED_EDGE('',*,*,#495,.F.);
#379=ORIENTED_EDGE('',*,*,#498,.F.);
#380=ORIENTED_EDGE('',*,*,#499,.F.);
#381=ORIENTED_EDGE('',*,*,#500,.F.);
#382=ORIENTED_EDGE('',*,*,#499,.T.);
#383=ORIENTED_EDGE('',*,*,#496,.T.);
#384=ORIENTED_EDGE('',*,*,#497,.T.);
#385=ORIENTED_EDGE('',*,*,#501,.F.);
#386=ORIENTED_EDGE('',*,*,#502,.T.);
#387=ORIENTED_EDGE('',*,*,#501,.T.);
#388=ORIENTED_EDGE('',*,*,#498,.T.);
#389=ORIENTED_EDGE('',*,*,#494,.T.);
#390=ORIENTED_EDGE('',*,*,#500,.T.);
#391=ORIENTED_EDGE('',*,*,#492,.T.);
#392=ORIENTED_EDGE('',*,*,#502,.F.);
#393=EDGE_CURVE('',#503,#504,#585,.F.);
#394=EDGE_CURVE('',#503,#505,#161,.T.);
#395=EDGE_CURVE('',#506,#505,#586,.F.);
#396=EDGE_CURVE('',#506,#507,#71,.F.);
#397=EDGE_CURVE('',#508,#507,#587,.T.);
#398=EDGE_CURVE('',#508,#509,#162,.T.);
#399=EDGE_CURVE('',#510,#509,#588,.T.);
#400=EDGE_CURVE('',#510,#504,#72,.F.);
#401=EDGE_CURVE('',#511,#512,#589,.F.);
#402=EDGE_CURVE('',#511,#513,#163,.T.);
#403=EDGE_CURVE('',#514,#513,#590,.F.);
#404=EDGE_CURVE('',#515,#514,#73,.T.);
#405=EDGE_CURVE('',#516,#515,#591,.T.);
#406=EDGE_CURVE('',#516,#517,#164,.T.);
#407=EDGE_CURVE('',#518,#517,#592,.T.);
#408=EDGE_CURVE('',#512,#518,#74,.T.);
#409=EDGE_CURVE('',#517,#503,#75,.F.);
#410=EDGE_CURVE('',#504,#518,#76,.F.);
#411=EDGE_CURVE('',#505,#516,#77,.F.);
#412=EDGE_CURVE('',#515,#506,#78,.F.);
#413=EDGE_CURVE('',#509,#508,#79,.F.);
#414=EDGE_CURVE('',#507,#510,#80,.F.);
#415=EDGE_CURVE('',#519,#519,#81,.T.);
#416=EDGE_CURVE('',#520,#520,#82,.T.);
#417=EDGE_CURVE('',#521,#521,#83,.T.);
#418=EDGE_CURVE('',#522,#522,#84,.T.);
#419=EDGE_CURVE('',#523,#523,#85,.T.);
#420=EDGE_CURVE('',#524,#524,#86,.T.);
#421=EDGE_CURVE('',#525,#525,#87,.T.);
#422=EDGE_CURVE('',#526,#526,#88,.T.);
#423=EDGE_CURVE('',#527,#527,#89,.T.);
#424=EDGE_CURVE('',#528,#528,#90,.T.);
#425=EDGE_CURVE('',#529,#529,#91,.T.);
#426=EDGE_CURVE('',#530,#530,#92,.T.);
#427=EDGE_CURVE('',#531,#531,#93,.T.);
#428=EDGE_CURVE('',#532,#532,#94,.T.);
#429=EDGE_CURVE('',#533,#533,#95,.T.);
#430=EDGE_CURVE('',#534,#534,#96,.T.);
#431=EDGE_CURVE('',#513,#511,#97,.F.);
#432=EDGE_CURVE('',#512,#514,#98,.F.);
#433=EDGE_CURVE('',#535,#535,#99,.T.);
#434=EDGE_CURVE('',#536,#536,#100,.T.);
#435=EDGE_CURVE('',#537,#537,#101,.T.);
#436=EDGE_CURVE('',#538,#538,#102,.T.);
#437=EDGE_CURVE('',#539,#539,#103,.T.);
#438=EDGE_CURVE('',#540,#540,#104,.T.);
#439=EDGE_CURVE('',#541,#541,#105,.T.);
#440=EDGE_CURVE('',#542,#543,#106,.T.);
#441=EDGE_CURVE('',#543,#544,#107,.T.);
#442=EDGE_CURVE('',#544,#545,#108,.T.);
#443=EDGE_CURVE('',#545,#542,#109,.T.);
#444=EDGE_CURVE('',#514,#545,#110,.T.);
#445=EDGE_CURVE('',#542,#512,#111,.T.);
#446=EDGE_CURVE('',#542,#518,#112,.F.);
#447=EDGE_CURVE('',#515,#545,#113,.F.);
#448=EDGE_CURVE('',#543,#504,#114,.T.);
#449=EDGE_CURVE('',#544,#507,#115,.T.);
#450=EDGE_CURVE('',#510,#543,#116,.T.);
#451=EDGE_CURVE('',#506,#544,#117,.T.);
#452=EDGE_CURVE('',#546,#547,#118,.F.);
#453=EDGE_CURVE('',#547,#548,#119,.F.);
#454=EDGE_CURVE('',#548,#549,#120,.F.);
#455=EDGE_CURVE('',#549,#546,#121,.F.);
#456=EDGE_CURVE('',#546,#549,#165,.F.);
#457=EDGE_CURVE('',#548,#547,#166,.T.);
#458=EDGE_CURVE('',#550,#551,#122,.T.);
#459=EDGE_CURVE('',#551,#550,#167,.T.);
#460=EDGE_CURVE('',#552,#552,#123,.F.);
#461=EDGE_CURVE('',#553,#553,#124,.F.);
#462=EDGE_CURVE('',#554,#554,#125,.F.);
#463=EDGE_CURVE('',#555,#555,#126,.F.);
#464=EDGE_CURVE('',#556,#556,#127,.T.);
#465=EDGE_CURVE('',#557,#558,#128,.T.);
#466=EDGE_CURVE('',#558,#557,#168,.T.);
#467=EDGE_CURVE('',#559,#559,#129,.T.);
#468=EDGE_CURVE('',#560,#560,#130,.T.);
#469=EDGE_CURVE('',#561,#561,#131,.T.);
#470=EDGE_CURVE('',#562,#562,#132,.T.);
#471=EDGE_CURVE('',#563,#563,#133,.T.);
#472=EDGE_CURVE('',#564,#564,#134,.T.);
#473=EDGE_CURVE('',#565,#566,#135,.T.);
#474=EDGE_CURVE('',#566,#567,#169,.T.);
#475=EDGE_CURVE('',#567,#568,#136,.T.);
#476=EDGE_CURVE('',#568,#565,#170,.T.);
#477=EDGE_CURVE('',#569,#569,#137,.F.);
#478=EDGE_CURVE('',#570,#570,#138,.F.);
#479=EDGE_CURVE('',#571,#571,#139,.F.);
#480=EDGE_CURVE('',#572,#572,#140,.F.);
#481=EDGE_CURVE('',#573,#573,#141,.F.);
#482=EDGE_CURVE('',#574,#574,#142,.F.);
#483=EDGE_CURVE('',#511,#550,#143,.T.);
#484=EDGE_CURVE('',#551,#513,#144,.T.);
#485=EDGE_CURVE('',#517,#568,#145,.T.);
#486=EDGE_CURVE('',#565,#516,#146,.T.);
#487=EDGE_CURVE('',#566,#505,#147,.T.);
#488=EDGE_CURVE('',#503,#567,#148,.T.);
#489=EDGE_CURVE('',#508,#557,#149,.T.);
#490=EDGE_CURVE('',#558,#509,#150,.T.);
#491=EDGE_CURVE('',#575,#575,#151,.T.);
#492=EDGE_CURVE('',#576,#576,#152,.T.);
#493=EDGE_CURVE('',#577,#578,#153,.F.);
#494=EDGE_CURVE('',#579,#578,#171,.T.);
#495=EDGE_CURVE('',#579,#580,#154,.F.);
#496=EDGE_CURVE('',#577,#580,#172,.F.);
#497=EDGE_CURVE('',#580,#577,#155,.F.);
#498=EDGE_CURVE('',#578,#579,#156,.F.);
#499=EDGE_CURVE('',#581,#581,#157,.T.);
#500=EDGE_CURVE('',#582,#582,#158,.T.);
#501=EDGE_CURVE('',#583,#583,#159,.T.);
#502=EDGE_CURVE('',#584,#584,#160,.T.);
#503=VERTEX_POINT('',#1468);
#504=VERTEX_POINT('',#1469);
#505=VERTEX_POINT('',#1478);
#506=VERTEX_POINT('',#1480);
#507=VERTEX_POINT('',#1482);
#508=VERTEX_POINT('',#1484);
#509=VERTEX_POINT('',#1493);
#510=VERTEX_POINT('',#1495);
#511=VERTEX_POINT('',#1555);
#512=VERTEX_POINT('',#1556);
#513=VERTEX_POINT('',#1565);
#514=VERTEX_POINT('',#1567);
#515=VERTEX_POINT('',#1569);
#516=VERTEX_POINT('',#1571);
#517=VERTEX_POINT('',#1580);
#518=VERTEX_POINT('',#1582);
#519=VERTEX_POINT('',#1595);
#520=VERTEX_POINT('',#1597);
#521=VERTEX_POINT('',#1600);
#522=VERTEX_POINT('',#1602);
#523=VERTEX_POINT('',#1605);
#524=VERTEX_POINT('',#1607);
#525=VERTEX_POINT('',#1610);
#526=VERTEX_POINT('',#1612);
#527=VERTEX_POINT('',#1614);
#528=VERTEX_POINT('',#1616);
#529=VERTEX_POINT('',#1618);
#530=VERTEX_POINT('',#1621);
#531=VERTEX_POINT('',#1623);
#532=VERTEX_POINT('',#1625);
#533=VERTEX_POINT('',#1627);
#534=VERTEX_POINT('',#1629);
#535=VERTEX_POINT('',#1635);
#536=VERTEX_POINT('',#1637);
#537=VERTEX_POINT('',#1639);
#538=VERTEX_POINT('',#1641);
#539=VERTEX_POINT('',#1643);
#540=VERTEX_POINT('',#1645);
#541=VERTEX_POINT('',#1647);
#542=VERTEX_POINT('',#1650);
#543=VERTEX_POINT('',#1651);
#544=VERTEX_POINT('',#1653);
#545=VERTEX_POINT('',#1655);
#546=VERTEX_POINT('',#1675);
#547=VERTEX_POINT('',#1676);
#548=VERTEX_POINT('',#1678);
#549=VERTEX_POINT('',#1680);
#550=VERTEX_POINT('',#1695);
#551=VERTEX_POINT('',#1696);
#552=VERTEX_POINT('',#1707);
#553=VERTEX_POINT('',#1709);
#554=VERTEX_POINT('',#1711);
#555=VERTEX_POINT('',#1713);
#556=VERTEX_POINT('',#1715);
#557=VERTEX_POINT('',#1723);
#558=VERTEX_POINT('',#1724);
#559=VERTEX_POINT('',#1735);
#560=VERTEX_POINT('',#1737);
#561=VERTEX_POINT('',#1739);
#562=VERTEX_POINT('',#1741);
#563=VERTEX_POINT('',#1743);
#564=VERTEX_POINT('',#1751);
#565=VERTEX_POINT('',#1754);
#566=VERTEX_POINT('',#1755);
#567=VERTEX_POINT('',#1765);
#568=VERTEX_POINT('',#1767);
#569=VERTEX_POINT('',#1778);
#570=VERTEX_POINT('',#1780);
#571=VERTEX_POINT('',#1782);
#572=VERTEX_POINT('',#1784);
#573=VERTEX_POINT('',#1786);
#574=VERTEX_POINT('',#1788);
#575=VERTEX_POINT('',#1942);
#576=VERTEX_POINT('',#1944);
#577=VERTEX_POINT('',#1947);
#578=VERTEX_POINT('',#1948);
#579=VERTEX_POINT('',#1953);
#580=VERTEX_POINT('',#1955);
#581=VERTEX_POINT('',#1965);
#582=VERTEX_POINT('',#1967);
#583=VERTEX_POINT('',#1971);
#584=VERTEX_POINT('',#1973);
#585=ELLIPSE('',#939,0.119251834367443,0.035);
#586=ELLIPSE('',#940,0.119251834367443,0.035);
#587=ELLIPSE('',#942,0.119251834367443,0.035);
#588=ELLIPSE('',#943,0.119251834367443,0.035);
#589=ELLIPSE('',#945,0.119251834367443,0.035);
#590=ELLIPSE('',#946,0.119251834367443,0.035);
#591=ELLIPSE('',#948,0.119251834367443,0.035);
#592=ELLIPSE('',#949,0.119251834367443,0.035);
#593=EDGE_LOOP('',(#173,#174,#175,#176,#177,#178,#179,#180));
#594=EDGE_LOOP('',(#181,#182,#183,#184,#185,#186,#187,#188));
#595=EDGE_LOOP('',(#189,#190,#191,#192));
#596=EDGE_LOOP('',(#193,#194,#195,#196));
#597=EDGE_LOOP('',(#197,#198,#199,#200));
#598=EDGE_LOOP('',(#201));
#599=EDGE_LOOP('',(#202));
#600=EDGE_LOOP('',(#203));
#601=EDGE_LOOP('',(#204));
#602=EDGE_LOOP('',(#205));
#603=EDGE_LOOP('',(#206));
#604=EDGE_LOOP('',(#207));
#605=EDGE_LOOP('',(#208));
#606=EDGE_LOOP('',(#209));
#607=EDGE_LOOP('',(#210));
#608=EDGE_LOOP('',(#211));
#609=EDGE_LOOP('',(#212));
#610=EDGE_LOOP('',(#213));
#611=EDGE_LOOP('',(#214));
#612=EDGE_LOOP('',(#215));
#613=EDGE_LOOP('',(#216));
#614=EDGE_LOOP('',(#217));
#615=EDGE_LOOP('',(#218));
#616=EDGE_LOOP('',(#219,#220,#221,#222));
#617=EDGE_LOOP('',(#223));
#618=EDGE_LOOP('',(#224));
#619=EDGE_LOOP('',(#225));
#620=EDGE_LOOP('',(#226));
#621=EDGE_LOOP('',(#227));
#622=EDGE_LOOP('',(#228));
#623=EDGE_LOOP('',(#229));
#624=EDGE_LOOP('',(#230));
#625=EDGE_LOOP('',(#231,#232,#233,#234));
#626=EDGE_LOOP('',(#235,#236,#237,#238));
#627=EDGE_LOOP('',(#239,#240,#241));
#628=EDGE_LOOP('',(#242,#243,#244));
#629=EDGE_LOOP('',(#245,#246,#247,#248));
#630=EDGE_LOOP('',(#249,#250,#251,#252));
#631=EDGE_LOOP('',(#253,#254,#255,#256));
#632=EDGE_LOOP('',(#257,#258,#259));
#633=EDGE_LOOP('',(#260,#261,#262));
#634=EDGE_LOOP('',(#263,#264,#265,#266));
#635=EDGE_LOOP('',(#267));
#636=EDGE_LOOP('',(#268,#269));
#637=EDGE_LOOP('',(#270));
#638=EDGE_LOOP('',(#271,#272));
#639=EDGE_LOOP('',(#273,#274,#275,#276));
#640=EDGE_LOOP('',(#277));
#641=EDGE_LOOP('',(#278,#279));
#642=EDGE_LOOP('',(#280));
#643=EDGE_LOOP('',(#281));
#644=EDGE_LOOP('',(#282));
#645=EDGE_LOOP('',(#283));
#646=EDGE_LOOP('',(#284));
#647=EDGE_LOOP('',(#285));
#648=EDGE_LOOP('',(#286));
#649=EDGE_LOOP('',(#287));
#650=EDGE_LOOP('',(#288));
#651=EDGE_LOOP('',(#289));
#652=EDGE_LOOP('',(#290));
#653=EDGE_LOOP('',(#291));
#654=EDGE_LOOP('',(#292));
#655=EDGE_LOOP('',(#293));
#656=EDGE_LOOP('',(#294));
#657=EDGE_LOOP('',(#295,#296));
#658=EDGE_LOOP('',(#297));
#659=EDGE_LOOP('',(#298));
#660=EDGE_LOOP('',(#299));
#661=EDGE_LOOP('',(#300));
#662=EDGE_LOOP('',(#301));
#663=EDGE_LOOP('',(#302));
#664=EDGE_LOOP('',(#303));
#665=EDGE_LOOP('',(#304));
#666=EDGE_LOOP('',(#305));
#667=EDGE_LOOP('',(#306));
#668=EDGE_LOOP('',(#307));
#669=EDGE_LOOP('',(#308));
#670=EDGE_LOOP('',(#309));
#671=EDGE_LOOP('',(#310));
#672=EDGE_LOOP('',(#311));
#673=EDGE_LOOP('',(#312));
#674=EDGE_LOOP('',(#313));
#675=EDGE_LOOP('',(#314,#315,#316,#317));
#676=EDGE_LOOP('',(#318));
#677=EDGE_LOOP('',(#319));
#678=EDGE_LOOP('',(#320));
#679=EDGE_LOOP('',(#321));
#680=EDGE_LOOP('',(#322));
#681=EDGE_LOOP('',(#323));
#682=EDGE_LOOP('',(#324));
#683=EDGE_LOOP('',(#325));
#684=EDGE_LOOP('',(#326));
#685=EDGE_LOOP('',(#327));
#686=EDGE_LOOP('',(#328));
#687=EDGE_LOOP('',(#329));
#688=EDGE_LOOP('',(#330));
#689=EDGE_LOOP('',(#331));
#690=EDGE_LOOP('',(#332));
#691=EDGE_LOOP('',(#333));
#692=EDGE_LOOP('',(#334));
#693=EDGE_LOOP('',(#335));
#694=EDGE_LOOP('',(#336));
#695=EDGE_LOOP('',(#337,#338,#339,#340));
#696=EDGE_LOOP('',(#341,#342,#343,#344));
#697=EDGE_LOOP('',(#345,#346,#347,#348));
#698=EDGE_LOOP('',(#349,#350,#351,#352));
#699=EDGE_LOOP('',(#353,#354,#355,#356));
#700=EDGE_LOOP('',(#357,#358,#359,#360));
#701=EDGE_LOOP('',(#361,#362,#363,#364));
#702=EDGE_LOOP('',(#365,#366,#367,#368));
#703=EDGE_LOOP('',(#369));
#704=EDGE_LOOP('',(#370));
#705=EDGE_LOOP('',(#371,#372,#373,#374));
#706=EDGE_LOOP('',(#375));
#707=EDGE_LOOP('',(#376,#377,#378,#379));
#708=EDGE_LOOP('',(#380));
#709=EDGE_LOOP('',(#381));
#710=EDGE_LOOP('',(#382));
#711=EDGE_LOOP('',(#383,#384));
#712=EDGE_LOOP('',(#385));
#713=EDGE_LOOP('',(#386));
#714=EDGE_LOOP('',(#387));
#715=EDGE_LOOP('',(#388,#389));
#716=EDGE_LOOP('',(#390));
#717=EDGE_LOOP('',(#391));
#718=EDGE_LOOP('',(#392));
#719=FACE_BOUND('',#593,.T.);
#720=FACE_BOUND('',#594,.T.);
#721=FACE_BOUND('',#595,.T.);
#722=FACE_BOUND('',#596,.T.);
#723=FACE_BOUND('',#597,.T.);
#724=FACE_BOUND('',#598,.T.);
#725=FACE_BOUND('',#599,.T.);
#726=FACE_BOUND('',#600,.T.);
#727=FACE_BOUND('',#601,.T.);
#728=FACE_BOUND('',#602,.T.);
#729=FACE_BOUND('',#603,.T.);
#730=FACE_BOUND('',#604,.T.);
#731=FACE_BOUND('',#605,.T.);
#732=FACE_BOUND('',#606,.T.);
#733=FACE_BOUND('',#607,.T.);
#734=FACE_BOUND('',#608,.T.);
#735=FACE_BOUND('',#609,.T.);
#736=FACE_BOUND('',#610,.T.);
#737=FACE_BOUND('',#611,.T.);
#738=FACE_BOUND('',#612,.T.);
#739=FACE_BOUND('',#613,.T.);
#740=FACE_BOUND('',#614,.T.);
#741=FACE_BOUND('',#615,.T.);
#742=FACE_BOUND('',#616,.T.);
#743=FACE_BOUND('',#617,.T.);
#744=FACE_BOUND('',#618,.T.);
#745=FACE_BOUND('',#619,.T.);
#746=FACE_BOUND('',#620,.T.);
#747=FACE_BOUND('',#621,.T.);
#748=FACE_BOUND('',#622,.T.);
#749=FACE_BOUND('',#623,.T.);
#750=FACE_BOUND('',#624,.T.);
#751=FACE_BOUND('',#625,.T.);
#752=FACE_BOUND('',#626,.T.);
#753=FACE_BOUND('',#627,.T.);
#754=FACE_BOUND('',#628,.T.);
#755=FACE_BOUND('',#629,.T.);
#756=FACE_BOUND('',#630,.T.);
#757=FACE_BOUND('',#631,.T.);
#758=FACE_BOUND('',#632,.T.);
#759=FACE_BOUND('',#633,.T.);
#760=FACE_BOUND('',#634,.T.);
#761=FACE_BOUND('',#635,.T.);
#762=FACE_BOUND('',#636,.T.);
#763=FACE_BOUND('',#637,.T.);
#764=FACE_BOUND('',#638,.T.);
#765=FACE_BOUND('',#639,.T.);
#766=FACE_BOUND('',#640,.T.);
#767=FACE_BOUND('',#641,.T.);
#768=FACE_BOUND('',#642,.T.);
#769=FACE_BOUND('',#643,.T.);
#770=FACE_BOUND('',#644,.T.);
#771=FACE_BOUND('',#645,.T.);
#772=FACE_BOUND('',#646,.T.);
#773=FACE_BOUND('',#647,.T.);
#774=FACE_BOUND('',#648,.T.);
#775=FACE_BOUND('',#649,.T.);
#776=FACE_BOUND('',#650,.T.);
#777=FACE_BOUND('',#651,.T.);
#778=FACE_BOUND('',#652,.T.);
#779=FACE_BOUND('',#653,.T.);
#780=FACE_BOUND('',#654,.T.);
#781=FACE_BOUND('',#655,.T.);
#782=FACE_BOUND('',#656,.T.);
#783=FACE_BOUND('',#657,.T.);
#784=FACE_BOUND('',#658,.T.);
#785=FACE_BOUND('',#659,.T.);
#786=FACE_BOUND('',#660,.T.);
#787=FACE_BOUND('',#661,.T.);
#788=FACE_BOUND('',#662,.T.);
#789=FACE_BOUND('',#663,.T.);
#790=FACE_BOUND('',#664,.T.);
#791=FACE_BOUND('',#665,.T.);
#792=FACE_BOUND('',#666,.T.);
#793=FACE_BOUND('',#667,.T.);
#794=FACE_BOUND('',#668,.T.);
#795=FACE_BOUND('',#669,.T.);
#796=FACE_BOUND('',#670,.T.);
#797=FACE_BOUND('',#671,.T.);
#798=FACE_BOUND('',#672,.T.);
#799=FACE_BOUND('',#673,.T.);
#800=FACE_BOUND('',#674,.T.);
#801=FACE_BOUND('',#675,.T.);
#802=FACE_BOUND('',#676,.T.);
#803=FACE_BOUND('',#677,.T.);
#804=FACE_BOUND('',#678,.T.);
#805=FACE_BOUND('',#679,.T.);
#806=FACE_BOUND('',#680,.T.);
#807=FACE_BOUND('',#681,.T.);
#808=FACE_BOUND('',#682,.T.);
#809=FACE_BOUND('',#683,.T.);
#810=FACE_BOUND('',#684,.T.);
#811=FACE_BOUND('',#685,.T.);
#812=FACE_BOUND('',#686,.T.);
#813=FACE_BOUND('',#687,.T.);
#814=FACE_BOUND('',#688,.T.);
#815=FACE_BOUND('',#689,.T.);
#816=FACE_BOUND('',#690,.T.);
#817=FACE_BOUND('',#691,.T.);
#818=FACE_BOUND('',#692,.T.);
#819=FACE_BOUND('',#693,.T.);
#820=FACE_BOUND('',#694,.T.);
#821=FACE_BOUND('',#695,.T.);
#822=FACE_BOUND('',#696,.T.);
#823=FACE_BOUND('',#697,.T.);
#824=FACE_BOUND('',#698,.T.);
#825=FACE_BOUND('',#699,.T.);
#826=FACE_BOUND('',#700,.T.);
#827=FACE_BOUND('',#701,.T.);
#828=FACE_BOUND('',#702,.T.);
#829=FACE_BOUND('',#703,.T.);
#830=FACE_BOUND('',#704,.T.);
#831=FACE_BOUND('',#705,.T.);
#832=FACE_BOUND('',#706,.T.);
#833=FACE_BOUND('',#707,.T.);
#834=FACE_BOUND('',#708,.T.);
#835=FACE_BOUND('',#709,.T.);
#836=FACE_BOUND('',#710,.T.);
#837=FACE_BOUND('',#711,.T.);
#838=FACE_BOUND('',#712,.T.);
#839=FACE_BOUND('',#713,.T.);
#840=FACE_BOUND('',#714,.T.);
#841=FACE_BOUND('',#715,.T.);
#842=FACE_BOUND('',#716,.T.);
#843=FACE_BOUND('',#717,.T.);
#844=FACE_BOUND('',#718,.T.);
#845=(
BOUNDED_SURFACE()
B_SPLINE_SURFACE(3,2,((#1410,#1411,#1412),(#1413,#1414,#1415),(#1416,#1417,
#1418),(#1419,#1420,#1421),(#1422,#1423,#1424),(#1425,#1426,#1427),(#1428,
#1429,#1430),(#1431,#1432,#1433),(#1434,#1435,#1436),(#1437,#1438,#1439),
(#1440,#1441,#1442),(#1443,#1444,#1445),(#1446,#1447,#1448),(#1449,#1450,
#1451),(#1452,#1453,#1454),(#1455,#1456,#1457),(#1458,#1459,#1460),(#1461,
#1462,#1463),(#1464,#1465,#1466)),.UNSPECIFIED.,.F.,.F.,.F.)
B_SPLINE_SURFACE_WITH_KNOTS((4,1,1,1,1,1,1,1,1,1,1,1,1,1,1,1,4),(3,3),(2.11415484966968,
2.2425845751597,2.37101430064971,2.49944402613972,2.62787375162974,2.75630347711975,
2.88473320260977,3.01316292809978,3.14159265358979,3.27002237907981,3.39845210456982,
3.52688183005983,3.65531155554985,3.78374128103986,3.91217100652988,4.04060073201989,
4.1690304575099),(0.,1.),.UNSPECIFIED.)
GEOMETRIC_REPRESENTATION_ITEM()
RATIONAL_B_SPLINE_SURFACE(((1.,0.930778387286889,1.),(1.,0.920601095327514,
1.),(1.,0.898527327328916,1.),(1.,0.861963467452339,1.),(1.,0.824042621851734,
1.),(1.,0.787231387567998,1.),(1.,0.754280130281499,1.),(1.,0.728023689231077,
1.),(1.,0.711032228828773,1.),(1.,0.705144057365434,1.),(1.,0.711032228828774,
1.),(1.,0.728023689231076,1.),(1.,0.7542801302815,1.),(1.,0.787231387567996,
1.),(1.,0.824042621851736,1.),(1.,0.861963467452337,1.),(1.,0.898527327328919,
1.),(1.,0.920601095327514,1.),(1.,0.930778387286889,1.)))
REPRESENTATION_ITEM('')
SURFACE()
);
#846=(
BOUNDED_SURFACE()
B_SPLINE_SURFACE(3,2,((#1497,#1498,#1499),(#1500,#1501,#1502),(#1503,#1504,
#1505),(#1506,#1507,#1508),(#1509,#1510,#1511),(#1512,#1513,#1514),(#1515,
#1516,#1517),(#1518,#1519,#1520),(#1521,#1522,#1523),(#1524,#1525,#1526),
(#1527,#1528,#1529),(#1530,#1531,#1532),(#1533,#1534,#1535),(#1536,#1537,
#1538),(#1539,#1540,#1541),(#1542,#1543,#1544),(#1545,#1546,#1547),(#1548,
#1549,#1550),(#1551,#1552,#1553)),.UNSPECIFIED.,.F.,.F.,.F.)
B_SPLINE_SURFACE_WITH_KNOTS((4,1,1,1,1,1,1,1,1,1,1,1,1,1,1,1,4),(3,3),(5.25574750325948,
5.38417722874949,5.51260695423951,5.64103667972952,5.76946640521953,5.89789613070955,
6.02632585619956,6.15475558168957,6.28318530717959,6.4116150326696,6.54004475815961,
6.66847448364963,6.79690420913964,6.92533393462965,7.05376366011967,7.18219338560968,
7.3106231110997),(0.,1.),.UNSPECIFIED.)
GEOMETRIC_REPRESENTATION_ITEM()
RATIONAL_B_SPLINE_SURFACE(((1.,0.930778387286889,1.),(1.,0.920601095328584,
1.),(1.,0.898527327328421,1.),(1.,0.86196346745247,1.),(1.,0.824042621851698,
1.),(1.,0.787231387568008,1.),(1.,0.754280130281497,1.),(1.,0.728023689231076,
1.),(1.,0.711032228828773,1.),(1.,0.705144057365435,1.),(1.,0.711032228828773,
1.),(1.,0.728023689231077,1.),(1.,0.7542801302815,1.),(1.,0.787231387567997,
1.),(1.,0.824042621851735,1.),(1.,0.861963467452339,1.),(1.,0.898527327328918,
1.),(1.,0.920601095327514,1.),(1.,0.930778387286889,1.)))
REPRESENTATION_ITEM('')
SURFACE()
);
#847=(
BOUNDED_SURFACE()
B_SPLINE_SURFACE(3,2,((#1798,#1799,#1800),(#1801,#1802,#1803),(#1804,#1805,
#1806),(#1807,#1808,#1809),(#1810,#1811,#1812),(#1813,#1814,#1815),(#1816,
#1817,#1818),(#1819,#1820,#1821),(#1822,#1823,#1824),(#1825,#1826,#1827),
(#1828,#1829,#1830)),.UNSPECIFIED.,.F.,.F.,.F.)
B_SPLINE_SURFACE_WITH_KNOTS((4,1,1,1,1,1,1,1,4),(3,3),(2.77555756156289E-17,
0.00448803656454402,0.00897607312908801,0.013464109693632,0.017952146258176,
0.02244018282272,0.026928219387264,0.031416255951808,0.035904292516352),
(0.,1.),.UNSPECIFIED.)
GEOMETRIC_REPRESENTATION_ITEM()
RATIONAL_B_SPLINE_SURFACE(((1.,0.707106781186546,1.),(1.,0.701276998284168,
1.),(1.,0.689406814819078,1.),(1.,0.671602677728525,1.),(1.,0.655208698373731,
1.),(1.,0.647246419213575,1.),(1.,0.655275228562029,1.),(1.,0.671640539329899,
1.),(1.,0.689421573952888,1.),(1.,0.701281085899743,1.),(1.,0.707106781186545,
1.)))
REPRESENTATION_ITEM('')
SURFACE()
);
#848=(
BOUNDED_SURFACE()
B_SPLINE_SURFACE(3,2,((#1831,#1832,#1833),(#1834,#1835,#1836),(#1837,#1838,
#1839),(#1840,#1841,#1842),(#1843,#1844,#1845),(#1846,#1847,#1848),(#1849,
#1850,#1851),(#1852,#1853,#1854),(#1855,#1856,#1857),(#1858,#1859,#1860),
(#1861,#1862,#1863)),.UNSPECIFIED.,.F.,.F.,.F.)
B_SPLINE_SURFACE_WITH_KNOTS((4,1,1,1,1,1,1,1,4),(3,3),(-4.85722573273506E-17,
0.00448803656454394,0.00897607312908793,0.0134641096936319,0.0179521462581759,
0.0224401828227199,0.0269282193872639,0.0314162559518079,0.0359042925163519),
(0.,1.),.UNSPECIFIED.)
GEOMETRIC_REPRESENTATION_ITEM()
RATIONAL_B_SPLINE_SURFACE(((1.,0.707106781186545,1.),(1.,0.701276998287759,
1.),(1.,0.689406814817413,1.),(1.,0.67160267772897,1.),(1.,0.65520869837362,
1.),(1.,0.647246419213574,1.),(1.,0.655275228562146,1.),(1.,0.671640539329434,
1.),(1.,0.68942157395463,1.),(1.,0.701281085895988,1.),(1.,0.707106781186546,
1.)))
REPRESENTATION_ITEM('')
SURFACE()
);
#849=(
BOUNDED_SURFACE()
B_SPLINE_SURFACE(3,2,((#1870,#1871,#1872),(#1873,#1874,#1875),(#1876,#1877,
#1878),(#1879,#1880,#1881),(#1882,#1883,#1884),(#1885,#1886,#1887),(#1888,
#1889,#1890),(#1891,#1892,#1893),(#1894,#1895,#1896),(#1897,#1898,#1899),
(#1900,#1901,#1902)),.UNSPECIFIED.,.F.,.F.,.F.)
B_SPLINE_SURFACE_WITH_KNOTS((4,1,1,1,1,1,1,1,4),(3,3),(2.77555756156289E-17,
0.00448803656454401,0.008976073129088,0.013464109693632,0.017952146258176,
0.02244018282272,0.0269282193872639,0.0314162559518079,0.0359042925163519),
(0.,1.),.UNSPECIFIED.)
GEOMETRIC_REPRESENTATION_ITEM()
RATIONAL_B_SPLINE_SURFACE(((1.,0.707106781186546,1.),(1.,0.701276998285003,
1.),(1.,0.689406814818692,1.),(1.,0.671602677728627,1.),(1.,0.655208698373712,
1.),(1.,0.647246419213549,1.),(1.,0.655275228562152,1.),(1.,0.671640539329432,
1.),(1.,0.68942157395463,1.),(1.,0.701281085895988,1.),(1.,0.707106781186546,
1.)))
REPRESENTATION_ITEM('')
SURFACE()
);
#850=(
BOUNDED_SURFACE()
B_SPLINE_SURFACE(3,2,((#1906,#1907,#1908),(#1909,#1910,#1911),(#1912,#1913,
#1914),(#1915,#1916,#1917),(#1918,#1919,#1920),(#1921,#1922,#1923),(#1924,
#1925,#1926),(#1927,#1928,#1929),(#1930,#1931,#1932),(#1933,#1934,#1935),
(#1936,#1937,#1938)),.UNSPECIFIED.,.F.,.F.,.F.)
B_SPLINE_SURFACE_WITH_KNOTS((4,1,1,1,1,1,1,1,4),(3,3),(6.93889390390723E-18,
0.00448803656454399,0.00897607312908798,0.013464109693632,0.0179521462581759,
0.0224401828227199,0.0269282193872639,0.0314162559518079,0.0359042925163519),
(0.,1.),.UNSPECIFIED.)
GEOMETRIC_REPRESENTATION_ITEM()
RATIONAL_B_SPLINE_SURFACE(((1.,0.707106781186546,1.),(1.,0.701276998285003,
1.),(1.,0.689406814818692,1.),(1.,0.671602677728625,1.),(1.,0.655208698373718,
1.),(1.,0.647246419213525,1.),(1.,0.655275228562241,1.),(1.,0.6716405393291,
1.),(1.,0.68942157395587,1.),(1.,0.701281085893316,1.),(1.,0.707106781186546,
1.)))
REPRESENTATION_ITEM('')
SURFACE()
);
#851=ADVANCED_FACE('',(#719),#845,.F.);
#852=ADVANCED_FACE('',(#720),#846,.F.);
#853=ADVANCED_FACE('',(#721),#44,.T.);
#854=ADVANCED_FACE('',(#722),#45,.T.);
#855=ADVANCED_FACE('',(#723),#46,.T.);
#856=ADVANCED_FACE('',(#724,#725),#47,.F.);
#857=ADVANCED_FACE('',(#726,#727),#48,.F.);
#858=ADVANCED_FACE('',(#728,#729),#49,.F.);
#859=ADVANCED_FACE('',(#730,#731,#732,#733,#734,#735),#35,.T.);
#860=ADVANCED_FACE('',(#736,#737,#738,#739,#740,#741),#36,.F.);
#861=ADVANCED_FACE('',(#742),#50,.T.);
#862=ADVANCED_FACE('',(#743,#744,#745,#746,#747,#748,#749,#750),#37,.T.);
#863=ADVANCED_FACE('',(#751),#28,.T.);
#864=ADVANCED_FACE('',(#752),#14,.F.);
#865=ADVANCED_FACE('',(#753),#29,.F.);
#866=ADVANCED_FACE('',(#754),#30,.F.);
#867=ADVANCED_FACE('',(#755),#15,.F.);
#868=ADVANCED_FACE('',(#756),#16,.F.);
#869=ADVANCED_FACE('',(#757),#17,.F.);
#870=ADVANCED_FACE('',(#758),#31,.F.);
#871=ADVANCED_FACE('',(#759),#32,.F.);
#872=ADVANCED_FACE('',(#760),#33,.F.);
#873=ADVANCED_FACE('',(#761,#762),#18,.T.);
#874=ADVANCED_FACE('',(#763,#764),#19,.T.);
#875=ADVANCED_FACE('',(#765,#766),#20,.T.);
#876=ADVANCED_FACE('',(#767,#768,#769,#770,#771,#772),#38,.F.);
#877=ADVANCED_FACE('',(#773,#774),#51,.T.);
#878=ADVANCED_FACE('',(#775,#776),#52,.F.);
#879=ADVANCED_FACE('',(#777,#778),#53,.F.);
#880=ADVANCED_FACE('',(#779,#780),#54,.F.);
#881=ADVANCED_FACE('',(#781,#782),#55,.F.);
#882=ADVANCED_FACE('',(#783,#784,#785,#786,#787,#788),#39,.F.);
#883=ADVANCED_FACE('',(#789,#790),#56,.T.);
#884=ADVANCED_FACE('',(#791,#792),#57,.F.);
#885=ADVANCED_FACE('',(#793,#794),#58,.F.);
#886=ADVANCED_FACE('',(#795,#796),#59,.F.);
#887=ADVANCED_FACE('',(#797,#798),#60,.F.);
#888=ADVANCED_FACE('',(#799,#800),#61,.T.);
#889=ADVANCED_FACE('',(#801,#802,#803,#804,#805,#806,#807,#808),#40,.F.);
#890=ADVANCED_FACE('',(#809,#810),#62,.F.);
#891=ADVANCED_FACE('',(#811,#812),#63,.F.);
#892=ADVANCED_FACE('',(#813,#814),#64,.F.);
#893=ADVANCED_FACE('',(#815,#816),#65,.F.);
#894=ADVANCED_FACE('',(#817,#818),#66,.F.);
#895=ADVANCED_FACE('',(#819,#820),#67,.F.);
#896=ADVANCED_FACE('',(#821),#21,.F.);
#897=ADVANCED_FACE('',(#822),#847,.F.);
#898=ADVANCED_FACE('',(#823),#848,.F.);
#899=ADVANCED_FACE('',(#824),#22,.F.);
#900=ADVANCED_FACE('',(#825),#23,.F.);
#901=ADVANCED_FACE('',(#826),#849,.F.);
#902=ADVANCED_FACE('',(#827),#24,.F.);
#903=ADVANCED_FACE('',(#828),#850,.F.);
#904=ADVANCED_FACE('',(#829,#830),#68,.T.);
#905=ADVANCED_FACE('',(#831,#832),#25,.F.);
#906=ADVANCED_FACE('',(#833),#34,.T.);
#907=ADVANCED_FACE('',(#834,#835),#69,.T.);
#908=ADVANCED_FACE('',(#836,#837),#26,.F.);
#909=ADVANCED_FACE('',(#838,#839),#70,.T.);
#910=ADVANCED_FACE('',(#840,#841),#27,.F.);
#911=ADVANCED_FACE('',(#842),#41,.T.);
#912=ADVANCED_FACE('',(#843),#42,.T.);
#913=ADVANCED_FACE('',(#844),#43,.F.);
#914=CLOSED_SHELL('',(#851,#852,#853,#854,#855,#856,#857,#858,#859,#860,
#861,#862,#863,#864,#865,#866,#867,#868,#869,#870,#871,#872,#873,#874,#875,
#876,#877,#878,#879,#880,#881,#882,#883,#884,#885,#886,#887,#888,#889,#890,
#891,#892,#893,#894,#895,#896,#897,#898,#899,#900,#901,#902,#903));
#915=CLOSED_SHELL('',(#904,#905,#906,#907,#908,#909,#910,#911,#912,#913));
#916=STYLED_ITEM('',(#918),#932);
#917=STYLED_ITEM('',(#919),#933);
#918=PRESENTATION_STYLE_ASSIGNMENT((#920));
#919=PRESENTATION_STYLE_ASSIGNMENT((#921));
#920=SURFACE_STYLE_USAGE(.BOTH.,#922);
#921=SURFACE_STYLE_USAGE(.BOTH.,#923);
#922=SURFACE_SIDE_STYLE('',(#924));
#923=SURFACE_SIDE_STYLE('',(#925));
#924=SURFACE_STYLE_FILL_AREA(#926);
#925=SURFACE_STYLE_FILL_AREA(#927);
#926=FILL_AREA_STYLE('',(#928));
#927=FILL_AREA_STYLE('',(#929));
#928=FILL_AREA_STYLE_COLOUR('',#930);
#929=FILL_AREA_STYLE_COLOUR('',#931);
#930=COLOUR_RGB('',0.529411764705882,0.568627450980392,0.6);
#931=COLOUR_RGB('',0.549019607843137,0.305882352941177,0.0705882352941177);
#932=MANIFOLD_SOLID_BREP('Model',#914);
#933=MANIFOLD_SOLID_BREP('Core',#915);
#934=SHAPE_DEFINITION_REPRESENTATION(#1990,#936);
#935=SHAPE_DEFINITION_REPRESENTATION(#1991,#937);
#936=SHAPE_REPRESENTATION('Model',(#938),#1980);
#937=SHAPE_REPRESENTATION('Core',(#1074),#1981);
#938=AXIS2_PLACEMENT_3D('',#1409,#1095,#1096);
#939=AXIS2_PLACEMENT_3D('',#1467,#1097,#1098);
#940=AXIS2_PLACEMENT_3D('',#1479,#1099,#1100);
#941=AXIS2_PLACEMENT_3D('',#1481,#1101,#1102);
#942=AXIS2_PLACEMENT_3D('',#1483,#1103,#1104);
#943=AXIS2_PLACEMENT_3D('',#1494,#1105,#1106);
#944=AXIS2_PLACEMENT_3D('',#1496,#1107,#1108);
#945=AXIS2_PLACEMENT_3D('',#1554,#1109,#1110);
#946=AXIS2_PLACEMENT_3D('',#1566,#1111,#1112);
#947=AXIS2_PLACEMENT_3D('',#1568,#1113,#1114);
#948=AXIS2_PLACEMENT_3D('',#1570,#1115,#1116);
#949=AXIS2_PLACEMENT_3D('',#1581,#1117,#1118);
#950=AXIS2_PLACEMENT_3D('',#1583,#1119,#1120);
#951=AXIS2_PLACEMENT_3D('',#1584,#1121,#1122);
#952=AXIS2_PLACEMENT_3D('',#1585,#1123,#1124);
#953=AXIS2_PLACEMENT_3D('',#1586,#1125,#1126);
#954=AXIS2_PLACEMENT_3D('',#1587,#1127,#1128);
#955=AXIS2_PLACEMENT_3D('',#1588,#1129,#1130);
#956=AXIS2_PLACEMENT_3D('',#1589,#1131,#1132);
#957=AXIS2_PLACEMENT_3D('',#1590,#1133,#1134);
#958=AXIS2_PLACEMENT_3D('',#1591,#1135,#1136);
#959=AXIS2_PLACEMENT_3D('',#1592,#1137,#1138);
#960=AXIS2_PLACEMENT_3D('',#1593,#1139,#1140);
#961=AXIS2_PLACEMENT_3D('',#1594,#1141,#1142);
#962=AXIS2_PLACEMENT_3D('',#1596,#1143,#1144);
#963=AXIS2_PLACEMENT_3D('',#1598,#1145,#1146);
#964=AXIS2_PLACEMENT_3D('',#1599,#1147,#1148);
#965=AXIS2_PLACEMENT_3D('',#1601,#1149,#1150);
#966=AXIS2_PLACEMENT_3D('',#1603,#1151,#1152);
#967=AXIS2_PLACEMENT_3D('',#1604,#1153,#1154);
#968=AXIS2_PLACEMENT_3D('',#1606,#1155,#1156);
#969=AXIS2_PLACEMENT_3D('',#1608,#1157,#1158);
#970=AXIS2_PLACEMENT_3D('',#1609,#1159,#1160);
#971=AXIS2_PLACEMENT_3D('',#1611,#1161,#1162);
#972=AXIS2_PLACEMENT_3D('',#1613,#1163,#1164);
#973=AXIS2_PLACEMENT_3D('',#1615,#1165,#1166);
#974=AXIS2_PLACEMENT_3D('',#1617,#1167,#1168);
#975=AXIS2_PLACEMENT_3D('',#1619,#1169,#1170);
#976=AXIS2_PLACEMENT_3D('',#1620,#1171,#1172);
#977=AXIS2_PLACEMENT_3D('',#1622,#1173,#1174);
#978=AXIS2_PLACEMENT_3D('',#1624,#1175,#1176);
#979=AXIS2_PLACEMENT_3D('',#1626,#1177,#1178);
#980=AXIS2_PLACEMENT_3D('',#1628,#1179,#1180);
#981=AXIS2_PLACEMENT_3D('',#1630,#1181,#1182);
#982=AXIS2_PLACEMENT_3D('',#1631,#1183,#1184);
#983=AXIS2_PLACEMENT_3D('',#1632,#1185,#1186);
#984=AXIS2_PLACEMENT_3D('',#1633,#1187,#1188);
#985=AXIS2_PLACEMENT_3D('',#1634,#1189,#1190);
#986=AXIS2_PLACEMENT_3D('',#1636,#1191,#1192);
#987=AXIS2_PLACEMENT_3D('',#1638,#1193,#1194);
#988=AXIS2_PLACEMENT_3D('',#1640,#1195,#1196);
#989=AXIS2_PLACEMENT_3D('',#1642,#1197,#1198);
#990=AXIS2_PLACEMENT_3D('',#1644,#1199,#1200);
#991=AXIS2_PLACEMENT_3D('',#1646,#1201,#1202);
#992=AXIS2_PLACEMENT_3D('',#1648,#1203,#1204);
#993=AXIS2_PLACEMENT_3D('',#1649,#1205,#1206);
#994=AXIS2_PLACEMENT_3D('',#1652,#1207,#1208);
#995=AXIS2_PLACEMENT_3D('',#1654,#1209,#1210);
#996=AXIS2_PLACEMENT_3D('',#1656,#1211,#1212);
#997=AXIS2_PLACEMENT_3D('',#1657,#1213,#1214);
#998=AXIS2_PLACEMENT_3D('',#1658,#1215,#1216);
#999=AXIS2_PLACEMENT_3D('',#1659,#1217,#1218);
#1000=AXIS2_PLACEMENT_3D('',#1660,#1219,#1220);
#1001=AXIS2_PLACEMENT_3D('',#1661,#1221,#1222);
#1002=AXIS2_PLACEMENT_3D('',#1662,#1223,#1224);
#1003=AXIS2_PLACEMENT_3D('',#1663,#1225,#1226);
#1004=AXIS2_PLACEMENT_3D('',#1664,#1227,#1228);
#1005=AXIS2_PLACEMENT_3D('',#1665,#1229,#1230);
#1006=AXIS2_PLACEMENT_3D('',#1666,#1231,#1232);
#1007=AXIS2_PLACEMENT_3D('',#1667,#1233,#1234);
#1008=AXIS2_PLACEMENT_3D('',#1668,#1235,#1236);
#1009=AXIS2_PLACEMENT_3D('',#1669,#1237,#1238);
#1010=AXIS2_PLACEMENT_3D('',#1670,#1239,#1240);
#1011=AXIS2_PLACEMENT_3D('',#1671,#1241,#1242);
#1012=AXIS2_PLACEMENT_3D('',#1672,#1243,#1244);
#1013=AXIS2_PLACEMENT_3D('',#1673,#1245,#1246);
#1014=AXIS2_PLACEMENT_3D('',#1674,#1247,#1248);
#1015=AXIS2_PLACEMENT_3D('',#1677,#1249,#1250);
#1016=AXIS2_PLACEMENT_3D('',#1679,#1251,#1252);
#1017=AXIS2_PLACEMENT_3D('',#1681,#1253,#1254);
#1018=AXIS2_PLACEMENT_3D('',#1682,#1255,#1256);
#1019=AXIS2_PLACEMENT_3D('',#1687,#1257,#1258);
#1020=AXIS2_PLACEMENT_3D('',#1692,#1259,#1260);
#1021=AXIS2_PLACEMENT_3D('',#1693,#1261,#1262);
#1022=AXIS2_PLACEMENT_3D('',#1694,#1263,#1264);
#1023=AXIS2_PLACEMENT_3D('',#1706,#1265,#1266);
#1024=AXIS2_PLACEMENT_3D('',#1708,#1267,#1268);
#1025=AXIS2_PLACEMENT_3D('',#1710,#1269,#1270);
#1026=AXIS2_PLACEMENT_3D('',#1712,#1271,#1272);
#1027=AXIS2_PLACEMENT_3D('',#1714,#1273,#1274);
#1028=AXIS2_PLACEMENT_3D('',#1716,#1275,#1276);
#1029=AXIS2_PLACEMENT_3D('',#1717,#1277,#1278);
#1030=AXIS2_PLACEMENT_3D('',#1718,#1279,#1280);
#1031=AXIS2_PLACEMENT_3D('',#1719,#1281,#1282);
#1032=AXIS2_PLACEMENT_3D('',#1720,#1283,#1284);
#1033=AXIS2_PLACEMENT_3D('',#1721,#1285,#1286);
#1034=AXIS2_PLACEMENT_3D('',#1722,#1287,#1288);
#1035=AXIS2_PLACEMENT_3D('',#1734,#1289,#1290);
#1036=AXIS2_PLACEMENT_3D('',#1736,#1291,#1292);
#1037=AXIS2_PLACEMENT_3D('',#1738,#1293,#1294);
#1038=AXIS2_PLACEMENT_3D('',#1740,#1295,#1296);
#1039=AXIS2_PLACEMENT_3D('',#1742,#1297,#1298);
#1040=AXIS2_PLACEMENT_3D('',#1744,#1299,#1300);
#1041=AXIS2_PLACEMENT_3D('',#1745,#1301,#1302);
#1042=AXIS2_PLACEMENT_3D('',#1746,#1303,#1304);
#1043=AXIS2_PLACEMENT_3D('',#1747,#1305,#1306);
#1044=AXIS2_PLACEMENT_3D('',#1748,#1307,#1308);
#1045=AXIS2_PLACEMENT_3D('',#1749,#1309,#1310);
#1046=AXIS2_PLACEMENT_3D('',#1750,#1311,#1312);
#1047=AXIS2_PLACEMENT_3D('',#1752,#1313,#1314);
#1048=AXIS2_PLACEMENT_3D('',#1753,#1315,#1316);
#1049=AXIS2_PLACEMENT_3D('',#1766,#1317,#1318);
#1050=AXIS2_PLACEMENT_3D('',#1777,#1319,#1320);
#1051=AXIS2_PLACEMENT_3D('',#1779,#1321,#1322);
#1052=AXIS2_PLACEMENT_3D('',#1781,#1323,#1324);
#1053=AXIS2_PLACEMENT_3D('',#1783,#1325,#1326);
#1054=AXIS2_PLACEMENT_3D('',#1785,#1327,#1328);
#1055=AXIS2_PLACEMENT_3D('',#1787,#1329,#1330);
#1056=AXIS2_PLACEMENT_3D('',#1789,#1331,#1332);
#1057=AXIS2_PLACEMENT_3D('',#1790,#1333,#1334);
#1058=AXIS2_PLACEMENT_3D('',#1791,#1335,#1336);
#1059=AXIS2_PLACEMENT_3D('',#1792,#1337,#1338);
#1060=AXIS2_PLACEMENT_3D('',#1793,#1339,#1340);
#1061=AXIS2_PLACEMENT_3D('',#1794,#1341,#1342);
#1062=AXIS2_PLACEMENT_3D('',#1795,#1343,#1344);
#1063=AXIS2_PLACEMENT_3D('',#1796,#1345,#1346);
#1064=AXIS2_PLACEMENT_3D('',#1797,#1347,#1348);
#1065=AXIS2_PLACEMENT_3D('',#1864,#1349,#1350);
#1066=AXIS2_PLACEMENT_3D('',#1865,#1351,#1352);
#1067=AXIS2_PLACEMENT_3D('',#1866,#1353,#1354);
#1068=AXIS2_PLACEMENT_3D('',#1867,#1355,#1356);
#1069=AXIS2_PLACEMENT_3D('',#1868,#1357,#1358);
#1070=AXIS2_PLACEMENT_3D('',#1869,#1359,#1360);
#1071=AXIS2_PLACEMENT_3D('',#1903,#1361,#1362);
#1072=AXIS2_PLACEMENT_3D('',#1904,#1363,#1364);
#1073=AXIS2_PLACEMENT_3D('',#1905,#1365,#1366);
#1074=AXIS2_PLACEMENT_3D('',#1939,#1367,#1368);
#1075=AXIS2_PLACEMENT_3D('',#1940,#1369,#1370);
#1076=AXIS2_PLACEMENT_3D('',#1941,#1371,#1372);
#1077=AXIS2_PLACEMENT_3D('',#1943,#1373,#1374);
#1078=AXIS2_PLACEMENT_3D('',#1945,#1375,#1376);
#1079=AXIS2_PLACEMENT_3D('',#1946,#1377,#1378);
#1080=AXIS2_PLACEMENT_3D('',#1954,#1379,#1380);
#1081=AXIS2_PLACEMENT_3D('',#1960,#1381,#1382);
#1082=AXIS2_PLACEMENT_3D('',#1961,#1383,#1384);
#1083=AXIS2_PLACEMENT_3D('',#1962,#1385,#1386);
#1084=AXIS2_PLACEMENT_3D('',#1963,#1387,#1388);
#1085=AXIS2_PLACEMENT_3D('',#1964,#1389,#1390);
#1086=AXIS2_PLACEMENT_3D('',#1966,#1391,#1392);
#1087=AXIS2_PLACEMENT_3D('',#1968,#1393,#1394);
#1088=AXIS2_PLACEMENT_3D('',#1969,#1395,#1396);
#1089=AXIS2_PLACEMENT_3D('',#1970,#1397,#1398);
#1090=AXIS2_PLACEMENT_3D('',#1972,#1399,#1400);
#1091=AXIS2_PLACEMENT_3D('',#1974,#1401,#1402);
#1092=AXIS2_PLACEMENT_3D('',#1975,#1403,#1404);
#1093=AXIS2_PLACEMENT_3D('',#1976,#1405,#1406);
#1094=AXIS2_PLACEMENT_3D('',#1977,#1407,#1408);
#1095=DIRECTION('',(0.,0.,1.));
#1096=DIRECTION('',(1.,0.,0.));
#1097=DIRECTION('',(0.,0.955960137675865,-0.293496533496976));
#1098=DIRECTION('',(0.,-0.293496533496976,-0.955960137675865));
#1099=DIRECTION('',(0.,0.955960137675865,-0.293496533496976));
#1100=DIRECTION('',(0.,-0.293496533496976,-0.955960137675865));
#1101=DIRECTION('',(-0.392772235532953,0.650280697466274,0.650280697466274));
#1102=DIRECTION('',(0.,-0.707106781186548,0.707106781186547));
#1103=DIRECTION('',(0.,0.293496533496976,-0.955960137675865));
#1104=DIRECTION('',(0.,-0.955960137675865,-0.293496533496976));
#1105=DIRECTION('',(0.,0.293496533496976,-0.955960137675865));
#1106=DIRECTION('',(0.,-0.955960137675865,-0.293496533496976));
#1107=DIRECTION('',(0.392772235532953,0.650280697466274,0.650280697466274));
#1108=DIRECTION('',(0.,-0.707106781186547,0.707106781186548));
#1109=DIRECTION('',(0.,0.293496533496976,0.955960137675865));
#1110=DIRECTION('',(0.,-0.955960137675865,0.293496533496976));
#1111=DIRECTION('',(0.,0.293496533496976,0.955960137675865));
#1112=DIRECTION('',(0.,-0.955960137675865,0.293496533496976));
#1113=DIRECTION('',(-0.392772235532953,-0.650280697466274,0.650280697466274));
#1114=DIRECTION('',(0.,-0.707106781186548,-0.707106781186548));
#1115=DIRECTION('',(0.,0.955960137675865,0.293496533496976));
#1116=DIRECTION('',(0.,-0.293496533496976,0.955960137675865));
#1117=DIRECTION('',(0.,0.955960137675865,0.293496533496976));
#1118=DIRECTION('',(0.,-0.293496533496976,0.955960137675865));
#1119=DIRECTION('',(0.392772235532953,-0.650280697466274,0.650280697466274));
#1120=DIRECTION('',(0.,-0.707106781186548,-0.707106781186548));
#1121=DIRECTION('',(0.,0.,-1.));
#1122=DIRECTION('',(-1.,0.,0.));
#1123=DIRECTION('',(0.,0.,1.));
#1124=DIRECTION('',(1.,0.,0.));
#1125=DIRECTION('',(0.,0.,-1.));
#1126=DIRECTION('',(-1.,0.,0.));
#1127=DIRECTION('',(0.,0.,-1.));
#1128=DIRECTION('',(-1.,0.,0.));
#1129=DIRECTION('',(0.,0.,1.));
#1130=DIRECTION('',(1.,0.,0.));
#1131=DIRECTION('',(0.,0.,-1.));
#1132=DIRECTION('',(-1.,0.,0.));
#1133=DIRECTION('',(0.,-1.,0.));
#1134=DIRECTION('',(0.,0.,-1.));
#1135=DIRECTION('',(0.,1.,0.));
#1136=DIRECTION('',(0.,0.,1.));
#1137=DIRECTION('',(0.,-1.,0.));
#1138=DIRECTION('',(0.,0.,-1.));
#1139=DIRECTION('',(0.,-1.,0.));
#1140=DIRECTION('',(0.,0.,-1.));
#1141=DIRECTION('',(0.,1.,0.));
#1142=DIRECTION('',(0.,0.,1.));
#1143=DIRECTION('',(0.,-1.,0.));
#1144=DIRECTION('',(0.,0.,-1.));
#1145=DIRECTION('',(0.,-1.,0.));
#1146=DIRECTION('',(0.,0.,-1.));
#1147=DIRECTION('',(0.,-1.,0.));
#1148=DIRECTION('',(0.,0.,-1.));
#1149=DIRECTION('',(0.,-1.,0.));
#1150=DIRECTION('',(0.,0.,-1.));
#1151=DIRECTION('',(0.,0.,-1.));
#1152=DIRECTION('',(-1.,0.,0.));
#1153=DIRECTION('',(0.,0.,-1.));
#1154=DIRECTION('',(-1.,0.,0.));
#1155=DIRECTION('',(0.,0.,1.));
#1156=DIRECTION('',(1.,0.,0.));
#1157=DIRECTION('',(0.,-1.,0.));
#1158=DIRECTION('',(1.,0.,0.));
#1159=DIRECTION('',(0.,-1.,0.));
#1160=DIRECTION('',(0.,0.,-1.));
#1161=DIRECTION('',(0.,-1.,0.));
#1162=DIRECTION('',(0.,0.,-1.));
#1163=DIRECTION('',(0.,-1.,0.));
#1164=DIRECTION('',(0.,0.,-1.));
#1165=DIRECTION('',(0.,-1.,0.));
#1166=DIRECTION('',(0.,0.,-1.));
#1167=DIRECTION('',(0.,-1.,0.));
#1168=DIRECTION('',(0.,0.,-1.));
#1169=DIRECTION('',(0.,-1.,0.));
#1170=DIRECTION('',(1.,0.,0.));
#1171=DIRECTION('',(0.,-1.,0.));
#1172=DIRECTION('',(0.,0.,-1.));
#1173=DIRECTION('',(0.,-1.,0.));
#1174=DIRECTION('',(0.,0.,-1.));
#1175=DIRECTION('',(0.,-1.,0.));
#1176=DIRECTION('',(0.,0.,-1.));
#1177=DIRECTION('',(0.,-1.,0.));
#1178=DIRECTION('',(0.,0.,-1.));
#1179=DIRECTION('',(0.,-1.,0.));
#1180=DIRECTION('',(0.,0.,-1.));
#1181=DIRECTION('',(0.,-1.,0.));
#1182=DIRECTION('',(0.,0.,-1.));
#1183=DIRECTION('',(0.,-1.,0.));
#1184=DIRECTION('',(0.,0.,-1.));
#1185=DIRECTION('',(0.,1.,0.));
#1186=DIRECTION('',(0.,0.,1.));
#1187=DIRECTION('',(0.,0.,1.));
#1188=DIRECTION('',(1.,0.,0.));
#1189=DIRECTION('',(0.,0.,1.));
#1190=DIRECTION('',(1.,0.,0.));
#1191=DIRECTION('',(0.,0.,1.));
#1192=DIRECTION('',(1.,0.,0.));
#1193=DIRECTION('',(0.,0.,1.));
#1194=DIRECTION('',(1.,0.,0.));
#1195=DIRECTION('',(0.,0.,1.));
#1196=DIRECTION('',(1.,0.,0.));
#1197=DIRECTION('',(0.,0.,1.));
#1198=DIRECTION('',(1.,0.,0.));
#1199=DIRECTION('',(0.,0.,1.));
#1200=DIRECTION('',(1.,0.,0.));
#1201=DIRECTION('',(0.,0.,1.));
#1202=DIRECTION('',(1.,0.,0.));
#1203=DIRECTION('',(0.,1.,0.));
#1204=DIRECTION('',(-1.,0.,0.));
#1205=DIRECTION('',(0.,0.,-1.));
#1206=DIRECTION('',(-1.,0.,0.));
#1207=DIRECTION('',(0.,-1.,0.));
#1208=DIRECTION('',(0.,0.,-1.));
#1209=DIRECTION('',(0.,0.,-1.));
#1210=DIRECTION('',(-1.,0.,0.));
#1211=DIRECTION('',(0.,1.,0.));
#1212=DIRECTION('',(0.,0.,1.));
#1213=DIRECTION('',(0.,1.,0.));
#1214=DIRECTION('',(0.,0.,1.));
#1215=DIRECTION('',(0.517013720822994,-1.51305347284973E-16,-0.855977109787851));
#1216=DIRECTION('',(-0.855977109787851,0.,-0.517013720822994));
#1217=DIRECTION('',(-0.517013720822994,-3.02610694569946E-16,-0.855977109787852));
#1218=DIRECTION('',(-0.855977109787852,0.,0.517013720822994));
#1219=DIRECTION('',(0.760364596686913,0.459263366765273,-0.459263366765273));
#1220=DIRECTION('',(-0.517013720822994,0.,-0.855977109787851));
#1221=DIRECTION('',(-0.517013720822994,0.855977109787851,1.51305347284973E-16));
#1222=DIRECTION('',(-0.855977109787851,-0.517013720822994,0.));
#1223=DIRECTION('',(-0.760364596686913,0.459263366765273,-0.459263366765273));
#1224=DIRECTION('',(-0.517013720822994,-0.855977109787851,0.));
#1225=DIRECTION('',(0.517013720822995,0.855977109787851,1.51305347284973E-16));
#1226=DIRECTION('',(-0.855977109787851,0.517013720822995,0.));
#1227=DIRECTION('',(0.,0.,-1.));
#1228=DIRECTION('',(-1.,0.,0.));
#1229=DIRECTION('',(-0.517013720823123,-0.855977109787774,-8.88162388562791E-14));
#1230=DIRECTION('',(0.855977109787774,-0.517013720823123,0.));
#1231=DIRECTION('',(0.,-1.,0.));
#1232=DIRECTION('',(0.,0.,-1.));
#1233=DIRECTION('',(0.517013720822994,3.02610694569946E-16,-0.855977109787851));
#1234=DIRECTION('',(-0.855977109787852,0.,-0.517013720822994));
#1235=DIRECTION('',(-0.517013720822995,-3.28332603608391E-14,-0.855977109787851));
#1236=DIRECTION('',(-0.855977109787851,0.,0.517013720822995));
#1237=DIRECTION('',(0.,0.,-1.));
#1238=DIRECTION('',(-1.,0.,0.));
#1239=DIRECTION('',(0.517013720822995,-0.855977109787851,4.53916041854919E-16));
#1240=DIRECTION('',(0.855977109787851,0.517013720822995,0.));
#1241=DIRECTION('',(0.760364596686932,-0.459263366765249,-0.459263366765267));
#1242=DIRECTION('',(-0.51701372082298,0.,-0.85597710978786));
#1243=DIRECTION('',(-0.760364596686913,-0.459263366765273,-0.459263366765273));
#1244=DIRECTION('',(0.517013720822995,-0.855977109787851,0.));
#1245=DIRECTION('',(0.,1.,0.));
#1246=DIRECTION('',(-1.,0.,0.));
#1247=DIRECTION('',(0.,0.,-1.));
#1248=DIRECTION('',(-1.,0.,0.));
#1249=DIRECTION('',(0.,-1.,0.));
#1250=DIRECTION('',(0.,0.,-1.));
#1251=DIRECTION('',(0.,0.,-1.));
#1252=DIRECTION('',(-1.,0.,0.));
#1253=DIRECTION('',(0.,1.,0.));
#1254=DIRECTION('',(0.,0.,1.));
#1255=DIRECTION('',(0.,1.,0.));
#1256=DIRECTION('',(0.,0.,1.));
#1257=DIRECTION('',(0.,-1.,0.));
#1258=DIRECTION('',(0.,0.,-1.));
#1259=DIRECTION('',(0.,0.,-1.));
#1260=DIRECTION('',(-1.,0.,0.));
#1261=DIRECTION('',(0.,-1.,0.));
#1262=DIRECTION('',(1.,0.,0.));
#1263=DIRECTION('',(0.,-1.,0.));
#1264=DIRECTION('',(0.,0.,-1.));
#1265=DIRECTION('',(0.,-1.,0.));
#1266=DIRECTION('',(0.,0.,-1.));
#1267=DIRECTION('',(0.,-1.,0.));
#1268=DIRECTION('',(0.,0.,-1.));
#1269=DIRECTION('',(0.,-1.,0.));
#1270=DIRECTION('',(0.,0.,-1.));
#1271=DIRECTION('',(0.,-1.,0.));
#1272=DIRECTION('',(0.,0.,-1.));
#1273=DIRECTION('',(0.,-1.,0.));
#1274=DIRECTION('',(0.,0.,-1.));
#1275=DIRECTION('',(0.,-1.,0.));
#1276=DIRECTION('',(0.,0.,-1.));
#1277=DIRECTION('',(0.,-1.,0.));
#1278=DIRECTION('',(0.,0.,-1.));
#1279=DIRECTION('',(0.,-1.,0.));
#1280=DIRECTION('',(0.,0.,-1.));
#1281=DIRECTION('',(0.,-1.,0.));
#1282=DIRECTION('',(0.,0.,-1.));
#1283=DIRECTION('',(0.,-1.,0.));
#1284=DIRECTION('',(0.,0.,-1.));
#1285=DIRECTION('',(0.,1.,0.));
#1286=DIRECTION('',(1.,0.,0.));
#1287=DIRECTION('',(0.,1.,0.));
#1288=DIRECTION('',(0.,0.,1.));
#1289=DIRECTION('',(0.,1.,0.));
#1290=DIRECTION('',(0.,0.,1.));
#1291=DIRECTION('',(0.,1.,0.));
#1292=DIRECTION('',(0.,0.,1.));
#1293=DIRECTION('',(0.,1.,0.));
#1294=DIRECTION('',(0.,0.,1.));
#1295=DIRECTION('',(0.,1.,0.));
#1296=DIRECTION('',(0.,0.,1.));
#1297=DIRECTION('',(0.,-1.,0.));
#1298=DIRECTION('',(0.,0.,-1.));
#1299=DIRECTION('',(0.,1.,0.));
#1300=DIRECTION('',(0.,0.,1.));
#1301=DIRECTION('',(0.,1.,0.));
#1302=DIRECTION('',(0.,0.,1.));
#1303=DIRECTION('',(0.,1.,0.));
#1304=DIRECTION('',(0.,0.,1.));
#1305=DIRECTION('',(0.,1.,0.));
#1306=DIRECTION('',(0.,0.,1.));
#1307=DIRECTION('',(0.,1.,0.));
#1308=DIRECTION('',(0.,0.,1.));
#1309=DIRECTION('',(0.,0.,1.));
#1310=DIRECTION('',(1.,0.,0.));
#1311=DIRECTION('',(0.,0.,1.));
#1312=DIRECTION('',(1.,0.,0.));
#1313=DIRECTION('',(0.,0.,1.));
#1314=DIRECTION('',(1.,0.,0.));
#1315=DIRECTION('',(0.,0.,1.));
#1316=DIRECTION('',(1.,0.,0.));
#1317=DIRECTION('',(0.,0.,1.));
#1318=DIRECTION('',(1.,0.,0.));
#1319=DIRECTION('',(0.,0.,1.));
#1320=DIRECTION('',(1.,0.,0.));
#1321=DIRECTION('',(0.,0.,1.));
#1322=DIRECTION('',(1.,0.,0.));
#1323=DIRECTION('',(0.,0.,1.));
#1324=DIRECTION('',(1.,0.,0.));
#1325=DIRECTION('',(0.,0.,1.));
#1326=DIRECTION('',(1.,0.,0.));
#1327=DIRECTION('',(0.,0.,1.));
#1328=DIRECTION('',(1.,0.,0.));
#1329=DIRECTION('',(0.,0.,1.));
#1330=DIRECTION('',(1.,0.,0.));
#1331=DIRECTION('',(0.,0.,1.));
#1332=DIRECTION('',(1.,0.,0.));
#1333=DIRECTION('',(0.,0.,1.));
#1334=DIRECTION('',(1.,0.,0.));
#1335=DIRECTION('',(0.,0.,1.));
#1336=DIRECTION('',(1.,0.,0.));
#1337=DIRECTION('',(0.,0.,1.));
#1338=DIRECTION('',(1.,0.,0.));
#1339=DIRECTION('',(0.,0.,1.));
#1340=DIRECTION('',(1.,0.,0.));
#1341=DIRECTION('',(0.,0.,1.));
#1342=DIRECTION('',(1.,0.,0.));
#1343=DIRECTION('',(0.,-1.,0.));
#1344=DIRECTION('',(0.,0.,-1.));
#1345=DIRECTION('',(-0.897807017543859,7.88580714040534E-16,-0.440389099829913));
#1346=DIRECTION('',(-0.440389099829913,0.,0.897807017543859));
#1347=DIRECTION('',(0.89780701754386,0.,-0.44038909982991));
#1348=DIRECTION('',(-0.440389099829911,0.,-0.89780701754386));
#1349=DIRECTION('',(0.89780701754386,-0.44038909982991,0.));
#1350=DIRECTION('',(0.44038909982991,0.89780701754386,0.));
#1351=DIRECTION('',(-0.89780701754386,-0.440389099829911,0.));
#1352=DIRECTION('',(0.440389099829911,-0.89780701754386,0.));
#1353=DIRECTION('',(0.,0.,1.));
#1354=DIRECTION('',(1.,0.,0.));
#1355=DIRECTION('',(0.89780701754386,-0.44038909982991,0.));
#1356=DIRECTION('',(0.440389099829911,0.89780701754386,0.));
#1357=DIRECTION('',(0.,0.,1.));
#1358=DIRECTION('',(1.,0.,0.));
#1359=DIRECTION('',(-0.897807017543859,-0.440389099829912,7.73623605103031E-16));
#1360=DIRECTION('',(0.440389099829912,-0.897807017543859,0.));
#1361=DIRECTION('',(0.,1.,0.));
#1362=DIRECTION('',(0.,0.,1.));
#1363=DIRECTION('',(0.897807017543859,-7.88580714040535E-16,-0.440389099829912));
#1364=DIRECTION('',(-0.440389099829912,0.,-0.897807017543859));
#1365=DIRECTION('',(-0.89780701754386,0.,-0.44038909982991));
#1366=DIRECTION('',(-0.44038909982991,0.,0.89780701754386));
#1367=DIRECTION('',(0.,0.,1.));
#1368=DIRECTION('',(1.,0.,0.));
#1369=DIRECTION('',(0.,0.,-1.));
#1370=DIRECTION('',(-1.,0.,0.));
#1371=DIRECTION('',(0.,0.,-1.));
#1372=DIRECTION('',(-1.,0.,0.));
#1373=DIRECTION('',(0.,0.,1.));
#1374=DIRECTION('',(1.,0.,0.));
#1375=DIRECTION('',(0.,0.,-1.));
#1376=DIRECTION('',(-1.,0.,0.));
#1377=DIRECTION('',(0.,0.,-1.));
#1378=DIRECTION('',(-1.,0.,0.));
#1379=DIRECTION('',(0.,0.,-1.));
#1380=DIRECTION('',(-1.,0.,0.));
#1381=DIRECTION('',(0.,1.,0.));
#1382=DIRECTION('',(-1.,0.,0.));
#1383=DIRECTION('',(0.,1.,0.));
#1384=DIRECTION('',(0.,0.,1.));
#1385=DIRECTION('',(0.,-1.,0.));
#1386=DIRECTION('',(0.,0.,-1.));
#1387=DIRECTION('',(0.,-1.,0.));
#1388=DIRECTION('',(0.,0.,-1.));
#1389=DIRECTION('',(0.,1.,0.));
#1390=DIRECTION('',(0.,0.,1.));
#1391=DIRECTION('',(0.,-1.,0.));
#1392=DIRECTION('',(0.,0.,-1.));
#1393=DIRECTION('',(0.,1.,0.));
#1394=DIRECTION('',(0.,0.,1.));
#1395=DIRECTION('',(0.,-1.,0.));
#1396=DIRECTION('',(0.,0.,-1.));
#1397=DIRECTION('',(0.,-1.,0.));
#1398=DIRECTION('',(0.,0.,-1.));
#1399=DIRECTION('',(0.,-1.,0.));
#1400=DIRECTION('',(0.,0.,-1.));
#1401=DIRECTION('',(0.,-1.,0.));
#1402=DIRECTION('',(0.,0.,-1.));
#1403=DIRECTION('',(0.,-1.,0.));
#1404=DIRECTION('',(0.,0.,-1.));
#1405=DIRECTION('',(0.,0.,1.));
#1406=DIRECTION('',(1.,0.,0.));
#1407=DIRECTION('',(0.,-1.,0.));
#1408=DIRECTION('',(0.,0.,-1.));
#1409=CARTESIAN_POINT('',(0.,0.,0.));
#1410=CARTESIAN_POINT('',(0.029959198842575,0.0180954802288048,0.0589395641738212));
#1411=CARTESIAN_POINT('',(0.0195271213717252,0.0353670131938615,0.0353670131938615));
#1412=CARTESIAN_POINT('',(0.029959198842575,0.0589395641738212,0.0180954802288048));
#1413=CARTESIAN_POINT('',(0.0291845329897722,0.0193780307898961,0.0631170145729455));
#1414=CARTESIAN_POINT('',(0.0172908317733159,0.0373802357535186,0.0373802357535186));
#1415=CARTESIAN_POINT('',(0.0291845329897722,0.0631170145729455,0.0193780307898961));
#1416=CARTESIAN_POINT('',(0.0274702612003327,0.021843498235052,0.0711473942512466));
#1417=CARTESIAN_POINT('',(0.0124936454102936,0.0408428374038018,0.0408428374038018));
#1418=CARTESIAN_POINT('',(0.0274702612003327,0.0711473942512466,0.021843498235052));
#1419=CARTESIAN_POINT('',(0.0244463728809118,0.0251819088439674,0.0820210745203684));
#1420=CARTESIAN_POINT('',(0.00511001047763259,0.0440128139348283,0.0440128139348283));
#1421=CARTESIAN_POINT('',(0.0244463728809118,0.0820210745203684,0.0251819088439674));
#1422=CARTESIAN_POINT('',(0.0210198161402332,0.028105533306857,0.091543737056615));
#1423=CARTESIAN_POINT('',(-0.00171908760482293,0.0450682230639271,0.0450682230639271));
#1424=CARTESIAN_POINT('',(0.0210198161402332,0.091543737056615,0.028105533306857));
#1425=CARTESIAN_POINT('',(0.0172470305218195,0.030566216872635,0.0995585349565835));
#1426=CARTESIAN_POINT('',(-0.00700345888585504,0.0441010475993144,0.0441010475993144));
#1427=CARTESIAN_POINT('',(0.0172470305218195,0.0995585349565835,0.030566216872635));
#1428=CARTESIAN_POINT('',(0.0131901598937871,0.0325234278140334,0.10593345059428));
#1429=CARTESIAN_POINT('',(-0.00974176559688947,0.0415696378982225,0.0415696378982225));
#1430=CARTESIAN_POINT('',(0.0131901598937871,0.10593345059428,0.0325234278140334));
#1431=CARTESIAN_POINT('',(0.00891602706448867,0.0339449279934955,0.110563479750242));
#1432=CARTESIAN_POINT('',(-0.00925000985836628,0.0383662834002951,0.0383662834002951));
#1433=CARTESIAN_POINT('',(0.00891602706448867,0.110563479750242,0.0339449279934955));
#1434=CARTESIAN_POINT('',(0.00449503358501888,0.0348073030853153,0.113372358620741));
#1435=CARTESIAN_POINT('',(-0.00561615428174485,0.035693107053934,0.035693107053934));
#1436=CARTESIAN_POINT('',(0.00449503358501888,0.113372358620741,0.0348073030853153));
#1437=CARTESIAN_POINT('',(1.23583420553175E-16,0.0350963484573426,0.11431382068963));
#1438=CARTESIAN_POINT('',(-1.42630347147985E-16,0.0346505526436565,0.0346505526436565));
#1439=CARTESIAN_POINT('',(1.23583420553175E-16,0.11431382068963,0.0350963484573426));
#1440=CARTESIAN_POINT('',(-0.00449503358501916,0.0348073030853153,0.113372358620741));
#1441=CARTESIAN_POINT('',(0.00561615428174515,0.0356931070539342,0.0356931070539342));
#1442=CARTESIAN_POINT('',(-0.00449503358501916,0.113372358620741,0.0348073030853153));
#1443=CARTESIAN_POINT('',(-0.00891602706448849,0.0339449279934955,0.110563479750242));
#1444=CARTESIAN_POINT('',(0.00925000985836607,0.0383662834002948,0.0383662834002948));
#1445=CARTESIAN_POINT('',(-0.00891602706448849,0.110563479750242,0.0339449279934955));
#1446=CARTESIAN_POINT('',(-0.0131901598937873,0.0325234278140333,0.10593345059428));
#1447=CARTESIAN_POINT('',(0.0097417655968901,0.0415696378982231,0.0415696378982231));
#1448=CARTESIAN_POINT('',(-0.0131901598937873,0.10593345059428,0.0325234278140333));
#1449=CARTESIAN_POINT('',(-0.0172470305218194,0.0305662168726351,0.0995585349565826));
#1450=CARTESIAN_POINT('',(0.0070034588858527,0.0441010475993128,0.0441010475993128));
#1451=CARTESIAN_POINT('',(-0.0172470305218194,0.0995585349565826,0.0305662168726351));
#1452=CARTESIAN_POINT('',(-0.0210198161402335,0.0281055333068568,0.0915437370566191));
#1453=CARTESIAN_POINT('',(0.00171908760483156,0.0450682230639325,0.0450682230639325));
#1454=CARTESIAN_POINT('',(-0.0210198161402335,0.0915437370566191,0.0281055333068568));
#1455=CARTESIAN_POINT('',(-0.0244463728809115,0.025181908843968,0.0820210745203521));
#1456=CARTESIAN_POINT('',(-0.00511001047766448,0.0440128139348091,0.0440128139348091));
#1457=CARTESIAN_POINT('',(-0.0244463728809115,0.0820210745203521,0.025181908843968));
#1458=CARTESIAN_POINT('',(-0.0274702612003338,0.0218434982350503,0.0711473942513079));
#1459=CARTESIAN_POINT('',(-0.0124936454101789,0.0408428374038706,0.0408428374038706));
#1460=CARTESIAN_POINT('',(-0.0274702612003338,0.0711473942513079,0.0218434982350503));
#1461=CARTESIAN_POINT('',(-0.0291845329897702,0.0193780307898995,0.063117014572812));
#1462=CARTESIAN_POINT('',(-0.0172908317735579,0.0373802357533735,0.0373802357533735));
#1463=CARTESIAN_POINT('',(-0.0291845329897702,0.063117014572812,0.0193780307898995));
#1464=CARTESIAN_POINT('',(-0.0299591988425749,0.0180954802288049,0.0589395641738214));
#1465=CARTESIAN_POINT('',(-0.0195271213717251,0.0353670131938617,0.0353670131938617));
#1466=CARTESIAN_POINT('',(-0.0299591988425749,0.0589395641738214,0.0180954802288049));
#1467=CARTESIAN_POINT('',(0.,1.07156594925393E-18,1.07156594925393E-18));
#1468=CARTESIAN_POINT('',(-0.0154136184940469,0.0314232456140351,0.10235));
#1469=CARTESIAN_POINT('',(-0.0299591988425748,0.0180954802288048,0.0589395641738213));
#1470=CARTESIAN_POINT('',(-0.0154136184940469,0.031423245614035,0.10235));
#1471=CARTESIAN_POINT('',(-0.012985469888779,0.0326142924176706,0.102227365715057));
#1472=CARTESIAN_POINT('',(-0.00806803847187038,0.0347805204568057,0.101977510948765));
#1473=CARTESIAN_POINT('',(-0.00137653583577198,0.0362450295037416,0.101675587558366));
#1474=CARTESIAN_POINT('',(0.0040163996276157,0.0356756192987764,0.101798976532711));
#1475=CARTESIAN_POINT('',(0.00925409998564493,0.0342502307753708,0.102035337213934));
#1476=CARTESIAN_POINT('',(0.0129782911246721,0.0326178137194661,0.102227003149685));
#1477=CARTESIAN_POINT('',(0.0154136184940469,0.031423245614035,0.10235));
#1478=CARTESIAN_POINT('',(0.0154136184940468,0.0314232456140351,0.10235));
#1479=CARTESIAN_POINT('',(0.,1.07156594925393E-18,1.07156594925393E-18));
#1480=CARTESIAN_POINT('',(0.0299591988425748,0.0180954802288048,0.0589395641738213));
#1481=CARTESIAN_POINT('',(0.097581390515815,0.0589395641738213,0.0589395641738214));
#1482=CARTESIAN_POINT('',(0.0299591988425748,0.0589395641738213,0.0180954802288048));
#1483=CARTESIAN_POINT('',(0.,1.07156594925393E-18,1.07156594925393E-18));
#1484=CARTESIAN_POINT('',(0.0154136184940469,0.10235,0.0314232456140351));
#1485=CARTESIAN_POINT('',(0.0154136184940469,0.10235,0.031423245614035));
#1486=CARTESIAN_POINT('',(0.0129854698887789,0.102227365715057,0.0326142924176706));
#1487=CARTESIAN_POINT('',(0.00806803847187037,0.101977510948765,0.0347805204568057));
#1488=CARTESIAN_POINT('',(0.00137653583577195,0.101675587558366,0.0362450295037416));
#1489=CARTESIAN_POINT('',(-0.0040163996276157,0.101798976532711,0.0356756192987764));
#1490=CARTESIAN_POINT('',(-0.009254099985645,0.102035337213934,0.0342502307753707));
#1491=CARTESIAN_POINT('',(-0.0129782911246721,0.102227003149685,0.0326178137194661));
#1492=CARTESIAN_POINT('',(-0.0154136184940469,0.10235,0.031423245614035));
#1493=CARTESIAN_POINT('',(-0.0154136184940469,0.10235,0.0314232456140351));
#1494=CARTESIAN_POINT('',(0.,1.07156594925393E-18,1.07156594925393E-18));
#1495=CARTESIAN_POINT('',(-0.0299591988425748,0.0589395641738213,0.0180954802288048));
#1496=CARTESIAN_POINT('',(-0.097581390515815,0.0589395641738214,0.0589395641738213));
#1497=CARTESIAN_POINT('',(0.029959198842575,-0.0589395641738212,0.0180954802288048));
#1498=CARTESIAN_POINT('',(0.0195271213717252,-0.0353670131938616,0.0353670131938616));
#1499=CARTESIAN_POINT('',(0.029959198842575,-0.0180954802288048,0.0589395641738212));
#1500=CARTESIAN_POINT('',(0.0291845329897661,-0.0631170145728341,0.0193780307899063));
#1501=CARTESIAN_POINT('',(0.0172908317736106,-0.0373802357535478,0.0373802357535478));
#1502=CARTESIAN_POINT('',(0.0291845329897661,-0.0193780307899063,0.0631170145728341));
#1503=CARTESIAN_POINT('',(0.0274702612003356,-0.0711473942512981,0.0218434982350473));
#1504=CARTESIAN_POINT('',(0.0124936454101509,-0.0408428374037898,0.0408428374037898));
#1505=CARTESIAN_POINT('',(0.0274702612003356,-0.0218434982350473,0.0711473942512981));
#1506=CARTESIAN_POINT('',(0.0244463728809109,-0.0820210745203549,0.0251819088439688));
#1507=CARTESIAN_POINT('',(0.00511001047767328,-0.0440128139348312,0.0440128139348312));
#1508=CARTESIAN_POINT('',(0.0244463728809109,-0.0251819088439688,0.0820210745203549));
#1509=CARTESIAN_POINT('',(0.0210198161402335,-0.0915437370566187,0.0281055333068567));
#1510=CARTESIAN_POINT('',(-0.00171908760483459,-0.0450682230639263,0.0450682230639263));
#1511=CARTESIAN_POINT('',(0.0210198161402335,-0.0281055333068567,0.0915437370566187));
#1512=CARTESIAN_POINT('',(0.0172470305218195,-0.0995585349565825,0.0305662168726351));
#1513=CARTESIAN_POINT('',(-0.00700345888585169,-0.0441010475993146,0.0441010475993146));
#1514=CARTESIAN_POINT('',(0.0172470305218195,-0.0305662168726351,0.0995585349565825));
#1515=CARTESIAN_POINT('',(0.0131901598937872,-0.10593345059428,0.0325234278140334));
#1516=CARTESIAN_POINT('',(-0.00974176559689045,-0.0415696378982225,0.0415696378982225));
#1517=CARTESIAN_POINT('',(0.0131901598937872,-0.0325234278140334,0.10593345059428));
#1518=CARTESIAN_POINT('',(0.00891602706448843,-0.110563479750242,0.0339449279934955));
#1519=CARTESIAN_POINT('',(-0.00925000985836593,-0.0383662834002949,0.0383662834002949));
#1520=CARTESIAN_POINT('',(0.00891602706448843,-0.0339449279934955,0.110563479750242));
#1521=CARTESIAN_POINT('',(0.00449503358501895,-0.113372358620741,0.0348073030853153));
#1522=CARTESIAN_POINT('',(-0.00561615428174496,-0.035693107053934,0.035693107053934));
#1523=CARTESIAN_POINT('',(0.00449503358501895,-0.0348073030853153,0.113372358620741));
#1524=CARTESIAN_POINT('',(8.7327635680029E-17,-0.11431382068963,0.0350963484573426));
#1525=CARTESIAN_POINT('',(-9.96187693251959E-17,-0.0346505526436565,0.0346505526436565));
#1526=CARTESIAN_POINT('',(8.7327635680029E-17,-0.0350963484573426,0.11431382068963));
#1527=CARTESIAN_POINT('',(-0.00449503358501911,-0.113372358620741,0.0348073030853154));
#1528=CARTESIAN_POINT('',(0.00561615428174512,-0.0356931070539341,0.0356931070539341));
#1529=CARTESIAN_POINT('',(-0.00449503358501911,-0.0348073030853154,0.113372358620741));
#1530=CARTESIAN_POINT('',(-0.00891602706448866,-0.110563479750242,0.0339449279934956));
#1531=CARTESIAN_POINT('',(0.00925000985836613,-0.0383662834002951,0.0383662834002952));
#1532=CARTESIAN_POINT('',(-0.00891602706448866,-0.0339449279934956,0.110563479750242));
#1533=CARTESIAN_POINT('',(-0.0131901598937875,-0.105933450594279,0.032523427814033));
#1534=CARTESIAN_POINT('',(0.00974176559689011,-0.0415696378982226,0.0415696378982223));
#1535=CARTESIAN_POINT('',(-0.0131901598937875,-0.032523427814033,0.105933450594279));
#1536=CARTESIAN_POINT('',(-0.0172470305218185,-0.0995585349565837,0.0305662168726366));
#1537=CARTESIAN_POINT('',(0.00700345888585262,-0.0441010475993144,0.0441010475993154));
#1538=CARTESIAN_POINT('',(-0.0172470305218185,-0.0305662168726366,0.0995585349565837));
#1539=CARTESIAN_POINT('',(-0.0210198161402367,-0.0915437370566148,0.0281055333068514));
#1540=CARTESIAN_POINT('',(0.00171908760483172,-0.0450682230639271,0.0450682230639235));
#1541=CARTESIAN_POINT('',(-0.0210198161402367,-0.0281055333068514,0.0915437370566148));
#1542=CARTESIAN_POINT('',(-0.0244463728808993,-0.0820210745203682,0.0251819088439881));
#1543=CARTESIAN_POINT('',(-0.00511001047766484,-0.0440128139348283,0.0440128139348411));
#1544=CARTESIAN_POINT('',(-0.0244463728808993,-0.0251819088439881,0.0820210745203682));
#1545=CARTESIAN_POINT('',(-0.0274702612003795,-0.0711473942512461,0.0218434982349745));
#1546=CARTESIAN_POINT('',(-0.0124936454101787,-0.0408428374038016,0.0408428374037555));
#1547=CARTESIAN_POINT('',(-0.0274702612003795,-0.0218434982349745,0.0711473942512461));
#1548=CARTESIAN_POINT('',(-0.0291845329896715,-0.0631170145729457,0.0193780307900628));
#1549=CARTESIAN_POINT('',(-0.0172908317735579,-0.0373802357535187,0.0373802357536155));
#1550=CARTESIAN_POINT('',(-0.0291845329896715,-0.0193780307900628,0.0631170145729457));
#1551=CARTESIAN_POINT('',(-0.0299591988425749,-0.0589395641738213,0.0180954802288048));
#1552=CARTESIAN_POINT('',(-0.0195271213717251,-0.0353670131938616,0.0353670131938616));
#1553=CARTESIAN_POINT('',(-0.0299591988425749,-0.0180954802288048,0.0589395641738213));
#1554=CARTESIAN_POINT('',(0.,1.07156594925393E-18,1.07156594925393E-18));
#1555=CARTESIAN_POINT('',(-0.0154136184940469,-0.10235,0.0314232456140351));
#1556=CARTESIAN_POINT('',(-0.0299591988425748,-0.0589395641738213,0.0180954802288048));
#1557=CARTESIAN_POINT('',(-0.0154136184940469,-0.10235,0.031423245614035));
#1558=CARTESIAN_POINT('',(-0.012985469888779,-0.102227365715057,0.0326142924176706));
#1559=CARTESIAN_POINT('',(-0.00806803847187037,-0.101977510948765,0.0347805204568057));
#1560=CARTESIAN_POINT('',(-0.00137653583577196,-0.101675587558366,0.0362450295037416));
#1561=CARTESIAN_POINT('',(0.0040163996276157,-0.101798976532711,0.0356756192987764));
#1562=CARTESIAN_POINT('',(0.00925409998564497,-0.102035337213934,0.0342502307753708));
#1563=CARTESIAN_POINT('',(0.0129782911246721,-0.102227003149685,0.0326178137194661));
#1564=CARTESIAN_POINT('',(0.0154136184940469,-0.10235,0.031423245614035));
#1565=CARTESIAN_POINT('',(0.0154136184940469,-0.10235,0.0314232456140351));
#1566=CARTESIAN_POINT('',(0.,1.07156594925393E-18,1.07156594925393E-18));
#1567=CARTESIAN_POINT('',(0.0299591988425748,-0.0589395641738213,0.0180954802288048));
#1568=CARTESIAN_POINT('',(0.097581390515815,-0.0589395641738214,0.0589395641738214));
#1569=CARTESIAN_POINT('',(0.0299591988425748,-0.0180954802288048,0.0589395641738214));
#1570=CARTESIAN_POINT('',(0.,1.07156594925393E-18,1.07156594925393E-18));
#1571=CARTESIAN_POINT('',(0.0154136184940469,-0.0314232456140351,0.10235));
#1572=CARTESIAN_POINT('',(0.0154136184940469,-0.0314232456140351,0.10235));
#1573=CARTESIAN_POINT('',(0.012985469888779,-0.0326142924176707,0.102227365715057));
#1574=CARTESIAN_POINT('',(0.00806803847187037,-0.0347805204568057,0.101977510948765));
#1575=CARTESIAN_POINT('',(0.00137653583577197,-0.0362450295037416,0.101675587558366));
#1576=CARTESIAN_POINT('',(-0.0040163996276157,-0.0356756192987764,0.101798976532711));
#1577=CARTESIAN_POINT('',(-0.00925409998564496,-0.0342502307753708,0.102035337213934));
#1578=CARTESIAN_POINT('',(-0.0129782911246721,-0.0326178137194662,0.102227003149685));
#1579=CARTESIAN_POINT('',(-0.0154136184940469,-0.031423245614035,0.10235));
#1580=CARTESIAN_POINT('',(-0.0154136184940469,-0.0314232456140351,0.10235));
#1581=CARTESIAN_POINT('',(0.,1.07156594925393E-18,1.07156594925393E-18));
#1582=CARTESIAN_POINT('',(-0.0299591988425748,-0.0180954802288048,0.0589395641738213));
#1583=CARTESIAN_POINT('',(-0.0975813905158151,-0.0589395641738213,0.0589395641738214));
#1584=CARTESIAN_POINT('',(0.,2.14313189850787E-18,0.1143));
#1585=CARTESIAN_POINT('',(0.,2.14313189850787E-18,0.10235));
#1586=CARTESIAN_POINT('',(0.,2.14313189850787E-18,0.0589395641738213));
#1587=CARTESIAN_POINT('',(0.,2.14313189850787E-18,0.1143));
#1588=CARTESIAN_POINT('',(0.,2.14313189850787E-18,0.10235));
#1589=CARTESIAN_POINT('',(0.,2.14313189850787E-18,0.0589395641738213));
#1590=CARTESIAN_POINT('',(0.,0.1143,2.14313189850787E-18));
#1591=CARTESIAN_POINT('',(0.,0.10235,2.14313189850787E-18));
#1592=CARTESIAN_POINT('',(0.,0.0589395641738213,2.14313189850787E-18));
#1593=CARTESIAN_POINT('',(0.,0.1143,1.65939641284466E-18));
#1594=CARTESIAN_POINT('',(0.,-0.0347698464908892,1.65939641284466E-18));
#1595=CARTESIAN_POINT('',(0.,-0.0347698464908892,0.0271));
#1596=CARTESIAN_POINT('',(0.,-0.1143,1.65939641284466E-18));
#1597=CARTESIAN_POINT('',(0.,-0.1143,-0.0271));
#1598=CARTESIAN_POINT('',(0.,0.1143,1.65939641284466E-18));
#1599=CARTESIAN_POINT('',(0.,0.0347698464908892,1.65939641284466E-18));
#1600=CARTESIAN_POINT('',(0.,0.0347698464908892,-0.0271));
#1601=CARTESIAN_POINT('',(0.,0.1143,1.65939641284466E-18));
#1602=CARTESIAN_POINT('',(0.,0.1143,-0.0271));
#1603=CARTESIAN_POINT('',(0.,1.65939641284466E-18,0.1143));
#1604=CARTESIAN_POINT('',(0.,1.65939641284466E-18,0.0347698464908892));
#1605=CARTESIAN_POINT('',(-0.0271,1.65939641284466E-18,0.0347698464908892));
#1606=CARTESIAN_POINT('',(0.,1.65939641284466E-18,0.1143));
#1607=CARTESIAN_POINT('',(0.0271,1.65939641284466E-18,0.1143));
#1608=CARTESIAN_POINT('',(0.,-0.1143,0.));
#1609=CARTESIAN_POINT('',(0.0426562165750785,-0.1143,0.0426562165750785));
#1610=CARTESIAN_POINT('',(0.0426562165750785,-0.1143,0.0331312165750785));
#1611=CARTESIAN_POINT('',(0.0426562165750785,-0.1143,-0.0426562165750785));
#1612=CARTESIAN_POINT('',(0.0426562165750785,-0.1143,-0.0521812165750785));
#1613=CARTESIAN_POINT('',(-0.0426562165750785,-0.1143,-0.0426562165750785));
#1614=CARTESIAN_POINT('',(-0.0426562165750785,-0.1143,-0.0521812165750785));
#1615=CARTESIAN_POINT('',(-0.0426562165750785,-0.1143,0.0426562165750785));
#1616=CARTESIAN_POINT('',(-0.0426562165750785,-0.1143,0.0331312165750785));
#1617=CARTESIAN_POINT('',(5.93760482826907E-17,-0.1143,-3.81639164714897E-17));
#1618=CARTESIAN_POINT('',(5.93760482826907E-17,-0.1143,-0.0762));
#1619=CARTESIAN_POINT('',(0.,0.1143,0.));
#1620=CARTESIAN_POINT('',(0.0426562165750785,0.1143,0.0426562165750785));
#1621=CARTESIAN_POINT('',(0.0426562165750785,0.1143,0.0331312165750785));
#1622=CARTESIAN_POINT('',(0.0426562165750785,0.1143,-0.0426562165750785));
#1623=CARTESIAN_POINT('',(0.0426562165750785,0.1143,-0.0521812165750785));
#1624=CARTESIAN_POINT('',(-0.0426562165750785,0.1143,-0.0426562165750785));
#1625=CARTESIAN_POINT('',(-0.0426562165750785,0.1143,-0.0521812165750785));
#1626=CARTESIAN_POINT('',(-0.0426562165750785,0.1143,0.0426562165750785));
#1627=CARTESIAN_POINT('',(-0.0426562165750785,0.1143,0.0331312165750785));
#1628=CARTESIAN_POINT('',(5.93760482826907E-17,0.1143,-3.81639164714897E-17));
#1629=CARTESIAN_POINT('',(5.93760482826907E-17,0.1143,-0.0762));
#1630=CARTESIAN_POINT('',(0.,0.1143,2.14313189850787E-18));
#1631=CARTESIAN_POINT('',(0.,-0.10235,2.14313189850787E-18));
#1632=CARTESIAN_POINT('',(0.,-0.0589395641738213,2.14313189850787E-18));
#1633=CARTESIAN_POINT('',(0.,0.,0.1143));
#1634=CARTESIAN_POINT('',(2.94902990916057E-17,0.060325,0.1143));
#1635=CARTESIAN_POINT('',(0.00952500000000003,0.060325,0.1143));
#1636=CARTESIAN_POINT('',(0.0522429824832963,0.0301625,0.1143));
#1637=CARTESIAN_POINT('',(0.0617679824832963,0.0301625,0.1143));
#1638=CARTESIAN_POINT('',(0.0522429824832962,-0.0301625,0.1143));
#1639=CARTESIAN_POINT('',(0.0617679824832962,-0.0301625,0.1143));
#1640=CARTESIAN_POINT('',(-3.64291929955129E-17,-0.060325,0.1143));
#1641=CARTESIAN_POINT('',(0.00952499999999996,-0.060325,0.1143));
#1642=CARTESIAN_POINT('',(-0.0522429824832963,-0.0301625,0.1143));
#1643=CARTESIAN_POINT('',(-0.0427179824832963,-0.0301625,0.1143));
#1644=CARTESIAN_POINT('',(-0.0522429824832963,0.0301625,0.1143));
#1645=CARTESIAN_POINT('',(-0.0427179824832963,0.0301625,0.1143));
#1646=CARTESIAN_POINT('',(-1.10282294006581E-17,-1.38777878078145E-17,0.1143));
#1647=CARTESIAN_POINT('',(0.0762,-1.38777878078145E-17,0.1143));
#1648=CARTESIAN_POINT('',(3.02089749179674E-18,0.,0.));
#1649=CARTESIAN_POINT('',(3.02089749179674E-18,0.,0.0226577581993648));
#1650=CARTESIAN_POINT('',(-0.0375125873775489,-0.0226577581993648,0.0226577581993648));
#1651=CARTESIAN_POINT('',(-0.0375125873775465,0.0226577581993687,0.0226577581993648));
#1652=CARTESIAN_POINT('',(3.02089749179674E-18,0.0226577581993648,0.));
#1653=CARTESIAN_POINT('',(0.0375125873775489,0.0226577581993648,0.0226577581993648));
#1654=CARTESIAN_POINT('',(3.02089749179674E-18,0.,0.0226577581993648));
#1655=CARTESIAN_POINT('',(0.0375125873775489,-0.0226577581993648,0.0226577581993648));
#1656=CARTESIAN_POINT('',(3.02089749179674E-18,-0.0226577581993648,0.));
#1657=CARTESIAN_POINT('',(0.,-0.0589395641738213,2.14313189850787E-18));
#1658=CARTESIAN_POINT('',(0.0975813905158151,-0.0589395641738213,0.0589395641738214));
#1659=CARTESIAN_POINT('',(-0.0975813905158151,-0.0589395641738213,0.0589395641738213));
#1660=CARTESIAN_POINT('',(-0.097581390515815,-0.0589395641738213,0.0589395641738214));
#1661=CARTESIAN_POINT('',(-0.097581390515815,-0.0589395641738214,0.0589395641738213));
#1662=CARTESIAN_POINT('',(0.097581390515815,-0.0589395641738214,0.0589395641738214));
#1663=CARTESIAN_POINT('',(0.097581390515815,-0.0589395641738214,0.0589395641738213));
#1664=CARTESIAN_POINT('',(0.,2.14313189850787E-18,0.0589395641738213));
#1665=CARTESIAN_POINT('',(-0.0975813905158089,0.0589395641738315,0.0589395641738213));
#1666=CARTESIAN_POINT('',(0.,0.0589395641738213,2.14313189850787E-18));
#1667=CARTESIAN_POINT('',(0.097581390515815,0.0589395641738214,0.0589395641738213));
#1668=CARTESIAN_POINT('',(-0.097581390515815,0.0589395641738213,0.0589395641738214));
#1669=CARTESIAN_POINT('',(0.,2.14313189850787E-18,0.0589395641738213));
#1670=CARTESIAN_POINT('',(0.097581390515815,0.0589395641738214,0.0589395641738213));
#1671=CARTESIAN_POINT('',(-0.097581390515815,0.0589395641738214,0.0589395641738214));
#1672=CARTESIAN_POINT('',(0.097581390515815,0.0589395641738214,0.0589395641738214));
#1673=CARTESIAN_POINT('',(2.53716200613353E-18,0.,0.));
#1674=CARTESIAN_POINT('',(2.53716200613353E-18,0.,0.0292021605219417));
#1675=CARTESIAN_POINT('',(0.00336554107113533,-0.0292021605219417,0.0292021605219417));
#1676=CARTESIAN_POINT('',(0.00336554107113533,0.0292021605219417,0.0292021605219417));
#1677=CARTESIAN_POINT('',(2.53716200613353E-18,0.0292021605219417,0.));
#1678=CARTESIAN_POINT('',(-0.00336554107113533,0.0292021605219417,0.0292021605219417));
#1679=CARTESIAN_POINT('',(2.53716200613353E-18,0.,0.0292021605219417));
#1680=CARTESIAN_POINT('',(-0.00336554107113533,-0.0292021605219417,0.0292021605219417));
#1681=CARTESIAN_POINT('',(2.53716200613353E-18,-0.0292021605219417,0.));
#1682=CARTESIAN_POINT('',(0.,-0.0347698464908892,1.65939641284466E-18));
#1683=CARTESIAN_POINT('',(-0.0033655410711353,-0.0292021605219417,0.0292021605219417));
#1684=CARTESIAN_POINT('',(-0.00112917232880844,-0.0293310309670378,0.0293310309671762));
#1685=CARTESIAN_POINT('',(0.00112917232880849,-0.0293310309670406,0.0293310309671735));
#1686=CARTESIAN_POINT('',(0.00336554107113534,-0.0292021605219417,0.0292021605219417));
#1687=CARTESIAN_POINT('',(0.,0.0347698464908892,1.65939641284466E-18));
#1688=CARTESIAN_POINT('',(-0.0033655410711353,0.0292021605219417,0.0292021605219417));
#1689=CARTESIAN_POINT('',(-0.00112917232880845,0.0293310309670378,0.0293310309671762));
#1690=CARTESIAN_POINT('',(0.00112917232880849,0.0293310309670406,0.0293310309671735));
#1691=CARTESIAN_POINT('',(0.00336554107113534,0.0292021605219417,0.0292021605219417));
#1692=CARTESIAN_POINT('',(0.,1.65939641284466E-18,0.0347698464908892));
#1693=CARTESIAN_POINT('',(-0.00441742500968223,-0.1063,0.000133533074533093));
#1694=CARTESIAN_POINT('',(0.,-0.1063,2.14313189850787E-18));
#1695=CARTESIAN_POINT('',(-0.0171531554383751,-0.1063,0.0349695833333334));
#1696=CARTESIAN_POINT('',(0.0171531554383751,-0.1063,0.0349695833333334));
#1697=CARTESIAN_POINT('',(0.0171531554383751,-0.1063,0.0349695833333333));
#1698=CARTESIAN_POINT('',(0.0144525077330944,-0.1063,0.0362942954247357));
#1699=CARTESIAN_POINT('',(0.010340486603442,-0.1063,0.0380716555917415));
#1700=CARTESIAN_POINT('',(0.00449924205144522,-0.1063,0.0395745456166194));
#1701=CARTESIAN_POINT('',(1.34747598635259E-6,-0.1063,0.0400013186829878));
#1702=CARTESIAN_POINT('',(-0.0044745188158133,-0.1063,0.0395785418096851));
#1703=CARTESIAN_POINT('',(-0.0103381008601667,-0.1063,0.0380745932210156));
#1704=CARTESIAN_POINT('',(-0.0144506128190609,-0.1063,0.0362952249112168));
#1705=CARTESIAN_POINT('',(-0.0171531554383751,-0.1063,0.0349695833333333));
#1706=CARTESIAN_POINT('',(0.0426562165750785,-0.1063,0.0426562165750785));
#1707=CARTESIAN_POINT('',(0.0426562165750785,-0.1063,0.0331312165750785));
#1708=CARTESIAN_POINT('',(0.0426562165750785,-0.1063,-0.0426562165750785));
#1709=CARTESIAN_POINT('',(0.0426562165750785,-0.1063,-0.0521812165750785));
#1710=CARTESIAN_POINT('',(-0.0426562165750785,-0.1063,-0.0426562165750785));
#1711=CARTESIAN_POINT('',(-0.0426562165750785,-0.1063,-0.0521812165750785));
#1712=CARTESIAN_POINT('',(-0.0426562165750785,-0.1063,0.0426562165750785));
#1713=CARTESIAN_POINT('',(-0.0426562165750785,-0.1063,0.0331312165750785));
#1714=CARTESIAN_POINT('',(5.93760482826907E-17,-0.1063,-3.81639164714897E-17));
#1715=CARTESIAN_POINT('',(5.93760482826907E-17,-0.1063,-0.0762));
#1716=CARTESIAN_POINT('',(5.93760482826907E-17,-0.1063,-3.81639164714897E-17));
#1717=CARTESIAN_POINT('',(-0.0426562165750785,0.114302,0.0426562165750785));
#1718=CARTESIAN_POINT('',(-0.0426562165750785,0.114302,-0.0426562165750785));
#1719=CARTESIAN_POINT('',(0.0426562165750785,0.114302,-0.0426562165750785));
#1720=CARTESIAN_POINT('',(0.0426562165750785,0.114302,0.0426562165750785));
#1721=CARTESIAN_POINT('',(-0.00441742500968223,0.1063,0.000133533074533093));
#1722=CARTESIAN_POINT('',(0.,0.1063,2.14313189850787E-18));
#1723=CARTESIAN_POINT('',(0.0171531554383751,0.1063,0.0349695833333334));
#1724=CARTESIAN_POINT('',(-0.0171531554383751,0.1063,0.0349695833333334));
#1725=CARTESIAN_POINT('',(-0.017153155438375,0.1063,0.0349695833333333));
#1726=CARTESIAN_POINT('',(-0.0144525077330944,0.1063,0.0362942954247357));
#1727=CARTESIAN_POINT('',(-0.010340486603442,0.1063,0.0380716555917415));
#1728=CARTESIAN_POINT('',(-0.00449924205144519,0.1063,0.0395745456166193));
#1729=CARTESIAN_POINT('',(-1.34747598634841E-6,0.1063,0.0400013186829878));
#1730=CARTESIAN_POINT('',(0.00447451881581332,0.1063,0.0395785418096852));
#1731=CARTESIAN_POINT('',(0.0103381008601666,0.1063,0.0380745932210156));
#1732=CARTESIAN_POINT('',(0.0144506128190609,0.1063,0.0362952249112168));
#1733=CARTESIAN_POINT('',(0.0171531554383751,0.1063,0.0349695833333333));
#1734=CARTESIAN_POINT('',(0.0426562165750785,0.1063,0.0426562165750785));
#1735=CARTESIAN_POINT('',(0.0426562165750785,0.1063,0.0521812165750785));
#1736=CARTESIAN_POINT('',(0.0426562165750785,0.1063,-0.0426562165750785));
#1737=CARTESIAN_POINT('',(0.0426562165750785,0.1063,-0.0331312165750785));
#1738=CARTESIAN_POINT('',(-0.0426562165750785,0.1063,-0.0426562165750785));
#1739=CARTESIAN_POINT('',(-0.0426562165750785,0.1063,-0.0331312165750785));
#1740=CARTESIAN_POINT('',(-0.0426562165750785,0.1063,0.0426562165750785));
#1741=CARTESIAN_POINT('',(-0.0426562165750785,0.1063,0.0521812165750785));
#1742=CARTESIAN_POINT('',(5.93760482826907E-17,0.1063,-3.81639164714897E-17));
#1743=CARTESIAN_POINT('',(5.93760482826907E-17,0.1063,-0.0762));
#1744=CARTESIAN_POINT('',(5.93760482826907E-17,0.1063,-3.81639164714897E-17));
#1745=CARTESIAN_POINT('',(-0.0426562165750785,-0.114302,0.0426562165750785));
#1746=CARTESIAN_POINT('',(-0.0426562165750785,-0.114302,-0.0426562165750785));
#1747=CARTESIAN_POINT('',(0.0426562165750785,-0.114302,-0.0426562165750785));
#1748=CARTESIAN_POINT('',(0.0426562165750785,-0.114302,0.0426562165750785));
#1749=CARTESIAN_POINT('',(-1.10282294006581E-17,-1.38777878078145E-17,0.1063));
#1750=CARTESIAN_POINT('',(-1.10282294006581E-17,-1.38777878078145E-17,0.1063));
#1751=CARTESIAN_POINT('',(0.0762,-1.38777878078145E-17,0.1063));
#1752=CARTESIAN_POINT('',(-1.38777878078145E-17,0.,0.1063));
#1753=CARTESIAN_POINT('',(0.,2.14313189850787E-18,0.1063));
#1754=CARTESIAN_POINT('',(0.0171531554383751,-0.0349695833333333,0.1063));
#1755=CARTESIAN_POINT('',(0.0171531554383751,0.0349695833333334,0.1063));
#1756=CARTESIAN_POINT('',(0.0171531554383751,0.0349695833333333,0.1063));
#1757=CARTESIAN_POINT('',(0.0144525077330944,0.0362942954247357,0.1063));
#1758=CARTESIAN_POINT('',(0.010340486603442,0.0380716555917414,0.1063));
#1759=CARTESIAN_POINT('',(0.00449924205144526,0.0395745456166193,0.1063));
#1760=CARTESIAN_POINT('',(1.34747598637522E-6,0.0400013186829878,0.1063));
#1761=CARTESIAN_POINT('',(-0.00447451881581328,0.0395785418096851,0.1063));
#1762=CARTESIAN_POINT('',(-0.0103381008601666,0.0380745932210156,0.1063));
#1763=CARTESIAN_POINT('',(-0.0144506128190609,0.0362952249112168,0.1063));
#1764=CARTESIAN_POINT('',(-0.0171531554383751,0.0349695833333333,0.1063));
#1765=CARTESIAN_POINT('',(-0.0171531554383751,0.0349695833333334,0.1063));
#1766=CARTESIAN_POINT('',(0.,2.14313189850787E-18,0.1063));
#1767=CARTESIAN_POINT('',(-0.0171531554383751,-0.0349695833333334,0.1063));
#1768=CARTESIAN_POINT('',(-0.0171531554383751,-0.0349695833333334,0.1063));
#1769=CARTESIAN_POINT('',(-0.0144525077330944,-0.0362942954247357,0.1063));
#1770=CARTESIAN_POINT('',(-0.010340486603442,-0.0380716555917414,0.1063));
#1771=CARTESIAN_POINT('',(-0.00449924205144521,-0.0395745456166194,0.1063));
#1772=CARTESIAN_POINT('',(-1.34747598636268E-6,-0.0400013186829878,0.1063));
#1773=CARTESIAN_POINT('',(0.00447451881581327,-0.0395785418096852,0.1063));
#1774=CARTESIAN_POINT('',(0.0103381008601667,-0.0380745932210156,0.1063));
#1775=CARTESIAN_POINT('',(0.0144506128190609,-0.0362952249112169,0.1063));
#1776=CARTESIAN_POINT('',(0.0171531554383751,-0.0349695833333334,0.1063));
#1777=CARTESIAN_POINT('',(2.94902990916057E-17,0.060325,0.1063));
#1778=CARTESIAN_POINT('',(0.00952500000000003,0.060325,0.1063));
#1779=CARTESIAN_POINT('',(0.0522429824832963,0.0301625,0.1063));
#1780=CARTESIAN_POINT('',(0.0617679824832963,0.0301625,0.1063));
#1781=CARTESIAN_POINT('',(0.0522429824832962,-0.0301625,0.1063));
#1782=CARTESIAN_POINT('',(0.0617679824832962,-0.0301625,0.1063));
#1783=CARTESIAN_POINT('',(-3.64291929955129E-17,-0.060325,0.1063));
#1784=CARTESIAN_POINT('',(0.00952499999999996,-0.060325,0.1063));
#1785=CARTESIAN_POINT('',(-0.0522429824832963,-0.0301625,0.1063));
#1786=CARTESIAN_POINT('',(-0.0427179824832963,-0.0301625,0.1063));
#1787=CARTESIAN_POINT('',(-0.0522429824832963,0.0301625,0.1063));
#1788=CARTESIAN_POINT('',(-0.0427179824832963,0.0301625,0.1063));
#1789=CARTESIAN_POINT('',(-0.0522429824832963,0.0301625,-0.076202));
#1790=CARTESIAN_POINT('',(-0.0522429824832963,-0.0301625,-0.076202));
#1791=CARTESIAN_POINT('',(-3.64291929955129E-17,-0.060325,-0.076202));
#1792=CARTESIAN_POINT('',(0.0522429824832962,-0.0301625,-0.076202));
#1793=CARTESIAN_POINT('',(0.0522429824832963,0.0301625,-0.076202));
#1794=CARTESIAN_POINT('',(2.94902990916057E-17,0.060325,-0.076202));
#1795=CARTESIAN_POINT('',(0.,-0.10235,2.14313189850787E-18));
#1796=CARTESIAN_POINT('',(-0.0171531554383751,-0.10235,0.0349695833333334));
#1797=CARTESIAN_POINT('',(0.0171531554383751,-0.10235,0.0349695833333334));
#1798=CARTESIAN_POINT('',(-0.0154136184940469,-0.10235,0.0314232456140351));
#1799=CARTESIAN_POINT('',(-0.0154136184940469,-0.1063,0.031423245614035));
#1800=CARTESIAN_POINT('',(-0.0171531554383751,-0.1063,0.0349695833333333));
#1801=CARTESIAN_POINT('',(-0.0141240101613707,-0.102284867991432,0.032055819699181));
#1802=CARTESIAN_POINT('',(-0.0140843676492451,-0.106299999999988,0.0320021162581589));
#1803=CARTESIAN_POINT('',(-0.0158018841290877,-0.1063,0.0356324041230996));
#1804=CARTESIAN_POINT('',(-0.0115404243549873,-0.10215388776689,0.0332432904142554));
#1805=CARTESIAN_POINT('',(-0.0114231104333622,-0.106300000000006,0.0330707015140477));
#1806=CARTESIAN_POINT('',(-0.0130707826222964,-0.1063,0.0368849325146545));
#1807=CARTESIAN_POINT('',(-0.00767004602847315,-0.101962458475236,0.0347008792535098));
#1808=CARTESIAN_POINT('',(-0.00749790704583892,-0.106299999999998,0.0343081129751657));
#1809=CARTESIAN_POINT('',(-0.00887460570451679,-0.1063,0.0384514997394528));
#1810=CARTESIAN_POINT('',(-0.00376444160935652,-0.101791022017761,0.0357155267452635));
#1811=CARTESIAN_POINT('',(-0.00361095870433103,-0.1063,0.0350856992990139));
#1812=CARTESIAN_POINT('',(-0.00447391027119241,-0.1063,0.0395782794911013));
#1813=CARTESIAN_POINT('',(9.57914660241087E-7,-0.101709580509871,0.0360795263899134));
#1814=CARTESIAN_POINT('',(7.05519933954565E-7,-0.1063,0.0353196052698215));
#1815=CARTESIAN_POINT('',(1.31365294126873E-6,-0.1063,0.0400014485860533));
#1816=CARTESIAN_POINT('',(0.00378590315113518,-0.101791709144084,0.0357120126419442));
#1817=CARTESIAN_POINT('',(0.00363201231595012,-0.106299999999999,0.0350832036850368));
#1818=CARTESIAN_POINT('',(0.00449876879900471,-0.1063,0.039574288322941));
#1819=CARTESIAN_POINT('',(0.00767705940220652,-0.101962863756822,0.0346978925668417));
#1820=CARTESIAN_POINT('',(0.0075052605983212,-0.106300000000002,0.034305570300196));
#1821=CARTESIAN_POINT('',(0.00888210229825003,-0.1063,0.0384482773696089));
#1822=CARTESIAN_POINT('',(0.0115439780511064,-0.1021540500836,0.0332418490532425));
#1823=CARTESIAN_POINT('',(0.0114267597158888,-0.106299999999993,0.033069395483098));
#1824=CARTESIAN_POINT('',(0.013074599944422,-0.1063,0.0368834090208241));
#1825=CARTESIAN_POINT('',(0.0141249143826058,-0.102284913659446,0.032055376163802));
#1826=CARTESIAN_POINT('',(0.0140853074087203,-0.106300000000015,0.0320017070057744));
#1827=CARTESIAN_POINT('',(0.0158028315860197,-0.1063,0.0356319393798617));
#1828=CARTESIAN_POINT('',(0.0154136184940469,-0.10235,0.031423245614035));
#1829=CARTESIAN_POINT('',(0.0154136184940469,-0.1063,0.031423245614035));
#1830=CARTESIAN_POINT('',(0.0171531554383751,-0.1063,0.0349695833333333));
#1831=CARTESIAN_POINT('',(0.0154136184940469,-0.031423245614035,0.10235));
#1832=CARTESIAN_POINT('',(0.0154136184940469,-0.031423245614035,0.1063));
#1833=CARTESIAN_POINT('',(0.0171531554383751,-0.0349695833333333,0.1063));
#1834=CARTESIAN_POINT('',(0.0141240101612031,-0.0320558196992632,0.102284867991474));
#1835=CARTESIAN_POINT('',(0.0140843676491171,-0.0320021162582853,0.106300000000024));
#1836=CARTESIAN_POINT('',(0.0158018841290303,-0.0356324041231414,0.1063));
#1837=CARTESIAN_POINT('',(0.0115404243550651,-0.0332432904142173,0.102153887766871));
#1838=CARTESIAN_POINT('',(0.0114231104334162,-0.0330707015139906,0.106299999999989));
#1839=CARTESIAN_POINT('',(0.013070782622323,-0.0368849325146351,0.1063));
#1840=CARTESIAN_POINT('',(0.00767004602845221,-0.03470087925352,0.101962458475241));
#1841=CARTESIAN_POINT('',(0.00749790704582667,-0.0343081129751806,0.106300000000003));
#1842=CARTESIAN_POINT('',(0.00887460570450963,-0.038451499739458,0.1063));
#1843=CARTESIAN_POINT('',(0.00376444160936235,-0.0357155267452608,0.101791022017759));
#1844=CARTESIAN_POINT('',(0.0036109587043337,-0.03508569929901,0.106299999999999));
#1845=CARTESIAN_POINT('',(0.00447391027119436,-0.0395782794910998,0.1063));
#1846=CARTESIAN_POINT('',(-9.57914662689808E-7,-0.0360795263899137,0.101709580509871));
#1847=CARTESIAN_POINT('',(-7.05519934796569E-7,-0.0353196052698224,0.1063));
#1848=CARTESIAN_POINT('',(-1.31365294202367E-6,-0.0400014485860542,0.1063));
#1849=CARTESIAN_POINT('',(-0.00378590315113129,-0.0357120126419457,0.101791709144086));
#1850=CARTESIAN_POINT('',(-0.00363201231594828,-0.0350832036850371,0.1063));
#1851=CARTESIAN_POINT('',(-0.0044987687990037,-0.0395742883229391,0.1063));
#1852=CARTESIAN_POINT('',(-0.0076770594022197,-0.0346978925668354,0.101962863756817));
#1853=CARTESIAN_POINT('',(-0.00750526059833029,-0.0343055703001934,0.106299999999999));
#1854=CARTESIAN_POINT('',(-0.00888210229825332,-0.0384482773696154,0.1063));
#1855=CARTESIAN_POINT('',(-0.0115439780510575,-0.0332418490532664,0.10215405008362));
#1856=CARTESIAN_POINT('',(-0.0114267597158458,-0.0330693954831109,0.106300000000005));
#1857=CARTESIAN_POINT('',(-0.0130745999444099,-0.0368834090207999,0.1063));
#1858=CARTESIAN_POINT('',(-0.0141249143827109,-0.0320553761637505,0.102284913659404));
#1859=CARTESIAN_POINT('',(-0.0140853074088255,-0.0320017070057413,0.106299999999989));
#1860=CARTESIAN_POINT('',(-0.0158028315860458,-0.0356319393799139,0.1063));
#1861=CARTESIAN_POINT('',(-0.0154136184940469,-0.0314232456140351,0.10235));
#1862=CARTESIAN_POINT('',(-0.0154136184940469,-0.031423245614035,0.1063));
#1863=CARTESIAN_POINT('',(-0.0171531554383751,-0.0349695833333333,0.1063));
#1864=CARTESIAN_POINT('',(-0.0171531554383751,-0.0349695833333334,0.10235));
#1865=CARTESIAN_POINT('',(0.0171531554383751,-0.0349695833333333,0.10235));
#1866=CARTESIAN_POINT('',(0.,2.14313189850787E-18,0.10235));
#1867=CARTESIAN_POINT('',(0.0171531554383751,0.0349695833333334,0.10235));
#1868=CARTESIAN_POINT('',(0.,2.14313189850787E-18,0.10235));
#1869=CARTESIAN_POINT('',(-0.0171531554383751,0.0349695833333334,0.10235));
#1870=CARTESIAN_POINT('',(-0.0154136184940469,0.0314232456140351,0.10235));
#1871=CARTESIAN_POINT('',(-0.0154136184940469,0.031423245614035,0.1063));
#1872=CARTESIAN_POINT('',(-0.0171531554383751,0.0349695833333333,0.1063));
#1873=CARTESIAN_POINT('',(-0.0141240101612723,0.0320558196992293,0.102284867991442));
#1874=CARTESIAN_POINT('',(-0.0140843676491669,0.0320021162582325,0.106299999999995));
#1875=CARTESIAN_POINT('',(-0.0158018841290355,0.0356324041231519,0.1063));
#1876=CARTESIAN_POINT('',(-0.0115404243550329,0.033243290414233,0.102153887766885));
#1877=CARTESIAN_POINT('',(-0.0114231104333976,0.0330707015140136,0.106300000000002));
#1878=CARTESIAN_POINT('',(-0.0130707826223206,0.0368849325146303,0.1063));
#1879=CARTESIAN_POINT('',(-0.00767004602846083,0.0347008792535158,0.101962458475237));
#1880=CARTESIAN_POINT('',(-0.0074979070458298,0.0343081129751748,0.106299999999999));
#1881=CARTESIAN_POINT('',(-0.00887460570451029,0.0384514997394593,0.1063));
#1882=CARTESIAN_POINT('',(-0.00376444160936008,0.035715526745262,0.10179102201776));
#1883=CARTESIAN_POINT('',(-0.00361095870433336,0.0350856992990116,0.1063));
#1884=CARTESIAN_POINT('',(-0.00447391027119417,0.0395782794910996,0.1063));
#1885=CARTESIAN_POINT('',(9.57914662109527E-7,0.0360795263899133,0.101709580509871));
#1886=CARTESIAN_POINT('',(7.05519934629219E-7,0.0353196052698214,0.1063));
#1887=CARTESIAN_POINT('',(1.31365294176831E-6,0.0400014485860539,0.1063));
#1888=CARTESIAN_POINT('',(0.00378590315113124,0.0357120126419459,0.101791709144086));
#1889=CARTESIAN_POINT('',(0.00363201231594898,0.0350832036850397,0.1063));
#1890=CARTESIAN_POINT('',(0.00449876879900443,0.0395742883229405,0.1063));
#1891=CARTESIAN_POINT('',(0.00767705940222047,0.0346978925668349,0.101962863756817));
#1892=CARTESIAN_POINT('',(0.00750526059832761,0.0343055703001842,0.106299999999999));
#1893=CARTESIAN_POINT('',(0.00888210229825068,0.0384482773696102,0.1063));
#1894=CARTESIAN_POINT('',(0.0115439780510544,0.033241849053268,0.10215405008362));
#1895=CARTESIAN_POINT('',(0.0114267597158555,0.0330693954831443,0.106300000000005));
#1896=CARTESIAN_POINT('',(0.0130745999444196,0.0368834090208193,0.1063));
#1897=CARTESIAN_POINT('',(0.0141249143827178,0.0320553761637471,0.102284913659404));
#1898=CARTESIAN_POINT('',(0.014085307408805,0.0320017070056706,0.106299999999989));
#1899=CARTESIAN_POINT('',(0.0158028315860249,0.0356319393798721,0.1063));
#1900=CARTESIAN_POINT('',(0.0154136184940469,0.0314232456140351,0.10235));
#1901=CARTESIAN_POINT('',(0.0154136184940469,0.031423245614035,0.1063));
#1902=CARTESIAN_POINT('',(0.0171531554383751,0.0349695833333333,0.1063));
#1903=CARTESIAN_POINT('',(0.,0.10235,2.14313189850787E-18));
#1904=CARTESIAN_POINT('',(0.0171531554383751,0.10235,0.0349695833333334));
#1905=CARTESIAN_POINT('',(-0.0171531554383751,0.10235,0.0349695833333334));
#1906=CARTESIAN_POINT('',(0.0154136184940469,0.10235,0.0314232456140351));
#1907=CARTESIAN_POINT('',(0.0154136184940469,0.1063,0.031423245614035));
#1908=CARTESIAN_POINT('',(0.0171531554383751,0.1063,0.0349695833333333));
#1909=CARTESIAN_POINT('',(0.0141240101612921,0.102284867991442,0.0320558196992196));
#1910=CARTESIAN_POINT('',(0.0140843676491799,0.106299999999995,0.0320021162582101));
#1911=CARTESIAN_POINT('',(0.0158018841290303,0.1063,0.0356324041231414));
#1912=CARTESIAN_POINT('',(0.0115404243550237,0.102153887766885,0.0332432904142375));
#1913=CARTESIAN_POINT('',(0.0114231104333914,0.106300000000002,0.0330707015140242));
#1914=CARTESIAN_POINT('',(0.013070782622323,0.1063,0.0368849325146351));
#1915=CARTESIAN_POINT('',(0.00767004602846331,0.101962458475237,0.0347008792535146));
#1916=CARTESIAN_POINT('',(0.00749790704583158,0.106299999999999,0.0343081129751719));
#1917=CARTESIAN_POINT('',(0.00887460570450964,0.1063,0.038451499739458));
#1918=CARTESIAN_POINT('',(0.00376444160935937,0.101791022017761,0.0357155267452623));
#1919=CARTESIAN_POINT('',(0.0036109587043326,0.1063,0.0350856992990125));
#1920=CARTESIAN_POINT('',(0.00447391027119433,0.1063,0.0395782794910999));
#1921=CARTESIAN_POINT('',(-9.57914661740336E-7,0.10170958050987,0.0360795263899134));
#1922=CARTESIAN_POINT('',(-7.05519933563445E-7,0.1063,0.035319605269821));
#1923=CARTESIAN_POINT('',(-1.31365294177894E-6,0.1063,0.0400014485860538));
#1924=CARTESIAN_POINT('',(-0.00378590315113205,0.101791709144087,0.0357120126419455));
#1925=CARTESIAN_POINT('',(-0.00363201231595203,0.1063,0.0350832036850404));
#1926=CARTESIAN_POINT('',(-0.00449876879900458,0.1063,0.0395742883229409));
#1927=CARTESIAN_POINT('',(-0.0076770594022176,0.101962863756813,0.0346978925668363));
#1928=CARTESIAN_POINT('',(-0.00750526059831853,0.106300000000001,0.0343055703001814));
#1929=CARTESIAN_POINT('',(-0.00888210229825005,0.1063,0.0384482773696089));
#1930=CARTESIAN_POINT('',(-0.0115439780510651,0.102154050083634,0.0332418490532627));
#1931=CARTESIAN_POINT('',(-0.0114267597158815,0.106299999999997,0.0330693954831568));
#1932=CARTESIAN_POINT('',(-0.013074599944422,0.1063,0.0368834090208241));
#1933=CARTESIAN_POINT('',(-0.0141249143826947,0.102284913659373,0.0320553761637584));
#1934=CARTESIAN_POINT('',(-0.0140853074087601,0.106300000000007,0.03200170700564));
#1935=CARTESIAN_POINT('',(-0.0158028315860197,0.1063,0.0356319393798617));
#1936=CARTESIAN_POINT('',(-0.0154136184940469,0.10235,0.0314232456140351));
#1937=CARTESIAN_POINT('',(-0.0154136184940469,0.1063,0.031423245614035));
#1938=CARTESIAN_POINT('',(-0.0171531554383751,0.1063,0.0349695833333333));
#1939=CARTESIAN_POINT('',(0.,0.,0.));
#1940=CARTESIAN_POINT('',(0.,1.65939641284466E-18,0.1143));
#1941=CARTESIAN_POINT('',(0.,1.65939641284466E-18,0.0347698464908892));
#1942=CARTESIAN_POINT('',(-0.0271,1.65939641284466E-18,0.0347698464908892));
#1943=CARTESIAN_POINT('',(0.,1.65939641284466E-18,0.1301));
#1944=CARTESIAN_POINT('',(0.0271,1.65939641284466E-18,0.1301));
#1945=CARTESIAN_POINT('',(0.,1.65939641284466E-18,0.0347698464908892));
#1946=CARTESIAN_POINT('',(2.53716200613353E-18,0.,0.0292021605219417));
#1947=CARTESIAN_POINT('',(0.00336554107113533,-0.0292021605219417,0.0292021605219417));
#1948=CARTESIAN_POINT('',(0.00336554107113533,0.0292021605219417,0.0292021605219417));
#1949=CARTESIAN_POINT('',(-0.0033655410711353,0.0292021605219417,0.0292021605219417));
#1950=CARTESIAN_POINT('',(-0.00112917232880845,0.0293310309670378,0.0293310309671762));
#1951=CARTESIAN_POINT('',(0.00112917232880849,0.0293310309670406,0.0293310309671735));
#1952=CARTESIAN_POINT('',(0.00336554107113534,0.0292021605219417,0.0292021605219417));
#1953=CARTESIAN_POINT('',(-0.00336554107113533,0.0292021605219417,0.0292021605219417));
#1954=CARTESIAN_POINT('',(2.53716200613353E-18,0.,0.0292021605219417));
#1955=CARTESIAN_POINT('',(-0.00336554107113533,-0.0292021605219417,0.0292021605219417));
#1956=CARTESIAN_POINT('',(-0.0033655410711353,-0.0292021605219417,0.0292021605219417));
#1957=CARTESIAN_POINT('',(-0.00112917232880844,-0.0293310309670378,0.0293310309671762));
#1958=CARTESIAN_POINT('',(0.00112917232880849,-0.0293310309670406,0.0293310309671735));
#1959=CARTESIAN_POINT('',(0.00336554107113534,-0.0292021605219417,0.0292021605219417));
#1960=CARTESIAN_POINT('',(2.53716200613353E-18,0.,0.));
#1961=CARTESIAN_POINT('',(2.53716200613353E-18,-0.0292021605219417,0.));
#1962=CARTESIAN_POINT('',(2.53716200613353E-18,0.0292021605219417,0.));
#1963=CARTESIAN_POINT('',(0.,0.1143,1.65939641284466E-18));
#1964=CARTESIAN_POINT('',(0.,-0.0347698464908892,1.65939641284466E-18));
#1965=CARTESIAN_POINT('',(0.,-0.0347698464908892,0.0271));
#1966=CARTESIAN_POINT('',(0.,-0.1301,1.65939641284466E-18));
#1967=CARTESIAN_POINT('',(0.,-0.1301,-0.0271));
#1968=CARTESIAN_POINT('',(0.,-0.0347698464908892,1.65939641284466E-18));
#1969=CARTESIAN_POINT('',(0.,0.1143,1.65939641284466E-18));
#1970=CARTESIAN_POINT('',(0.,0.0347698464908892,1.65939641284466E-18));
#1971=CARTESIAN_POINT('',(0.,0.0347698464908892,-0.0271));
#1972=CARTESIAN_POINT('',(0.,0.1301,1.65939641284466E-18));
#1973=CARTESIAN_POINT('',(0.,0.1301,-0.0271));
#1974=CARTESIAN_POINT('',(0.,0.0347698464908892,1.65939641284466E-18));
#1975=CARTESIAN_POINT('',(0.,-0.1301,1.65939641284466E-18));
#1976=CARTESIAN_POINT('',(0.,1.65939641284466E-18,0.1301));
#1977=CARTESIAN_POINT('',(0.,0.1301,1.65939641284466E-18));
#1978=MECHANICAL_DESIGN_GEOMETRIC_PRESENTATION_REPRESENTATION('',(#916),
#1980);
#1979=MECHANICAL_DESIGN_GEOMETRIC_PRESENTATION_REPRESENTATION('',(#917),
#1981);
#1980=(
GEOMETRIC_REPRESENTATION_CONTEXT(3)
GLOBAL_UNCERTAINTY_ASSIGNED_CONTEXT((#1982))
GLOBAL_UNIT_ASSIGNED_CONTEXT((#1988,#1986,#1984))
REPRESENTATION_CONTEXT('Model','TOP_LEVEL_ASSEMBLY_PART')
);
#1981=(
GEOMETRIC_REPRESENTATION_CONTEXT(3)
GLOBAL_UNCERTAINTY_ASSIGNED_CONTEXT((#1983))
GLOBAL_UNIT_ASSIGNED_CONTEXT((#1989,#1987,#1985))
REPRESENTATION_CONTEXT('Core','TOP_LEVEL_ASSEMBLY_PART')
);
#1982=UNCERTAINTY_MEASURE_WITH_UNIT(LENGTH_MEASURE(2.E-5),#1988,
'DISTANCE_ACCURACY_VALUE','Maximum Tolerance applied to model');
#1983=UNCERTAINTY_MEASURE_WITH_UNIT(LENGTH_MEASURE(2.E-5),#1989,
'DISTANCE_ACCURACY_VALUE','Maximum Tolerance applied to model');
#1984=(
NAMED_UNIT(*)
SI_UNIT($,.STERADIAN.)
SOLID_ANGLE_UNIT()
);
#1985=(
NAMED_UNIT(*)
SI_UNIT($,.STERADIAN.)
SOLID_ANGLE_UNIT()
);
#1986=(
NAMED_UNIT(*)
PLANE_ANGLE_UNIT()
SI_UNIT($,.RADIAN.)
);
#1987=(
NAMED_UNIT(*)
PLANE_ANGLE_UNIT()
SI_UNIT($,.RADIAN.)
);
#1988=(
LENGTH_UNIT()
NAMED_UNIT(*)
SI_UNIT($,.METRE.)
);
#1989=(
LENGTH_UNIT()
NAMED_UNIT(*)
SI_UNIT($,.METRE.)
);
#1990=PRODUCT_DEFINITION_SHAPE('','',#1992);
#1991=PRODUCT_DEFINITION_SHAPE('','',#1993);
#1992=PRODUCT_DEFINITION('','',#1996,#1994);
#1993=PRODUCT_DEFINITION('','',#1997,#1995);
#1994=PRODUCT_DEFINITION_CONTEXT('',#2008,'design');
#1995=PRODUCT_DEFINITION_CONTEXT('',#2009,'design');
#1996=PRODUCT_DEFINITION_FORMATION_WITH_SPECIFIED_SOURCE('','',#2000,
 .NOT_KNOWN.);
#1997=PRODUCT_DEFINITION_FORMATION_WITH_SPECIFIED_SOURCE('','',#2001,
 .NOT_KNOWN.);
#1998=PRODUCT_RELATED_PRODUCT_CATEGORY('','',(#2000));
#1999=PRODUCT_RELATED_PRODUCT_CATEGORY('','',(#2001));
#2000=PRODUCT('Model','Model','Model',(#2004));
#2001=PRODUCT('Core','Core','Core',(#2005));
#2002=PRODUCT_CATEGORY('','');
#2003=PRODUCT_CATEGORY('','');
#2004=PRODUCT_CONTEXT('',#2008,'mechanical');
#2005=PRODUCT_CONTEXT('',#2009,'mechanical');
#2006=APPLICATION_PROTOCOL_DEFINITION('international standard',
'ap242_managed_model_based_3d_engineering',2020,#2008);
#2007=APPLICATION_PROTOCOL_DEFINITION('international standard',
'ap242_managed_model_based_3d_engineering',2020,#2009);
#2008=APPLICATION_CONTEXT('managed model based 3d engineering');
#2009=APPLICATION_CONTEXT('managed model based 3d engineering');
ENDSEC;
END-ISO-10303-21;
