ISO-10303-21;
HEADER;
/* Generated by software containing ST-Developer
 * from STEP Tools, Inc. (www.steptools.com) 
 */
/* OPTION: using custom renumber hook */

FILE_DESCRIPTION(
/* description */ ('STEP AP242 Edition 2',
'CAx-IF Rec.Pracs.---Representation and Presentation of Product Manufa
cturing Information (PMI)---4.0---2014-10-13',
'CAx-IF Rec.Pracs.---3D Tessellated Geometry---0.4---2014-09-14','2;1',
'CAx-IF Rec.Pracs.---User Defined Attributes---1.5---2016-08-15'),
/* implementation_level */ '2;1');

FILE_NAME(
/* name */ 'Design 2 Copy 1',
/* time_stamp */ '2026-07-29T00:18:33Z',
/* author */ (''),
/* organization */ (''),
/* preprocessor_version */ 'ST-DEVELOPER v20',
/* originating_system */ 'ONSHAPE BY PTC INC, 1.218',
/* authorisation */ '  ');

FILE_SCHEMA (('AP242_MANAGED_MODEL_BASED_3D_ENGINEERING_MIM_LF { 1 0 10303 442 3 1 4 }'));
ENDSEC;

DATA;
#10=TOROIDAL_SURFACE('',#2800,0.114,0.079);
#11=TOROIDAL_SURFACE('',#2802,0.114,0.079);
#12=TOROIDAL_SURFACE('',#2804,0.03895,0.00395);
#13=TOROIDAL_SURFACE('',#2805,0.03895,0.00395);
#14=TOROIDAL_SURFACE('',#2811,0.114,0.079);
#15=TOROIDAL_SURFACE('',#2814,0.03895,0.00395);
#16=TOROIDAL_SURFACE('',#2817,0.01105,0.00395);
#17=TOROIDAL_SURFACE('',#2820,0.01105,0.00395);
#18=TOROIDAL_SURFACE('',#2823,0.01105,0.00395);
#19=TOROIDAL_SURFACE('',#2875,0.114,0.079);
#20=TOROIDAL_SURFACE('',#2876,0.114,0.079);
#21=TOROIDAL_SURFACE('',#2887,0.03895,0.00395);
#22=TOROIDAL_SURFACE('',#2888,0.03895,0.00395);
#23=TOROIDAL_SURFACE('',#2901,0.00789999999999987,0.005);
#24=TOROIDAL_SURFACE('',#2910,0.00789999999999987,0.005);
#25=TOROIDAL_SURFACE('',#2953,0.02,0.01);
#26=TOROIDAL_SURFACE('',#2958,0.02,0.01);
#27=TOROIDAL_SURFACE('',#2992,0.02,0.01);
#28=TOROIDAL_SURFACE('',#2997,0.02,0.01);
#29=SPHERICAL_SURFACE('',#2796,0.049335);
#30=SPHERICAL_SURFACE('',#2809,0.079);
#31=SPHERICAL_SURFACE('',#2813,0.079);
#32=SPHERICAL_SURFACE('',#2872,0.049335);
#33=SPHERICAL_SURFACE('',#2963,0.0158);
#34=SPHERICAL_SURFACE('',#2969,0.0158);
#35=LINE('',#3930,#211);
#36=LINE('',#3953,#212);
#37=LINE('',#3964,#213);
#38=LINE('',#3972,#214);
#39=LINE('',#3975,#215);
#40=LINE('',#3977,#216);
#41=LINE('',#3979,#217);
#42=LINE('',#3981,#218);
#43=LINE('',#3983,#219);
#44=LINE('',#3985,#220);
#45=LINE('',#3987,#221);
#46=LINE('',#3989,#222);
#47=LINE('',#3991,#223);
#48=LINE('',#3995,#224);
#49=LINE('',#4003,#225);
#50=LINE('',#4007,#226);
#51=LINE('',#4009,#227);
#52=LINE('',#4011,#228);
#53=LINE('',#4013,#229);
#54=LINE('',#4015,#230);
#55=LINE('',#4017,#231);
#56=LINE('',#4019,#232);
#57=LINE('',#4021,#233);
#58=LINE('',#4023,#234);
#59=LINE('',#4025,#235);
#60=LINE('',#4027,#236);
#61=LINE('',#4029,#237);
#62=LINE('',#4037,#238);
#63=LINE('',#4041,#239);
#64=LINE('',#4049,#240);
#65=LINE('',#4051,#241);
#66=LINE('',#4052,#242);
#67=LINE('',#4054,#243);
#68=LINE('',#4064,#244);
#69=LINE('',#4077,#245);
#70=LINE('',#4082,#246);
#71=LINE('',#4086,#247);
#72=LINE('',#4097,#248);
#73=LINE('',#4099,#249);
#74=LINE('',#4103,#250);
#75=LINE('',#4105,#251);
#76=LINE('',#4109,#252);
#77=LINE('',#4166,#253);
#78=LINE('',#4171,#254);
#79=LINE('',#4175,#255);
#80=LINE('',#4187,#256);
#81=LINE('',#4204,#257);
#82=LINE('',#4286,#258);
#83=LINE('',#4291,#259);
#84=LINE('',#4292,#260);
#85=LINE('',#4294,#261);
#86=LINE('',#4296,#262);
#87=LINE('',#4304,#263);
#88=LINE('',#4312,#264);
#89=LINE('',#4323,#265);
#90=LINE('',#4339,#266);
#91=LINE('',#4343,#267);
#92=LINE('',#4345,#268);
#93=LINE('',#4347,#269);
#94=LINE('',#4348,#270);
#95=LINE('',#4350,#271);
#96=LINE('',#4352,#272);
#97=LINE('',#4354,#273);
#98=LINE('',#4366,#274);
#99=LINE('',#4383,#275);
#100=LINE('',#4384,#276);
#101=LINE('',#4388,#277);
#102=LINE('',#4390,#278);
#103=LINE('',#4391,#279);
#104=LINE('',#4393,#280);
#105=LINE('',#4396,#281);
#106=LINE('',#4400,#282);
#107=LINE('',#4454,#283);
#108=LINE('',#4457,#284);
#109=LINE('',#4461,#285);
#110=LINE('',#4463,#286);
#111=LINE('',#4465,#287);
#112=LINE('',#4467,#288);
#113=LINE('',#4469,#289);
#114=LINE('',#4471,#290);
#115=LINE('',#4473,#291);
#116=LINE('',#4475,#292);
#117=LINE('',#4477,#293);
#118=LINE('',#4479,#294);
#119=LINE('',#4481,#295);
#120=LINE('',#4483,#296);
#121=LINE('',#4485,#297);
#122=LINE('',#4489,#298);
#123=LINE('',#4491,#299);
#124=LINE('',#4493,#300);
#125=LINE('',#4497,#301);
#126=LINE('',#4499,#302);
#127=LINE('',#4501,#303);
#128=LINE('',#4503,#304);
#129=LINE('',#4507,#305);
#130=LINE('',#4515,#306);
#131=LINE('',#4519,#307);
#132=LINE('',#4521,#308);
#133=LINE('',#4523,#309);
#134=LINE('',#4525,#310);
#135=LINE('',#4529,#311);
#136=LINE('',#4535,#312);
#137=LINE('',#4543,#313);
#138=LINE('',#4551,#314);
#139=LINE('',#4553,#315);
#140=LINE('',#4555,#316);
#141=LINE('',#4556,#317);
#142=LINE('',#4558,#318);
#143=LINE('',#4562,#319);
#144=LINE('',#4570,#320);
#145=LINE('',#4574,#321);
#146=LINE('',#4576,#322);
#147=LINE('',#4577,#323);
#148=LINE('',#4579,#324);
#149=LINE('',#4580,#325);
#150=LINE('',#4582,#326);
#151=LINE('',#4584,#327);
#152=LINE('',#4586,#328);
#153=LINE('',#4588,#329);
#154=LINE('',#4590,#330);
#155=LINE('',#4592,#331);
#156=LINE('',#4671,#332);
#157=LINE('',#4674,#333);
#158=LINE('',#4676,#334);
#159=LINE('',#4678,#335);
#160=LINE('',#4680,#336);
#161=LINE('',#4682,#337);
#162=LINE('',#4684,#338);
#163=LINE('',#4686,#339);
#164=LINE('',#4688,#340);
#165=LINE('',#4690,#341);
#166=LINE('',#4694,#342);
#167=LINE('',#4698,#343);
#168=LINE('',#4700,#344);
#169=LINE('',#4702,#345);
#170=LINE('',#4704,#346);
#171=LINE('',#4707,#347);
#172=LINE('',#4708,#348);
#173=LINE('',#4712,#349);
#174=LINE('',#4714,#350);
#175=LINE('',#4716,#351);
#176=LINE('',#4718,#352);
#177=LINE('',#4721,#353);
#178=LINE('',#4723,#354);
#179=LINE('',#4725,#355);
#180=LINE('',#4727,#356);
#181=LINE('',#4728,#357);
#182=LINE('',#4745,#358);
#183=LINE('',#4748,#359);
#184=LINE('',#4749,#360);
#185=LINE('',#4776,#361);
#186=LINE('',#4779,#362);
#187=LINE('',#4781,#363);
#188=LINE('',#4783,#364);
#189=LINE('',#4792,#365);
#190=LINE('',#4795,#366);
#191=LINE('',#4797,#367);
#192=LINE('',#4799,#368);
#193=LINE('',#4801,#369);
#194=LINE('',#4805,#370);
#195=LINE('',#4808,#371);
#196=LINE('',#4810,#372);
#197=LINE('',#4812,#373);
#198=LINE('',#4814,#374);
#199=LINE('',#4816,#375);
#200=LINE('',#4819,#376);
#201=LINE('',#4820,#377);
#202=LINE('',#4822,#378);
#203=LINE('',#4823,#379);
#204=LINE('',#4825,#380);
#205=LINE('',#4827,#381);
#206=LINE('',#4830,#382);
#207=LINE('',#4834,#383);
#208=LINE('',#4835,#384);
#209=LINE('',#4846,#385);
#210=LINE('',#4847,#386);
#211=VECTOR('',#3059,1.);
#212=VECTOR('',#3066,1.);
#213=VECTOR('',#3067,1.);
#214=VECTOR('',#3076,1.);
#215=VECTOR('',#3077,1.);
#216=VECTOR('',#3078,1.);
#217=VECTOR('',#3079,1.);
#218=VECTOR('',#3080,1.);
#219=VECTOR('',#3081,1.);
#220=VECTOR('',#3082,1.);
#221=VECTOR('',#3083,1.);
#222=VECTOR('',#3084,1.);
#223=VECTOR('',#3085,1.);
#224=VECTOR('',#3088,1.);
#225=VECTOR('',#3095,1.);
#226=VECTOR('',#3098,1.);
#227=VECTOR('',#3099,1.);
#228=VECTOR('',#3100,1.);
#229=VECTOR('',#3101,1.);
#230=VECTOR('',#3102,1.);
#231=VECTOR('',#3105,1.);
#232=VECTOR('',#3106,1.);
#233=VECTOR('',#3107,1.);
#234=VECTOR('',#3110,1.);
#235=VECTOR('',#3111,1.);
#236=VECTOR('',#3112,1.);
#237=VECTOR('',#3115,1.);
#238=VECTOR('',#3122,1.);
#239=VECTOR('',#3125,1.);
#240=VECTOR('',#3132,1.);
#241=VECTOR('',#3135,1.);
#242=VECTOR('',#3136,1.);
#243=VECTOR('',#3139,1.);
#244=VECTOR('',#3150,1.);
#245=VECTOR('',#3157,1.);
#246=VECTOR('',#3164,1.);
#247=VECTOR('',#3169,1.);
#248=VECTOR('',#3174,1.);
#249=VECTOR('',#3177,1.);
#250=VECTOR('',#3182,1.);
#251=VECTOR('',#3185,1.);
#252=VECTOR('',#3190,1.);
#253=VECTOR('',#3201,1.);
#254=VECTOR('',#3204,1.);
#255=VECTOR('',#3209,1.);
#256=VECTOR('',#3214,1.);
#257=VECTOR('',#3217,1.);
#258=VECTOR('',#3236,1.);
#259=VECTOR('',#3241,1.);
#260=VECTOR('',#3242,1.);
#261=VECTOR('',#3245,1.);
#262=VECTOR('',#3246,1.);
#263=VECTOR('',#3247,1.);
#264=VECTOR('',#3248,1.);
#265=VECTOR('',#3251,1.);
#266=VECTOR('',#3254,1.);
#267=VECTOR('',#3257,1.);
#268=VECTOR('',#3260,1.);
#269=VECTOR('',#3263,1.);
#270=VECTOR('',#3264,1.);
#271=VECTOR('',#3267,1.);
#272=VECTOR('',#3270,1.);
#273=VECTOR('',#3271,1.);
#274=VECTOR('',#3274,1.);
#275=VECTOR('',#3277,1.);
#276=VECTOR('',#3278,1.);
#277=VECTOR('',#3283,1.);
#278=VECTOR('',#3286,1.);
#279=VECTOR('',#3287,1.);
#280=VECTOR('',#3290,1.);
#281=VECTOR('',#3293,1.);
#282=VECTOR('',#3298,1.);
#283=VECTOR('',#3397,1.);
#284=VECTOR('',#3398,1.);
#285=VECTOR('',#3401,1.);
#286=VECTOR('',#3402,1.);
#287=VECTOR('',#3403,1.);
#288=VECTOR('',#3404,1.);
#289=VECTOR('',#3405,1.);
#290=VECTOR('',#3406,1.);
#291=VECTOR('',#3407,1.);
#292=VECTOR('',#3408,1.);
#293=VECTOR('',#3409,1.);
#294=VECTOR('',#3410,1.);
#295=VECTOR('',#3411,1.);
#296=VECTOR('',#3412,1.);
#297=VECTOR('',#3413,1.);
#298=VECTOR('',#3416,1.);
#299=VECTOR('',#3417,1.);
#300=VECTOR('',#3418,1.);
#301=VECTOR('',#3421,1.);
#302=VECTOR('',#3422,1.);
#303=VECTOR('',#3423,1.);
#304=VECTOR('',#3424,1.);
#305=VECTOR('',#3427,1.);
#306=VECTOR('',#3434,1.);
#307=VECTOR('',#3437,1.);
#308=VECTOR('',#3438,1.);
#309=VECTOR('',#3439,1.);
#310=VECTOR('',#3440,1.);
#311=VECTOR('',#3443,1.);
#312=VECTOR('',#3450,1.);
#313=VECTOR('',#3459,1.);
#314=VECTOR('',#3468,1.);
#315=VECTOR('',#3469,1.);
#316=VECTOR('',#3470,1.);
#317=VECTOR('',#3471,1.);
#318=VECTOR('',#3472,1.);
#319=VECTOR('',#3475,1.);
#320=VECTOR('',#3482,1.);
#321=VECTOR('',#3485,1.);
#322=VECTOR('',#3486,1.);
#323=VECTOR('',#3487,1.);
#324=VECTOR('',#3488,1.);
#325=VECTOR('',#3489,1.);
#326=VECTOR('',#3490,1.);
#327=VECTOR('',#3493,1.);
#328=VECTOR('',#3494,1.);
#329=VECTOR('',#3497,1.);
#330=VECTOR('',#3498,1.);
#331=VECTOR('',#3501,1.);
#332=VECTOR('',#3640,1.);
#333=VECTOR('',#3641,1.);
#334=VECTOR('',#3642,1.);
#335=VECTOR('',#3643,1.);
#336=VECTOR('',#3646,1.);
#337=VECTOR('',#3647,1.);
#338=VECTOR('',#3648,1.);
#339=VECTOR('',#3649,1.);
#340=VECTOR('',#3650,1.);
#341=VECTOR('',#3651,1.);
#342=VECTOR('',#3654,1.);
#343=VECTOR('',#3659,1.);
#344=VECTOR('',#3660,1.);
#345=VECTOR('',#3661,1.);
#346=VECTOR('',#3664,1.);
#347=VECTOR('',#3665,1.);
#348=VECTOR('',#3666,1.);
#349=VECTOR('',#3671,1.);
#350=VECTOR('',#3672,1.);
#351=VECTOR('',#3673,1.);
#352=VECTOR('',#3676,1.);
#353=VECTOR('',#3677,1.);
#354=VECTOR('',#3678,1.);
#355=VECTOR('',#3679,1.);
#356=VECTOR('',#3682,1.);
#357=VECTOR('',#3683,1.);
#358=VECTOR('',#3710,1.);
#359=VECTOR('',#3711,1.);
#360=VECTOR('',#3712,1.);
#361=VECTOR('',#3757,1.);
#362=VECTOR('',#3758,1.);
#363=VECTOR('',#3759,1.);
#364=VECTOR('',#3760,1.);
#365=VECTOR('',#3771,1.);
#366=VECTOR('',#3772,1.);
#367=VECTOR('',#3773,1.);
#368=VECTOR('',#3774,1.);
#369=VECTOR('',#3777,1.);
#370=VECTOR('',#3780,1.);
#371=VECTOR('',#3783,1.);
#372=VECTOR('',#3784,1.);
#373=VECTOR('',#3785,1.);
#374=VECTOR('',#3786,1.);
#375=VECTOR('',#3789,1.);
#376=VECTOR('',#3790,1.);
#377=VECTOR('',#3791,1.);
#378=VECTOR('',#3794,1.);
#379=VECTOR('',#3795,1.);
#380=VECTOR('',#3796,1.);
#381=VECTOR('',#3797,1.);
#382=VECTOR('',#3800,1.);
#383=VECTOR('',#3805,1.);
#384=VECTOR('',#3806,1.);
#385=VECTOR('',#3823,1.);
#386=VECTOR('',#3824,1.);
#387=CONICAL_SURFACE('',#2704,0.015,0.0522940740433951);
#388=CONICAL_SURFACE('',#2773,0.015,0.0522940740433951);
#389=CONICAL_SURFACE('',#2780,0.015,0.107995422326607);
#390=ELLIPSE('',#2701,0.119251834367443,0.035);
#391=ELLIPSE('',#2703,0.119251834367443,0.035);
#392=ELLIPSE('',#2751,0.119251834367443,0.035);
#393=ELLIPSE('',#2753,0.119251834367443,0.035);
#394=B_SPLINE_CURVE_WITH_KNOTS('',3,(#3897,#3898,#3899,#3900,#3901,#3902),
 .UNSPECIFIED.,.F.,.F.,(4,1,1,4),(0.0161799860210596,0.0202124227005997,
0.0242448593801397,0.0323097327392198),.UNSPECIFIED.);
#395=B_SPLINE_CURVE_WITH_KNOTS('',3,(#3907,#3908,#3909,#3910,#3911,#3912,
#3913),.UNSPECIFIED.,.F.,.F.,(4,1,1,1,4),(0.00399266833373619,0.00597098033782866,
0.00794929234192112,0.00992760434601358,0.011905916350106),
 .UNSPECIFIED.);
#396=B_SPLINE_CURVE_WITH_KNOTS('',3,(#3917,#3918,#3919,#3920,#3921,#3922),
 .UNSPECIFIED.,.F.,.F.,(4,1,1,4),(3.10316769155909E-17,0.00808999301052984,
0.0121349895157947,0.0161799860210596),.UNSPECIFIED.);
#397=B_SPLINE_CURVE_WITH_KNOTS('',3,(#3935,#3936,#3937,#3938,#3939,#3940),
 .UNSPECIFIED.,.F.,.F.,(4,1,1,4),(0.,0.00317716485765702,0.00476574728648553,
0.00635432971531405),.UNSPECIFIED.);
#398=B_SPLINE_CURVE_WITH_KNOTS('',3,(#3944,#3945,#3946,#3947,#3948,#3949),
 .UNSPECIFIED.,.F.,.F.,(4,1,1,4),(0.,0.0015886751953982,0.0031773503907964,
0.00635470078159281),.UNSPECIFIED.);
#399=B_SPLINE_CURVE_WITH_KNOTS('',3,(#3955,#3956,#3957,#3958,#3959,#3960,
#3961,#3962),.UNSPECIFIED.,.F.,.F.,(4,1,1,1,1,4),(0.0217201057218474,0.0248375404388564,
0.0263962577973609,0.0279549751558654,0.0310724098728743,0.0341898445898833),
 .UNSPECIFIED.);
#400=B_SPLINE_CURVE_WITH_KNOTS('',3,(#4070,#4071,#4072,#4073,#4074),
 .UNSPECIFIED.,.F.,.F.,(4,1,4),(0.0179312682707315,0.0268918712647548,0.0358524742587781),
 .UNSPECIFIED.);
#401=B_SPLINE_CURVE_WITH_KNOTS('',3,(#4088,#4089,#4090,#4091,#4092,#4093),
 .UNSPECIFIED.,.F.,.F.,(4,1,1,4),(3.41700896806661E-17,0.0089656341353811,
0.0134484512030716,0.0179312682707622),.UNSPECIFIED.);
#402=B_SPLINE_CURVE_WITH_KNOTS('',3,(#4143,#4144,#4145,#4146,#4147,#4148),
 .UNSPECIFIED.,.F.,.F.,(4,1,1,4),(0.0161799860210597,0.0202124227005997,
0.0242448593801398,0.0323097327392199),.UNSPECIFIED.);
#403=B_SPLINE_CURVE_WITH_KNOTS('',3,(#4153,#4154,#4155,#4156,#4157,#4158),
 .UNSPECIFIED.,.F.,.F.,(4,1,1,4),(1.7085044840333E-17,0.00808999301052984,
0.0121349895157947,0.0161799860210597),.UNSPECIFIED.);
#404=B_SPLINE_CURVE_WITH_KNOTS('',3,(#4179,#4180,#4181,#4182,#4183,#4184,
#4185),.UNSPECIFIED.,.F.,.F.,(4,1,1,1,4),(0.,0.00312699360466989,0.00625398720933977,
0.00938098081400966,0.0125079744186795),.UNSPECIFIED.);
#405=B_SPLINE_CURVE_WITH_KNOTS('',3,(#4189,#4190,#4191,#4192,#4193,#4194),
 .UNSPECIFIED.,.F.,.F.,(4,1,1,4),(0.,0.00896563413536577,0.0134484512030487,
0.0179312682707315),.UNSPECIFIED.);
#406=B_SPLINE_CURVE_WITH_KNOTS('',3,(#4198,#4199,#4200,#4201,#4202),
 .UNSPECIFIED.,.F.,.F.,(4,1,4),(0.0179312682707082,0.0268918712647431,0.035852474258778),
 .UNSPECIFIED.);
#407=B_SPLINE_CURVE_WITH_KNOTS('',3,(#4298,#4299,#4300,#4301,#4302),
 .UNSPECIFIED.,.F.,.F.,(4,1,4),(0.00423344650401194,0.00634414778512397,
0.008454849066236),.UNSPECIFIED.);
#408=B_SPLINE_CURVE_WITH_KNOTS('',3,(#4306,#4307,#4308,#4309,#4310),
 .UNSPECIFIED.,.F.,.F.,(4,1,4),(0.,0.00211672325200596,0.00423344650401193),
 .UNSPECIFIED.);
#409=B_SPLINE_CURVE_WITH_KNOTS('',3,(#4314,#4315,#4316,#4317,#4318,#4319,
#4320,#4321),.UNSPECIFIED.,.F.,.F.,(4,1,1,1,1,4),(0.015683476902934,0.0187989665037679,
0.0219144561046018,0.0234722009050187,0.0250299457054357,0.0281454353062695),
 .UNSPECIFIED.);
#410=B_SPLINE_CURVE_WITH_KNOTS('',3,(#4324,#4325,#4326,#4327,#4328,#4329),
 .UNSPECIFIED.,.F.,.F.,(4,1,1,4),(0.,0.00317716485765699,0.00476574728648548,
0.00635432971531398),.UNSPECIFIED.);
#411=B_SPLINE_CURVE_WITH_KNOTS('',3,(#4333,#4334,#4335,#4336,#4337,#4338),
 .UNSPECIFIED.,.F.,.F.,(4,1,1,4),(2.96429677516722E-17,0.0015886751953982,
0.00317735039079636,0.00635470078159269),.UNSPECIFIED.);
#412=B_SPLINE_CURVE_WITH_KNOTS('',3,(#4356,#4357,#4358,#4359,#4360,#4361,
#4362,#4363,#4364),.UNSPECIFIED.,.F.,.F.,(4,1,1,1,1,1,4),(0.0222454603022315,
0.0254103051340151,0.0269927275499069,0.0285751499657988,0.0301575723816906,
0.0317399947975824,0.034904839629366),.UNSPECIFIED.);
#413=B_SPLINE_CURVE_WITH_KNOTS('',3,(#4368,#4369,#4370,#4371,#4372,#4373),
 .UNSPECIFIED.,.F.,.F.,(4,1,1,4),(0.,0.00320908802583724,0.00481363203875586,
0.00641817605167449),.UNSPECIFIED.);
#414=B_SPLINE_CURVE_WITH_KNOTS('',3,(#4377,#4378,#4379,#4380,#4381,#4382),
 .UNSPECIFIED.,.F.,.F.,(4,1,1,4),(1.48214838758361E-17,0.00160470009363476,
0.00320940018726951,0.00641880037453901),.UNSPECIFIED.);
#415=(
BOUNDED_SURFACE()
B_SPLINE_SURFACE(3,2,((#3864,#3865,#3866),(#3867,#3868,#3869),(#3870,#3871,
#3872),(#3873,#3874,#3875),(#3876,#3877,#3878),(#3879,#3880,#3881),(#3882,
#3883,#3884),(#3885,#3886,#3887),(#3888,#3889,#3890),(#3891,#3892,#3893),
(#3894,#3895,#3896)),.UNSPECIFIED.,.F.,.F.,.F.)
B_SPLINE_SURFACE_WITH_KNOTS((4,1,1,1,1,1,1,1,4),(3,3),(6.28318530717959,
6.4116150326696,6.54004475815961,6.66847448364963,6.79690420913964,6.92533393462965,
7.05376366011967,7.18219338560968,7.3106231110997),(0.,1.),
 .UNSPECIFIED.)
GEOMETRIC_REPRESENTATION_ITEM()
RATIONAL_B_SPLINE_SURFACE(((1.,0.707106781186547,1.),(1.,0.707106781187631,
1.),(1.,0.711032228828271,1.),(1.,0.728023689231211,1.),(1.,0.754280130281467,
1.),(1.,0.787231387567994,1.),(1.,0.82404262185178,1.),(1.,0.861963467452162,
1.),(1.,0.89852732732958,1.),(1.,0.920601095326087,1.),(1.,0.930778387286889,
1.)))
REPRESENTATION_ITEM('')
SURFACE()
);
#416=(
BOUNDED_SURFACE()
B_SPLINE_SURFACE(3,2,((#4110,#4111,#4112),(#4113,#4114,#4115),(#4116,#4117,
#4118),(#4119,#4120,#4121),(#4122,#4123,#4124),(#4125,#4126,#4127),(#4128,
#4129,#4130),(#4131,#4132,#4133),(#4134,#4135,#4136),(#4137,#4138,#4139),
(#4140,#4141,#4142)),.UNSPECIFIED.,.F.,.F.,.F.)
B_SPLINE_SURFACE_WITH_KNOTS((4,1,1,1,1,1,1,1,4),(3,3),(3.14159265358979,
3.27002237907981,3.39845210456982,3.52688183005983,3.65531155554985,3.78374128103986,
3.91217100652988,4.04060073201989,4.1690304575099),(0.,1.),
 .UNSPECIFIED.)
GEOMETRIC_REPRESENTATION_ITEM()
RATIONAL_B_SPLINE_SURFACE(((1.,0.707106781186547,1.),(1.,0.707106781187631,
1.),(1.,0.711032228828271,1.),(1.,0.728023689231211,1.),(1.,0.754280130281465,
1.),(1.,0.787231387568003,1.),(1.,0.824042621851745,1.),(1.,0.861963467452294,
1.),(1.,0.898527327329083,1.),(1.,0.920601095327157,1.),(1.,0.930778387286889,
1.)))
REPRESENTATION_ITEM('')
SURFACE()
);
#417=(
BOUNDED_SURFACE()
B_SPLINE_SURFACE(3,2,((#4205,#4206,#4207),(#4208,#4209,#4210),(#4211,#4212,
#4213),(#4214,#4215,#4216),(#4217,#4218,#4219),(#4220,#4221,#4222)),
 .UNSPECIFIED.,.F.,.F.,.F.)
B_SPLINE_SURFACE_WITH_KNOTS((4,1,1,4),(3,3),(2.77555756156289E-17,0.00897355392261501,
0.0134603308839225,0.01794710784523),(0.,1.),.UNSPECIFIED.)
GEOMETRIC_REPRESENTATION_ITEM()
RATIONAL_B_SPLINE_SURFACE(((1.,0.707106781186546,1.),(1.,0.695450487731872,
1.),(1.,0.677107171978589,1.),(1.,0.655212961205119,1.),(1.,0.649911591385061,
1.),(1.,0.649911591384234,1.)))
REPRESENTATION_ITEM('')
SURFACE()
);
#418=(
BOUNDED_SURFACE()
B_SPLINE_SURFACE(3,2,((#4225,#4226,#4227),(#4228,#4229,#4230),(#4231,#4232,
#4233),(#4234,#4235,#4236),(#4237,#4238,#4239),(#4240,#4241,#4242)),
 .UNSPECIFIED.,.F.,.F.,.F.)
B_SPLINE_SURFACE_WITH_KNOTS((4,1,1,4),(3,3),(0.0179471078452297,0.0224364040130103,
0.0269257001807908,0.0359042925163519),(0.,1.),.UNSPECIFIED.)
GEOMETRIC_REPRESENTATION_ITEM()
RATIONAL_B_SPLINE_SURFACE(((1.,0.649911591384234,1.),(1.,0.649911591383407,
1.),(1.,0.655259119637204,1.),(1.,0.677114638739757,1.),(1.,0.695452120544443,
1.),(1.,0.707106781186546,1.)))
REPRESENTATION_ITEM('')
SURFACE()
);
#419=(
BOUNDED_SURFACE()
B_SPLINE_SURFACE(3,2,((#4245,#4246,#4247),(#4248,#4249,#4250),(#4251,#4252,
#4253),(#4254,#4255,#4256),(#4257,#4258,#4259),(#4260,#4261,#4262)),
 .UNSPECIFIED.,.F.,.F.,.F.)
B_SPLINE_SURFACE_WITH_KNOTS((4,1,1,4),(3,3),(2.77555756156289E-17,0.00897355392262669,
0.01346033088394,0.0179471078452534),(0.,1.),.UNSPECIFIED.)
GEOMETRIC_REPRESENTATION_ITEM()
RATIONAL_B_SPLINE_SURFACE(((1.,0.707106781186546,1.),(1.,0.695450487733528,
1.),(1.,0.677107171978174,1.),(1.,0.655212961205125,1.),(1.,0.649911591385061,
1.),(1.,0.649911591384234,1.)))
REPRESENTATION_ITEM('')
SURFACE()
);
#420=(
BOUNDED_SURFACE()
B_SPLINE_SURFACE(3,2,((#4265,#4266,#4267),(#4268,#4269,#4270),(#4271,#4272,
#4273),(#4274,#4275,#4276),(#4277,#4278,#4279),(#4280,#4281,#4282)),
 .UNSPECIFIED.,.F.,.F.,.F.)
B_SPLINE_SURFACE_WITH_KNOTS((4,1,1,4),(3,3),(0.0179471078451992,0.0224364040129874,
0.0269257001807755,0.0359042925163519),(0.,1.),.UNSPECIFIED.)
GEOMETRIC_REPRESENTATION_ITEM()
RATIONAL_B_SPLINE_SURFACE(((1.,0.649911591384234,1.),(1.,0.649911591383324,
1.),(1.,0.655259119637147,1.),(1.,0.677114638739692,1.),(1.,0.695452120544423,
1.),(1.,0.707106781186546,1.)))
REPRESENTATION_ITEM('')
SURFACE()
);
#421=SHAPE_REPRESENTATION_RELATIONSHIP('','',#2672,#427);
#422=SHAPE_REPRESENTATION_RELATIONSHIP('','',#2673,#428);
#423=SHAPE_REPRESENTATION_RELATIONSHIP('','',#2674,#429);
#424=SHAPE_REPRESENTATION_RELATIONSHIP('','',#2675,#430);
#425=SHAPE_REPRESENTATION_RELATIONSHIP('','',#2676,#431);
#426=SHAPE_REPRESENTATION_RELATIONSHIP('','',#2677,#432);
#427=ADVANCED_BREP_SHAPE_REPRESENTATION('',(#2660),#4859);
#428=ADVANCED_BREP_SHAPE_REPRESENTATION('',(#2661),#4860);
#429=ADVANCED_BREP_SHAPE_REPRESENTATION('',(#2662),#4861);
#430=ADVANCED_BREP_SHAPE_REPRESENTATION('',(#2663),#4862);
#431=ADVANCED_BREP_SHAPE_REPRESENTATION('',(#2664),#4863);
#432=ADVANCED_BREP_SHAPE_REPRESENTATION('',(#2665),#4864);
#433=DEGENERATE_TOROIDAL_SURFACE('',#2686,0.0021,0.0079,.T.);
#434=DEGENERATE_TOROIDAL_SURFACE('',#2687,0.0021,0.0079,.T.);
#435=DEGENERATE_TOROIDAL_SURFACE('',#2696,0.0021,0.0079,.T.);
#436=DEGENERATE_TOROIDAL_SURFACE('',#2697,0.0021,0.0079,.T.);
#437=PLANE('',#2682);
#438=PLANE('',#2684);
#439=PLANE('',#2692);
#440=PLANE('',#2694);
#441=PLANE('',#2709);
#442=PLANE('',#2717);
#443=PLANE('',#2718);
#444=PLANE('',#2719);
#445=PLANE('',#2728);
#446=PLANE('',#2732);
#447=PLANE('',#2736);
#448=PLANE('',#2740);
#449=PLANE('',#2744);
#450=PLANE('',#2749);
#451=PLANE('',#2754);
#452=PLANE('',#2759);
#453=PLANE('',#2769);
#454=PLANE('',#2776);
#455=PLANE('',#2778);
#456=PLANE('',#2783);
#457=PLANE('',#2788);
#458=PLANE('',#2789);
#459=PLANE('',#2815);
#460=PLANE('',#2818);
#461=PLANE('',#2821);
#462=PLANE('',#2826);
#463=PLANE('',#2829);
#464=PLANE('',#2830);
#465=PLANE('',#2831);
#466=PLANE('',#2832);
#467=PLANE('',#2833);
#468=PLANE('',#2834);
#469=PLANE('',#2835);
#470=PLANE('',#2837);
#471=PLANE('',#2847);
#472=PLANE('',#2851);
#473=PLANE('',#2855);
#474=PLANE('',#2863);
#475=PLANE('',#2864);
#476=PLANE('',#2865);
#477=PLANE('',#2877);
#478=PLANE('',#2882);
#479=PLANE('',#2889);
#480=PLANE('',#2894);
#481=PLANE('',#2895);
#482=PLANE('',#2897);
#483=PLANE('',#2904);
#484=PLANE('',#2906);
#485=PLANE('',#2913);
#486=PLANE('',#2919);
#487=PLANE('',#2920);
#488=PLANE('',#2926);
#489=PLANE('',#2927);
#490=PLANE('',#2929);
#491=PLANE('',#2933);
#492=PLANE('',#2935);
#493=PLANE('',#2938);
#494=PLANE('',#2939);
#495=PLANE('',#2940);
#496=PLANE('',#2942);
#497=PLANE('',#2943);
#498=PLANE('',#2956);
#499=PLANE('',#2957);
#500=PLANE('',#2970);
#501=PLANE('',#2971);
#502=PLANE('',#2973);
#503=PLANE('',#2977);
#504=PLANE('',#2982);
#505=PLANE('',#2984);
#506=PLANE('',#2987);
#507=PLANE('',#2988);
#508=PLANE('',#2991);
#509=PLANE('',#2998);
#510=PLANE('',#2999);
#511=PLANE('',#3002);
#512=PLANE('',#3003);
#513=PLANE('',#3004);
#514=ORIENTED_EDGE('',*,*,#1238,.T.);
#515=ORIENTED_EDGE('',*,*,#1239,.T.);
#516=ORIENTED_EDGE('',*,*,#1240,.T.);
#517=ORIENTED_EDGE('',*,*,#1241,.T.);
#518=ORIENTED_EDGE('',*,*,#1241,.F.);
#519=ORIENTED_EDGE('',*,*,#1238,.F.);
#520=ORIENTED_EDGE('',*,*,#1239,.F.);
#521=ORIENTED_EDGE('',*,*,#1240,.F.);
#522=ORIENTED_EDGE('',*,*,#1242,.T.);
#523=ORIENTED_EDGE('',*,*,#1243,.T.);
#524=ORIENTED_EDGE('',*,*,#1244,.T.);
#525=ORIENTED_EDGE('',*,*,#1245,.T.);
#526=ORIENTED_EDGE('',*,*,#1242,.F.);
#527=ORIENTED_EDGE('',*,*,#1245,.F.);
#528=ORIENTED_EDGE('',*,*,#1244,.F.);
#529=ORIENTED_EDGE('',*,*,#1243,.F.);
#530=ORIENTED_EDGE('',*,*,#1246,.F.);
#531=ORIENTED_EDGE('',*,*,#1247,.T.);
#532=ORIENTED_EDGE('',*,*,#1248,.T.);
#533=ORIENTED_EDGE('',*,*,#1249,.T.);
#534=ORIENTED_EDGE('',*,*,#1250,.F.);
#535=ORIENTED_EDGE('',*,*,#1251,.T.);
#536=ORIENTED_EDGE('',*,*,#1252,.T.);
#537=ORIENTED_EDGE('',*,*,#1253,.T.);
#538=ORIENTED_EDGE('',*,*,#1254,.F.);
#539=ORIENTED_EDGE('',*,*,#1255,.T.);
#540=ORIENTED_EDGE('',*,*,#1256,.T.);
#541=ORIENTED_EDGE('',*,*,#1257,.F.);
#542=ORIENTED_EDGE('',*,*,#1258,.T.);
#543=ORIENTED_EDGE('',*,*,#1259,.T.);
#544=ORIENTED_EDGE('',*,*,#1260,.F.);
#545=ORIENTED_EDGE('',*,*,#1261,.F.);
#546=ORIENTED_EDGE('',*,*,#1262,.F.);
#547=ORIENTED_EDGE('',*,*,#1263,.F.);
#548=ORIENTED_EDGE('',*,*,#1264,.F.);
#549=ORIENTED_EDGE('',*,*,#1265,.T.);
#550=ORIENTED_EDGE('',*,*,#1266,.F.);
#551=ORIENTED_EDGE('',*,*,#1267,.T.);
#552=ORIENTED_EDGE('',*,*,#1268,.T.);
#553=ORIENTED_EDGE('',*,*,#1269,.F.);
#554=ORIENTED_EDGE('',*,*,#1270,.F.);
#555=ORIENTED_EDGE('',*,*,#1271,.F.);
#556=ORIENTED_EDGE('',*,*,#1272,.T.);
#557=ORIENTED_EDGE('',*,*,#1273,.F.);
#558=ORIENTED_EDGE('',*,*,#1274,.F.);
#559=ORIENTED_EDGE('',*,*,#1275,.F.);
#560=ORIENTED_EDGE('',*,*,#1276,.F.);
#561=ORIENTED_EDGE('',*,*,#1277,.T.);
#562=ORIENTED_EDGE('',*,*,#1278,.F.);
#563=ORIENTED_EDGE('',*,*,#1279,.F.);
#564=ORIENTED_EDGE('',*,*,#1280,.F.);
#565=ORIENTED_EDGE('',*,*,#1281,.T.);
#566=ORIENTED_EDGE('',*,*,#1282,.F.);
#567=ORIENTED_EDGE('',*,*,#1283,.F.);
#568=ORIENTED_EDGE('',*,*,#1284,.T.);
#569=ORIENTED_EDGE('',*,*,#1285,.T.);
#570=ORIENTED_EDGE('',*,*,#1286,.T.);
#571=ORIENTED_EDGE('',*,*,#1287,.T.);
#572=ORIENTED_EDGE('',*,*,#1267,.F.);
#573=ORIENTED_EDGE('',*,*,#1288,.T.);
#574=ORIENTED_EDGE('',*,*,#1289,.T.);
#575=ORIENTED_EDGE('',*,*,#1290,.T.);
#576=ORIENTED_EDGE('',*,*,#1291,.F.);
#577=ORIENTED_EDGE('',*,*,#1269,.T.);
#578=ORIENTED_EDGE('',*,*,#1292,.F.);
#579=ORIENTED_EDGE('',*,*,#1293,.F.);
#580=ORIENTED_EDGE('',*,*,#1289,.F.);
#581=ORIENTED_EDGE('',*,*,#1294,.T.);
#582=ORIENTED_EDGE('',*,*,#1295,.T.);
#583=ORIENTED_EDGE('',*,*,#1296,.F.);
#584=ORIENTED_EDGE('',*,*,#1297,.T.);
#585=ORIENTED_EDGE('',*,*,#1298,.T.);
#586=ORIENTED_EDGE('',*,*,#1299,.F.);
#587=ORIENTED_EDGE('',*,*,#1300,.T.);
#588=ORIENTED_EDGE('',*,*,#1301,.T.);
#589=ORIENTED_EDGE('',*,*,#1302,.F.);
#590=ORIENTED_EDGE('',*,*,#1303,.T.);
#591=ORIENTED_EDGE('',*,*,#1304,.T.);
#592=ORIENTED_EDGE('',*,*,#1259,.F.);
#593=ORIENTED_EDGE('',*,*,#1305,.T.);
#594=ORIENTED_EDGE('',*,*,#1255,.F.);
#595=ORIENTED_EDGE('',*,*,#1306,.T.);
#596=ORIENTED_EDGE('',*,*,#1293,.T.);
#597=ORIENTED_EDGE('',*,*,#1307,.F.);
#598=ORIENTED_EDGE('',*,*,#1308,.F.);
#599=ORIENTED_EDGE('',*,*,#1309,.T.);
#600=ORIENTED_EDGE('',*,*,#1285,.F.);
#601=ORIENTED_EDGE('',*,*,#1310,.F.);
#602=ORIENTED_EDGE('',*,*,#1311,.F.);
#603=ORIENTED_EDGE('',*,*,#1312,.F.);
#604=ORIENTED_EDGE('',*,*,#1313,.T.);
#605=ORIENTED_EDGE('',*,*,#1314,.T.);
#606=ORIENTED_EDGE('',*,*,#1315,.T.);
#607=ORIENTED_EDGE('',*,*,#1273,.T.);
#608=ORIENTED_EDGE('',*,*,#1316,.F.);
#609=ORIENTED_EDGE('',*,*,#1317,.T.);
#610=ORIENTED_EDGE('',*,*,#1318,.T.);
#611=ORIENTED_EDGE('',*,*,#1283,.T.);
#612=ORIENTED_EDGE('',*,*,#1319,.F.);
#613=ORIENTED_EDGE('',*,*,#1320,.F.);
#614=ORIENTED_EDGE('',*,*,#1310,.T.);
#615=ORIENTED_EDGE('',*,*,#1284,.F.);
#616=ORIENTED_EDGE('',*,*,#1318,.F.);
#617=ORIENTED_EDGE('',*,*,#1321,.F.);
#618=ORIENTED_EDGE('',*,*,#1322,.T.);
#619=ORIENTED_EDGE('',*,*,#1323,.F.);
#620=ORIENTED_EDGE('',*,*,#1324,.F.);
#621=ORIENTED_EDGE('',*,*,#1275,.T.);
#622=ORIENTED_EDGE('',*,*,#1315,.F.);
#623=ORIENTED_EDGE('',*,*,#1325,.T.);
#624=ORIENTED_EDGE('',*,*,#1321,.T.);
#625=ORIENTED_EDGE('',*,*,#1274,.T.);
#626=ORIENTED_EDGE('',*,*,#1271,.T.);
#627=ORIENTED_EDGE('',*,*,#1326,.T.);
#628=ORIENTED_EDGE('',*,*,#1327,.T.);
#629=ORIENTED_EDGE('',*,*,#1328,.F.);
#630=ORIENTED_EDGE('',*,*,#1312,.T.);
#631=ORIENTED_EDGE('',*,*,#1272,.F.);
#632=ORIENTED_EDGE('',*,*,#1327,.F.);
#633=ORIENTED_EDGE('',*,*,#1329,.F.);
#634=ORIENTED_EDGE('',*,*,#1330,.T.);
#635=ORIENTED_EDGE('',*,*,#1286,.F.);
#636=ORIENTED_EDGE('',*,*,#1309,.F.);
#637=ORIENTED_EDGE('',*,*,#1331,.F.);
#638=ORIENTED_EDGE('',*,*,#1287,.F.);
#639=ORIENTED_EDGE('',*,*,#1330,.F.);
#640=ORIENTED_EDGE('',*,*,#1332,.F.);
#641=ORIENTED_EDGE('',*,*,#1333,.T.);
#642=ORIENTED_EDGE('',*,*,#1334,.F.);
#643=ORIENTED_EDGE('',*,*,#1335,.T.);
#644=ORIENTED_EDGE('',*,*,#1336,.F.);
#645=ORIENTED_EDGE('',*,*,#1337,.T.);
#646=ORIENTED_EDGE('',*,*,#1338,.F.);
#647=ORIENTED_EDGE('',*,*,#1339,.F.);
#648=ORIENTED_EDGE('',*,*,#1340,.F.);
#649=ORIENTED_EDGE('',*,*,#1341,.T.);
#650=ORIENTED_EDGE('',*,*,#1342,.F.);
#651=ORIENTED_EDGE('',*,*,#1343,.F.);
#652=ORIENTED_EDGE('',*,*,#1344,.T.);
#653=ORIENTED_EDGE('',*,*,#1339,.T.);
#654=ORIENTED_EDGE('',*,*,#1343,.T.);
#655=ORIENTED_EDGE('',*,*,#1345,.T.);
#656=ORIENTED_EDGE('',*,*,#1346,.F.);
#657=ORIENTED_EDGE('',*,*,#1347,.F.);
#658=ORIENTED_EDGE('',*,*,#1348,.F.);
#659=ORIENTED_EDGE('',*,*,#1349,.T.);
#660=ORIENTED_EDGE('',*,*,#1250,.T.);
#661=ORIENTED_EDGE('',*,*,#1350,.T.);
#662=ORIENTED_EDGE('',*,*,#1316,.T.);
#663=ORIENTED_EDGE('',*,*,#1351,.F.);
#664=ORIENTED_EDGE('',*,*,#1346,.T.);
#665=ORIENTED_EDGE('',*,*,#1352,.T.);
#666=ORIENTED_EDGE('',*,*,#1246,.T.);
#667=ORIENTED_EDGE('',*,*,#1353,.T.);
#668=ORIENTED_EDGE('',*,*,#1334,.T.);
#669=ORIENTED_EDGE('',*,*,#1354,.T.);
#670=ORIENTED_EDGE('',*,*,#1348,.T.);
#671=ORIENTED_EDGE('',*,*,#1355,.F.);
#672=ORIENTED_EDGE('',*,*,#1323,.T.);
#673=ORIENTED_EDGE('',*,*,#1356,.T.);
#674=ORIENTED_EDGE('',*,*,#1332,.T.);
#675=ORIENTED_EDGE('',*,*,#1357,.F.);
#676=ORIENTED_EDGE('',*,*,#1358,.F.);
#677=ORIENTED_EDGE('',*,*,#1359,.F.);
#678=ORIENTED_EDGE('',*,*,#1359,.T.);
#679=ORIENTED_EDGE('',*,*,#1360,.T.);
#680=ORIENTED_EDGE('',*,*,#1341,.F.);
#681=ORIENTED_EDGE('',*,*,#1361,.T.);
#682=ORIENTED_EDGE('',*,*,#1362,.F.);
#683=ORIENTED_EDGE('',*,*,#1311,.T.);
#684=ORIENTED_EDGE('',*,*,#1363,.F.);
#685=ORIENTED_EDGE('',*,*,#1364,.T.);
#686=ORIENTED_EDGE('',*,*,#1365,.T.);
#687=ORIENTED_EDGE('',*,*,#1366,.T.);
#688=ORIENTED_EDGE('',*,*,#1367,.F.);
#689=ORIENTED_EDGE('',*,*,#1368,.T.);
#690=ORIENTED_EDGE('',*,*,#1369,.F.);
#691=ORIENTED_EDGE('',*,*,#1297,.F.);
#692=ORIENTED_EDGE('',*,*,#1370,.T.);
#693=ORIENTED_EDGE('',*,*,#1371,.F.);
#694=ORIENTED_EDGE('',*,*,#1372,.T.);
#695=ORIENTED_EDGE('',*,*,#1295,.F.);
#696=ORIENTED_EDGE('',*,*,#1373,.F.);
#697=ORIENTED_EDGE('',*,*,#1374,.T.);
#698=ORIENTED_EDGE('',*,*,#1375,.F.);
#699=ORIENTED_EDGE('',*,*,#1368,.F.);
#700=ORIENTED_EDGE('',*,*,#1374,.F.);
#701=ORIENTED_EDGE('',*,*,#1376,.T.);
#702=ORIENTED_EDGE('',*,*,#1377,.F.);
#703=ORIENTED_EDGE('',*,*,#1314,.F.);
#704=ORIENTED_EDGE('',*,*,#1378,.F.);
#705=ORIENTED_EDGE('',*,*,#1261,.T.);
#706=ORIENTED_EDGE('',*,*,#1263,.T.);
#707=ORIENTED_EDGE('',*,*,#1379,.T.);
#708=ORIENTED_EDGE('',*,*,#1380,.F.);
#709=ORIENTED_EDGE('',*,*,#1344,.F.);
#710=ORIENTED_EDGE('',*,*,#1381,.F.);
#711=ORIENTED_EDGE('',*,*,#1382,.T.);
#712=ORIENTED_EDGE('',*,*,#1383,.F.);
#713=ORIENTED_EDGE('',*,*,#1303,.F.);
#714=ORIENTED_EDGE('',*,*,#1384,.T.);
#715=ORIENTED_EDGE('',*,*,#1385,.F.);
#716=ORIENTED_EDGE('',*,*,#1386,.T.);
#717=ORIENTED_EDGE('',*,*,#1301,.F.);
#718=ORIENTED_EDGE('',*,*,#1387,.F.);
#719=ORIENTED_EDGE('',*,*,#1382,.F.);
#720=ORIENTED_EDGE('',*,*,#1388,.F.);
#721=ORIENTED_EDGE('',*,*,#1389,.T.);
#722=ORIENTED_EDGE('',*,*,#1390,.F.);
#723=ORIENTED_EDGE('',*,*,#1389,.F.);
#724=ORIENTED_EDGE('',*,*,#1391,.F.);
#725=ORIENTED_EDGE('',*,*,#1299,.T.);
#726=ORIENTED_EDGE('',*,*,#1392,.F.);
#727=ORIENTED_EDGE('',*,*,#1248,.F.);
#728=ORIENTED_EDGE('',*,*,#1393,.F.);
#729=ORIENTED_EDGE('',*,*,#1366,.F.);
#730=ORIENTED_EDGE('',*,*,#1394,.T.);
#731=ORIENTED_EDGE('',*,*,#1364,.F.);
#732=ORIENTED_EDGE('',*,*,#1395,.F.);
#733=ORIENTED_EDGE('',*,*,#1396,.F.);
#734=ORIENTED_EDGE('',*,*,#1396,.T.);
#735=ORIENTED_EDGE('',*,*,#1397,.T.);
#736=ORIENTED_EDGE('',*,*,#1268,.F.);
#737=ORIENTED_EDGE('',*,*,#1290,.F.);
#738=ORIENTED_EDGE('',*,*,#1307,.T.);
#739=ORIENTED_EDGE('',*,*,#1292,.T.);
#740=ORIENTED_EDGE('',*,*,#1398,.F.);
#741=ORIENTED_EDGE('',*,*,#1337,.F.);
#742=ORIENTED_EDGE('',*,*,#1399,.F.);
#743=ORIENTED_EDGE('',*,*,#1277,.F.);
#744=ORIENTED_EDGE('',*,*,#1400,.F.);
#745=ORIENTED_EDGE('',*,*,#1251,.F.);
#746=ORIENTED_EDGE('',*,*,#1401,.F.);
#747=ORIENTED_EDGE('',*,*,#1281,.F.);
#748=ORIENTED_EDGE('',*,*,#1279,.T.);
#749=ORIENTED_EDGE('',*,*,#1402,.F.);
#750=ORIENTED_EDGE('',*,*,#1403,.F.);
#751=ORIENTED_EDGE('',*,*,#1404,.F.);
#752=ORIENTED_EDGE('',*,*,#1280,.T.);
#753=ORIENTED_EDGE('',*,*,#1404,.T.);
#754=ORIENTED_EDGE('',*,*,#1405,.T.);
#755=ORIENTED_EDGE('',*,*,#1400,.T.);
#756=ORIENTED_EDGE('',*,*,#1278,.T.);
#757=ORIENTED_EDGE('',*,*,#1399,.T.);
#758=ORIENTED_EDGE('',*,*,#1406,.T.);
#759=ORIENTED_EDGE('',*,*,#1402,.T.);
#760=ORIENTED_EDGE('',*,*,#1282,.T.);
#761=ORIENTED_EDGE('',*,*,#1401,.T.);
#762=ORIENTED_EDGE('',*,*,#1351,.T.);
#763=ORIENTED_EDGE('',*,*,#1319,.T.);
#764=ORIENTED_EDGE('',*,*,#1276,.T.);
#765=ORIENTED_EDGE('',*,*,#1324,.T.);
#766=ORIENTED_EDGE('',*,*,#1357,.T.);
#767=ORIENTED_EDGE('',*,*,#1398,.T.);
#768=ORIENTED_EDGE('',*,*,#1253,.F.);
#769=ORIENTED_EDGE('',*,*,#1407,.F.);
#770=ORIENTED_EDGE('',*,*,#1335,.F.);
#771=ORIENTED_EDGE('',*,*,#1408,.F.);
#772=ORIENTED_EDGE('',*,*,#1405,.F.);
#773=ORIENTED_EDGE('',*,*,#1409,.T.);
#774=ORIENTED_EDGE('',*,*,#1252,.F.);
#775=ORIENTED_EDGE('',*,*,#1409,.F.);
#776=ORIENTED_EDGE('',*,*,#1403,.T.);
#777=ORIENTED_EDGE('',*,*,#1410,.T.);
#778=ORIENTED_EDGE('',*,*,#1407,.T.);
#779=ORIENTED_EDGE('',*,*,#1406,.F.);
#780=ORIENTED_EDGE('',*,*,#1336,.T.);
#781=ORIENTED_EDGE('',*,*,#1410,.F.);
#782=ORIENTED_EDGE('',*,*,#1353,.F.);
#783=ORIENTED_EDGE('',*,*,#1408,.T.);
#784=ORIENTED_EDGE('',*,*,#1355,.T.);
#785=ORIENTED_EDGE('',*,*,#1347,.T.);
#786=ORIENTED_EDGE('',*,*,#1371,.T.);
#787=ORIENTED_EDGE('',*,*,#1411,.T.);
#788=ORIENTED_EDGE('',*,*,#1370,.F.);
#789=ORIENTED_EDGE('',*,*,#1296,.T.);
#790=ORIENTED_EDGE('',*,*,#1372,.F.);
#791=ORIENTED_EDGE('',*,*,#1411,.F.);
#792=ORIENTED_EDGE('',*,*,#1257,.T.);
#793=ORIENTED_EDGE('',*,*,#1412,.T.);
#794=ORIENTED_EDGE('',*,*,#1258,.F.);
#795=ORIENTED_EDGE('',*,*,#1412,.F.);
#796=ORIENTED_EDGE('',*,*,#1256,.F.);
#797=ORIENTED_EDGE('',*,*,#1305,.F.);
#798=ORIENTED_EDGE('',*,*,#1385,.T.);
#799=ORIENTED_EDGE('',*,*,#1413,.T.);
#800=ORIENTED_EDGE('',*,*,#1384,.F.);
#801=ORIENTED_EDGE('',*,*,#1302,.T.);
#802=ORIENTED_EDGE('',*,*,#1386,.F.);
#803=ORIENTED_EDGE('',*,*,#1413,.F.);
#804=ORIENTED_EDGE('',*,*,#1414,.F.);
#805=ORIENTED_EDGE('',*,*,#1264,.T.);
#806=ORIENTED_EDGE('',*,*,#1414,.T.);
#807=ORIENTED_EDGE('',*,*,#1415,.T.);
#808=ORIENTED_EDGE('',*,*,#1265,.F.);
#809=ORIENTED_EDGE('',*,*,#1415,.F.);
#810=ORIENTED_EDGE('',*,*,#1394,.F.);
#811=ORIENTED_EDGE('',*,*,#1365,.F.);
#812=ORIENTED_EDGE('',*,*,#1249,.F.);
#813=ORIENTED_EDGE('',*,*,#1392,.T.);
#814=ORIENTED_EDGE('',*,*,#1298,.F.);
#815=ORIENTED_EDGE('',*,*,#1369,.T.);
#816=ORIENTED_EDGE('',*,*,#1367,.T.);
#817=ORIENTED_EDGE('',*,*,#1393,.T.);
#818=ORIENTED_EDGE('',*,*,#1397,.F.);
#819=ORIENTED_EDGE('',*,*,#1395,.T.);
#820=ORIENTED_EDGE('',*,*,#1363,.T.);
#821=ORIENTED_EDGE('',*,*,#1320,.T.);
#822=ORIENTED_EDGE('',*,*,#1317,.F.);
#823=ORIENTED_EDGE('',*,*,#1350,.F.);
#824=ORIENTED_EDGE('',*,*,#1360,.F.);
#825=ORIENTED_EDGE('',*,*,#1358,.T.);
#826=ORIENTED_EDGE('',*,*,#1361,.F.);
#827=ORIENTED_EDGE('',*,*,#1340,.T.);
#828=ORIENTED_EDGE('',*,*,#1380,.T.);
#829=ORIENTED_EDGE('',*,*,#1387,.T.);
#830=ORIENTED_EDGE('',*,*,#1300,.F.);
#831=ORIENTED_EDGE('',*,*,#1391,.T.);
#832=ORIENTED_EDGE('',*,*,#1247,.F.);
#833=ORIENTED_EDGE('',*,*,#1352,.F.);
#834=ORIENTED_EDGE('',*,*,#1345,.F.);
#835=ORIENTED_EDGE('',*,*,#1342,.T.);
#836=ORIENTED_EDGE('',*,*,#1338,.T.);
#837=ORIENTED_EDGE('',*,*,#1356,.F.);
#838=ORIENTED_EDGE('',*,*,#1322,.F.);
#839=ORIENTED_EDGE('',*,*,#1325,.F.);
#840=ORIENTED_EDGE('',*,*,#1377,.T.);
#841=ORIENTED_EDGE('',*,*,#1260,.T.);
#842=ORIENTED_EDGE('',*,*,#1304,.F.);
#843=ORIENTED_EDGE('',*,*,#1383,.T.);
#844=ORIENTED_EDGE('',*,*,#1390,.T.);
#845=ORIENTED_EDGE('',*,*,#1388,.T.);
#846=ORIENTED_EDGE('',*,*,#1381,.T.);
#847=ORIENTED_EDGE('',*,*,#1349,.F.);
#848=ORIENTED_EDGE('',*,*,#1354,.F.);
#849=ORIENTED_EDGE('',*,*,#1333,.F.);
#850=ORIENTED_EDGE('',*,*,#1326,.F.);
#851=ORIENTED_EDGE('',*,*,#1270,.T.);
#852=ORIENTED_EDGE('',*,*,#1291,.T.);
#853=ORIENTED_EDGE('',*,*,#1306,.F.);
#854=ORIENTED_EDGE('',*,*,#1254,.T.);
#855=ORIENTED_EDGE('',*,*,#1379,.F.);
#856=ORIENTED_EDGE('',*,*,#1262,.T.);
#857=ORIENTED_EDGE('',*,*,#1378,.T.);
#858=ORIENTED_EDGE('',*,*,#1313,.F.);
#859=ORIENTED_EDGE('',*,*,#1328,.T.);
#860=ORIENTED_EDGE('',*,*,#1331,.T.);
#861=ORIENTED_EDGE('',*,*,#1329,.T.);
#862=ORIENTED_EDGE('',*,*,#1308,.T.);
#863=ORIENTED_EDGE('',*,*,#1362,.T.);
#864=ORIENTED_EDGE('',*,*,#1375,.T.);
#865=ORIENTED_EDGE('',*,*,#1376,.F.);
#866=ORIENTED_EDGE('',*,*,#1373,.T.);
#867=ORIENTED_EDGE('',*,*,#1294,.F.);
#868=ORIENTED_EDGE('',*,*,#1288,.F.);
#869=ORIENTED_EDGE('',*,*,#1266,.T.);
#870=ORIENTED_EDGE('',*,*,#1416,.T.);
#871=ORIENTED_EDGE('',*,*,#1417,.T.);
#872=ORIENTED_EDGE('',*,*,#1418,.T.);
#873=ORIENTED_EDGE('',*,*,#1419,.T.);
#874=ORIENTED_EDGE('',*,*,#1420,.T.);
#875=ORIENTED_EDGE('',*,*,#1421,.T.);
#876=ORIENTED_EDGE('',*,*,#1422,.T.);
#877=ORIENTED_EDGE('',*,*,#1423,.F.);
#878=ORIENTED_EDGE('',*,*,#1424,.T.);
#879=ORIENTED_EDGE('',*,*,#1425,.T.);
#880=ORIENTED_EDGE('',*,*,#1426,.F.);
#881=ORIENTED_EDGE('',*,*,#1427,.F.);
#882=ORIENTED_EDGE('',*,*,#1428,.F.);
#883=ORIENTED_EDGE('',*,*,#1429,.T.);
#884=ORIENTED_EDGE('',*,*,#1430,.F.);
#885=ORIENTED_EDGE('',*,*,#1431,.T.);
#886=ORIENTED_EDGE('',*,*,#1432,.T.);
#887=ORIENTED_EDGE('',*,*,#1433,.T.);
#888=ORIENTED_EDGE('',*,*,#1434,.T.);
#889=ORIENTED_EDGE('',*,*,#1435,.T.);
#890=ORIENTED_EDGE('',*,*,#1436,.T.);
#891=ORIENTED_EDGE('',*,*,#1437,.T.);
#892=ORIENTED_EDGE('',*,*,#1438,.F.);
#893=ORIENTED_EDGE('',*,*,#1439,.F.);
#894=ORIENTED_EDGE('',*,*,#1440,.F.);
#895=ORIENTED_EDGE('',*,*,#1441,.F.);
#896=ORIENTED_EDGE('',*,*,#1442,.T.);
#897=ORIENTED_EDGE('',*,*,#1443,.F.);
#898=ORIENTED_EDGE('',*,*,#1444,.F.);
#899=ORIENTED_EDGE('',*,*,#1445,.F.);
#900=ORIENTED_EDGE('',*,*,#1446,.T.);
#901=ORIENTED_EDGE('',*,*,#1447,.F.);
#902=ORIENTED_EDGE('',*,*,#1448,.F.);
#903=ORIENTED_EDGE('',*,*,#1449,.T.);
#904=ORIENTED_EDGE('',*,*,#1450,.F.);
#905=ORIENTED_EDGE('',*,*,#1451,.T.);
#906=ORIENTED_EDGE('',*,*,#1452,.T.);
#907=ORIENTED_EDGE('',*,*,#1453,.T.);
#908=ORIENTED_EDGE('',*,*,#1454,.T.);
#909=ORIENTED_EDGE('',*,*,#1430,.T.);
#910=ORIENTED_EDGE('',*,*,#1455,.F.);
#911=ORIENTED_EDGE('',*,*,#1456,.F.);
#912=ORIENTED_EDGE('',*,*,#1457,.T.);
#913=ORIENTED_EDGE('',*,*,#1420,.F.);
#914=ORIENTED_EDGE('',*,*,#1458,.F.);
#915=ORIENTED_EDGE('',*,*,#1459,.F.);
#916=ORIENTED_EDGE('',*,*,#1460,.T.);
#917=ORIENTED_EDGE('',*,*,#1461,.T.);
#918=ORIENTED_EDGE('',*,*,#1462,.T.);
#919=ORIENTED_EDGE('',*,*,#1463,.F.);
#920=ORIENTED_EDGE('',*,*,#1464,.F.);
#921=ORIENTED_EDGE('',*,*,#1423,.T.);
#922=ORIENTED_EDGE('',*,*,#1465,.F.);
#923=ORIENTED_EDGE('',*,*,#1466,.F.);
#924=ORIENTED_EDGE('',*,*,#1460,.F.);
#925=ORIENTED_EDGE('',*,*,#1467,.F.);
#926=ORIENTED_EDGE('',*,*,#1468,.T.);
#927=ORIENTED_EDGE('',*,*,#1469,.T.);
#928=ORIENTED_EDGE('',*,*,#1470,.F.);
#929=ORIENTED_EDGE('',*,*,#1471,.T.);
#930=ORIENTED_EDGE('',*,*,#1472,.T.);
#931=ORIENTED_EDGE('',*,*,#1473,.T.);
#932=ORIENTED_EDGE('',*,*,#1474,.F.);
#933=ORIENTED_EDGE('',*,*,#1475,.T.);
#934=ORIENTED_EDGE('',*,*,#1476,.T.);
#935=ORIENTED_EDGE('',*,*,#1477,.T.);
#936=ORIENTED_EDGE('',*,*,#1456,.T.);
#937=ORIENTED_EDGE('',*,*,#1478,.F.);
#938=ORIENTED_EDGE('',*,*,#1479,.T.);
#939=ORIENTED_EDGE('',*,*,#1427,.T.);
#940=ORIENTED_EDGE('',*,*,#1480,.T.);
#941=ORIENTED_EDGE('',*,*,#1481,.F.);
#942=ORIENTED_EDGE('',*,*,#1424,.F.);
#943=ORIENTED_EDGE('',*,*,#1464,.T.);
#944=ORIENTED_EDGE('',*,*,#1482,.F.);
#945=ORIENTED_EDGE('',*,*,#1483,.F.);
#946=ORIENTED_EDGE('',*,*,#1480,.F.);
#947=ORIENTED_EDGE('',*,*,#1426,.T.);
#948=ORIENTED_EDGE('',*,*,#1484,.T.);
#949=ORIENTED_EDGE('',*,*,#1485,.T.);
#950=ORIENTED_EDGE('',*,*,#1425,.F.);
#951=ORIENTED_EDGE('',*,*,#1483,.T.);
#952=ORIENTED_EDGE('',*,*,#1486,.T.);
#953=ORIENTED_EDGE('',*,*,#1484,.F.);
#954=ORIENTED_EDGE('',*,*,#1442,.F.);
#955=ORIENTED_EDGE('',*,*,#1487,.F.);
#956=ORIENTED_EDGE('',*,*,#1474,.T.);
#957=ORIENTED_EDGE('',*,*,#1488,.F.);
#958=ORIENTED_EDGE('',*,*,#1446,.F.);
#959=ORIENTED_EDGE('',*,*,#1489,.F.);
#960=ORIENTED_EDGE('',*,*,#1470,.T.);
#961=ORIENTED_EDGE('',*,*,#1490,.F.);
#962=ORIENTED_EDGE('',*,*,#1491,.F.);
#963=ORIENTED_EDGE('',*,*,#1444,.T.);
#964=ORIENTED_EDGE('',*,*,#1492,.F.);
#965=ORIENTED_EDGE('',*,*,#1472,.F.);
#966=ORIENTED_EDGE('',*,*,#1489,.T.);
#967=ORIENTED_EDGE('',*,*,#1445,.T.);
#968=ORIENTED_EDGE('',*,*,#1491,.T.);
#969=ORIENTED_EDGE('',*,*,#1471,.F.);
#970=ORIENTED_EDGE('',*,*,#1492,.T.);
#971=ORIENTED_EDGE('',*,*,#1443,.T.);
#972=ORIENTED_EDGE('',*,*,#1488,.T.);
#973=ORIENTED_EDGE('',*,*,#1473,.F.);
#974=ORIENTED_EDGE('',*,*,#1493,.T.);
#975=ORIENTED_EDGE('',*,*,#1448,.T.);
#976=ORIENTED_EDGE('',*,*,#1494,.F.);
#977=ORIENTED_EDGE('',*,*,#1468,.F.);
#978=ORIENTED_EDGE('',*,*,#1449,.F.);
#979=ORIENTED_EDGE('',*,*,#1493,.F.);
#980=ORIENTED_EDGE('',*,*,#1467,.T.);
#981=ORIENTED_EDGE('',*,*,#1459,.T.);
#982=ORIENTED_EDGE('',*,*,#1495,.T.);
#983=ORIENTED_EDGE('',*,*,#1496,.F.);
#984=ORIENTED_EDGE('',*,*,#1440,.T.);
#985=ORIENTED_EDGE('',*,*,#1497,.F.);
#986=ORIENTED_EDGE('',*,*,#1476,.F.);
#987=ORIENTED_EDGE('',*,*,#1497,.T.);
#988=ORIENTED_EDGE('',*,*,#1439,.T.);
#989=ORIENTED_EDGE('',*,*,#1498,.F.);
#990=ORIENTED_EDGE('',*,*,#1457,.F.);
#991=ORIENTED_EDGE('',*,*,#1477,.F.);
#992=ORIENTED_EDGE('',*,*,#1494,.T.);
#993=ORIENTED_EDGE('',*,*,#1447,.T.);
#994=ORIENTED_EDGE('',*,*,#1490,.T.);
#995=ORIENTED_EDGE('',*,*,#1469,.F.);
#996=ORIENTED_EDGE('',*,*,#1487,.T.);
#997=ORIENTED_EDGE('',*,*,#1441,.T.);
#998=ORIENTED_EDGE('',*,*,#1496,.T.);
#999=ORIENTED_EDGE('',*,*,#1475,.F.);
#1000=ORIENTED_EDGE('',*,*,#1499,.T.);
#1001=ORIENTED_EDGE('',*,*,#1428,.T.);
#1002=ORIENTED_EDGE('',*,*,#1479,.F.);
#1003=ORIENTED_EDGE('',*,*,#1429,.F.);
#1004=ORIENTED_EDGE('',*,*,#1499,.F.);
#1005=ORIENTED_EDGE('',*,*,#1478,.T.);
#1006=ORIENTED_EDGE('',*,*,#1455,.T.);
#1007=ORIENTED_EDGE('',*,*,#1421,.F.);
#1008=ORIENTED_EDGE('',*,*,#1461,.F.);
#1009=ORIENTED_EDGE('',*,*,#1466,.T.);
#1010=ORIENTED_EDGE('',*,*,#1500,.T.);
#1011=ORIENTED_EDGE('',*,*,#1422,.F.);
#1012=ORIENTED_EDGE('',*,*,#1500,.F.);
#1013=ORIENTED_EDGE('',*,*,#1465,.T.);
#1014=ORIENTED_EDGE('',*,*,#1416,.F.);
#1015=ORIENTED_EDGE('',*,*,#1501,.T.);
#1016=ORIENTED_EDGE('',*,*,#1502,.F.);
#1017=ORIENTED_EDGE('',*,*,#1450,.T.);
#1018=ORIENTED_EDGE('',*,*,#1495,.F.);
#1019=ORIENTED_EDGE('',*,*,#1453,.F.);
#1020=ORIENTED_EDGE('',*,*,#1503,.T.);
#1021=ORIENTED_EDGE('',*,*,#1417,.F.);
#1022=ORIENTED_EDGE('',*,*,#1501,.F.);
#1023=ORIENTED_EDGE('',*,*,#1452,.F.);
#1024=ORIENTED_EDGE('',*,*,#1504,.T.);
#1025=ORIENTED_EDGE('',*,*,#1418,.F.);
#1026=ORIENTED_EDGE('',*,*,#1503,.F.);
#1027=ORIENTED_EDGE('',*,*,#1451,.F.);
#1028=ORIENTED_EDGE('',*,*,#1502,.T.);
#1029=ORIENTED_EDGE('',*,*,#1458,.T.);
#1030=ORIENTED_EDGE('',*,*,#1419,.F.);
#1031=ORIENTED_EDGE('',*,*,#1504,.F.);
#1032=ORIENTED_EDGE('',*,*,#1498,.T.);
#1033=ORIENTED_EDGE('',*,*,#1438,.T.);
#1034=ORIENTED_EDGE('',*,*,#1505,.T.);
#1035=ORIENTED_EDGE('',*,*,#1434,.F.);
#1036=ORIENTED_EDGE('',*,*,#1506,.F.);
#1037=ORIENTED_EDGE('',*,*,#1433,.F.);
#1038=ORIENTED_EDGE('',*,*,#1507,.F.);
#1039=ORIENTED_EDGE('',*,*,#1435,.F.);
#1040=ORIENTED_EDGE('',*,*,#1506,.T.);
#1041=ORIENTED_EDGE('',*,*,#1436,.F.);
#1042=ORIENTED_EDGE('',*,*,#1507,.T.);
#1043=ORIENTED_EDGE('',*,*,#1432,.F.);
#1044=ORIENTED_EDGE('',*,*,#1508,.F.);
#1045=ORIENTED_EDGE('',*,*,#1431,.F.);
#1046=ORIENTED_EDGE('',*,*,#1454,.F.);
#1047=ORIENTED_EDGE('',*,*,#1505,.F.);
#1048=ORIENTED_EDGE('',*,*,#1437,.F.);
#1049=ORIENTED_EDGE('',*,*,#1508,.T.);
#1050=ORIENTED_EDGE('',*,*,#1481,.T.);
#1051=ORIENTED_EDGE('',*,*,#1485,.F.);
#1052=ORIENTED_EDGE('',*,*,#1486,.F.);
#1053=ORIENTED_EDGE('',*,*,#1482,.T.);
#1054=ORIENTED_EDGE('',*,*,#1509,.F.);
#1055=ORIENTED_EDGE('',*,*,#1510,.T.);
#1056=ORIENTED_EDGE('',*,*,#1511,.T.);
#1057=ORIENTED_EDGE('',*,*,#1462,.F.);
#1058=ORIENTED_EDGE('',*,*,#1509,.T.);
#1059=ORIENTED_EDGE('',*,*,#1511,.F.);
#1060=ORIENTED_EDGE('',*,*,#1510,.F.);
#1061=ORIENTED_EDGE('',*,*,#1512,.T.);
#1062=ORIENTED_EDGE('',*,*,#1513,.F.);
#1063=ORIENTED_EDGE('',*,*,#1514,.F.);
#1064=ORIENTED_EDGE('',*,*,#1463,.T.);
#1065=ORIENTED_EDGE('',*,*,#1512,.F.);
#1066=ORIENTED_EDGE('',*,*,#1514,.T.);
#1067=ORIENTED_EDGE('',*,*,#1513,.T.);
#1068=ORIENTED_EDGE('',*,*,#1515,.F.);
#1069=ORIENTED_EDGE('',*,*,#1516,.F.);
#1070=ORIENTED_EDGE('',*,*,#1515,.T.);
#1071=ORIENTED_EDGE('',*,*,#1517,.F.);
#1072=ORIENTED_EDGE('',*,*,#1518,.T.);
#1073=ORIENTED_EDGE('',*,*,#1519,.T.);
#1074=ORIENTED_EDGE('',*,*,#1520,.T.);
#1075=ORIENTED_EDGE('',*,*,#1521,.T.);
#1076=ORIENTED_EDGE('',*,*,#1520,.F.);
#1077=ORIENTED_EDGE('',*,*,#1522,.T.);
#1078=ORIENTED_EDGE('',*,*,#1523,.T.);
#1079=ORIENTED_EDGE('',*,*,#1524,.T.);
#1080=ORIENTED_EDGE('',*,*,#1525,.F.);
#1081=ORIENTED_EDGE('',*,*,#1526,.T.);
#1082=ORIENTED_EDGE('',*,*,#1527,.T.);
#1083=ORIENTED_EDGE('',*,*,#1528,.T.);
#1084=ORIENTED_EDGE('',*,*,#1529,.T.);
#1085=ORIENTED_EDGE('',*,*,#1530,.T.);
#1086=ORIENTED_EDGE('',*,*,#1531,.F.);
#1087=ORIENTED_EDGE('',*,*,#1532,.T.);
#1088=ORIENTED_EDGE('',*,*,#1533,.F.);
#1089=ORIENTED_EDGE('',*,*,#1523,.F.);
#1090=ORIENTED_EDGE('',*,*,#1534,.F.);
#1091=ORIENTED_EDGE('',*,*,#1535,.T.);
#1092=ORIENTED_EDGE('',*,*,#1525,.T.);
#1093=ORIENTED_EDGE('',*,*,#1536,.T.);
#1094=ORIENTED_EDGE('',*,*,#1537,.T.);
#1095=ORIENTED_EDGE('',*,*,#1538,.F.);
#1096=ORIENTED_EDGE('',*,*,#1539,.T.);
#1097=ORIENTED_EDGE('',*,*,#1540,.T.);
#1098=ORIENTED_EDGE('',*,*,#1527,.F.);
#1099=ORIENTED_EDGE('',*,*,#1541,.T.);
#1100=ORIENTED_EDGE('',*,*,#1542,.T.);
#1101=ORIENTED_EDGE('',*,*,#1543,.T.);
#1102=ORIENTED_EDGE('',*,*,#1544,.T.);
#1103=ORIENTED_EDGE('',*,*,#1545,.F.);
#1104=ORIENTED_EDGE('',*,*,#1534,.T.);
#1105=ORIENTED_EDGE('',*,*,#1546,.F.);
#1106=ORIENTED_EDGE('',*,*,#1532,.F.);
#1107=ORIENTED_EDGE('',*,*,#1547,.T.);
#1108=ORIENTED_EDGE('',*,*,#1548,.T.);
#1109=ORIENTED_EDGE('',*,*,#1543,.F.);
#1110=ORIENTED_EDGE('',*,*,#1549,.T.);
#1111=ORIENTED_EDGE('',*,*,#1518,.F.);
#1112=ORIENTED_EDGE('',*,*,#1550,.F.);
#1113=ORIENTED_EDGE('',*,*,#1539,.F.);
#1114=ORIENTED_EDGE('',*,*,#1551,.T.);
#1115=ORIENTED_EDGE('',*,*,#1541,.F.);
#1116=ORIENTED_EDGE('',*,*,#1552,.T.);
#1117=ORIENTED_EDGE('',*,*,#1516,.T.);
#1118=ORIENTED_EDGE('',*,*,#1553,.F.);
#1119=ORIENTED_EDGE('',*,*,#1553,.T.);
#1120=ORIENTED_EDGE('',*,*,#1537,.F.);
#1121=ORIENTED_EDGE('',*,*,#1554,.T.);
#1122=ORIENTED_EDGE('',*,*,#1555,.T.);
#1123=ORIENTED_EDGE('',*,*,#1529,.F.);
#1124=ORIENTED_EDGE('',*,*,#1556,.T.);
#1125=ORIENTED_EDGE('',*,*,#1533,.T.);
#1126=ORIENTED_EDGE('',*,*,#1546,.T.);
#1127=ORIENTED_EDGE('',*,*,#1536,.F.);
#1128=ORIENTED_EDGE('',*,*,#1524,.F.);
#1129=ORIENTED_EDGE('',*,*,#1547,.F.);
#1130=ORIENTED_EDGE('',*,*,#1557,.T.);
#1131=ORIENTED_EDGE('',*,*,#1557,.F.);
#1132=ORIENTED_EDGE('',*,*,#1517,.T.);
#1133=ORIENTED_EDGE('',*,*,#1530,.F.);
#1134=ORIENTED_EDGE('',*,*,#1555,.F.);
#1135=ORIENTED_EDGE('',*,*,#1558,.F.);
#1136=ORIENTED_EDGE('',*,*,#1521,.F.);
#1137=ORIENTED_EDGE('',*,*,#1550,.T.);
#1138=ORIENTED_EDGE('',*,*,#1558,.T.);
#1139=ORIENTED_EDGE('',*,*,#1559,.F.);
#1140=ORIENTED_EDGE('',*,*,#1528,.F.);
#1141=ORIENTED_EDGE('',*,*,#1540,.F.);
#1142=ORIENTED_EDGE('',*,*,#1560,.F.);
#1143=ORIENTED_EDGE('',*,*,#1556,.F.);
#1144=ORIENTED_EDGE('',*,*,#1559,.T.);
#1145=ORIENTED_EDGE('',*,*,#1554,.F.);
#1146=ORIENTED_EDGE('',*,*,#1561,.F.);
#1147=ORIENTED_EDGE('',*,*,#1544,.F.);
#1148=ORIENTED_EDGE('',*,*,#1561,.T.);
#1149=ORIENTED_EDGE('',*,*,#1560,.T.);
#1150=ORIENTED_EDGE('',*,*,#1552,.F.);
#1151=ORIENTED_EDGE('',*,*,#1522,.F.);
#1152=ORIENTED_EDGE('',*,*,#1519,.F.);
#1153=ORIENTED_EDGE('',*,*,#1549,.F.);
#1154=ORIENTED_EDGE('',*,*,#1542,.F.);
#1155=ORIENTED_EDGE('',*,*,#1551,.F.);
#1156=ORIENTED_EDGE('',*,*,#1538,.T.);
#1157=ORIENTED_EDGE('',*,*,#1526,.F.);
#1158=ORIENTED_EDGE('',*,*,#1535,.F.);
#1159=ORIENTED_EDGE('',*,*,#1545,.T.);
#1160=ORIENTED_EDGE('',*,*,#1531,.T.);
#1161=ORIENTED_EDGE('',*,*,#1548,.F.);
#1162=ORIENTED_EDGE('',*,*,#1562,.F.);
#1163=ORIENTED_EDGE('',*,*,#1563,.T.);
#1164=ORIENTED_EDGE('',*,*,#1562,.T.);
#1165=ORIENTED_EDGE('',*,*,#1564,.F.);
#1166=ORIENTED_EDGE('',*,*,#1565,.F.);
#1167=ORIENTED_EDGE('',*,*,#1566,.T.);
#1168=ORIENTED_EDGE('',*,*,#1567,.F.);
#1169=ORIENTED_EDGE('',*,*,#1568,.T.);
#1170=ORIENTED_EDGE('',*,*,#1569,.F.);
#1171=ORIENTED_EDGE('',*,*,#1570,.T.);
#1172=ORIENTED_EDGE('',*,*,#1571,.T.);
#1173=ORIENTED_EDGE('',*,*,#1572,.F.);
#1174=ORIENTED_EDGE('',*,*,#1573,.T.);
#1175=ORIENTED_EDGE('',*,*,#1574,.T.);
#1176=ORIENTED_EDGE('',*,*,#1575,.T.);
#1177=ORIENTED_EDGE('',*,*,#1576,.F.);
#1178=ORIENTED_EDGE('',*,*,#1575,.F.);
#1179=ORIENTED_EDGE('',*,*,#1577,.T.);
#1180=ORIENTED_EDGE('',*,*,#1578,.T.);
#1181=ORIENTED_EDGE('',*,*,#1579,.T.);
#1182=ORIENTED_EDGE('',*,*,#1567,.T.);
#1183=ORIENTED_EDGE('',*,*,#1580,.F.);
#1184=ORIENTED_EDGE('',*,*,#1581,.F.);
#1185=ORIENTED_EDGE('',*,*,#1582,.T.);
#1186=ORIENTED_EDGE('',*,*,#1583,.T.);
#1187=ORIENTED_EDGE('',*,*,#1584,.F.);
#1188=ORIENTED_EDGE('',*,*,#1585,.T.);
#1189=ORIENTED_EDGE('',*,*,#1583,.F.);
#1190=ORIENTED_EDGE('',*,*,#1586,.T.);
#1191=ORIENTED_EDGE('',*,*,#1573,.F.);
#1192=ORIENTED_EDGE('',*,*,#1587,.T.);
#1193=ORIENTED_EDGE('',*,*,#1584,.T.);
#1194=ORIENTED_EDGE('',*,*,#1588,.T.);
#1195=ORIENTED_EDGE('',*,*,#1589,.F.);
#1196=ORIENTED_EDGE('',*,*,#1590,.T.);
#1197=ORIENTED_EDGE('',*,*,#1565,.T.);
#1198=ORIENTED_EDGE('',*,*,#1591,.T.);
#1199=ORIENTED_EDGE('',*,*,#1592,.T.);
#1200=ORIENTED_EDGE('',*,*,#1593,.T.);
#1201=ORIENTED_EDGE('',*,*,#1594,.F.);
#1202=ORIENTED_EDGE('',*,*,#1589,.T.);
#1203=ORIENTED_EDGE('',*,*,#1595,.F.);
#1204=ORIENTED_EDGE('',*,*,#1581,.T.);
#1205=ORIENTED_EDGE('',*,*,#1563,.F.);
#1206=ORIENTED_EDGE('',*,*,#1596,.T.);
#1207=ORIENTED_EDGE('',*,*,#1596,.F.);
#1208=ORIENTED_EDGE('',*,*,#1564,.T.);
#1209=ORIENTED_EDGE('',*,*,#1597,.T.);
#1210=ORIENTED_EDGE('',*,*,#1571,.F.);
#1211=ORIENTED_EDGE('',*,*,#1569,.T.);
#1212=ORIENTED_EDGE('',*,*,#1597,.F.);
#1213=ORIENTED_EDGE('',*,*,#1582,.F.);
#1214=ORIENTED_EDGE('',*,*,#1595,.T.);
#1215=ORIENTED_EDGE('',*,*,#1588,.F.);
#1216=ORIENTED_EDGE('',*,*,#1586,.F.);
#1217=ORIENTED_EDGE('',*,*,#1578,.F.);
#1218=ORIENTED_EDGE('',*,*,#1598,.T.);
#1219=ORIENTED_EDGE('',*,*,#1592,.F.);
#1220=ORIENTED_EDGE('',*,*,#1599,.T.);
#1221=ORIENTED_EDGE('',*,*,#1577,.F.);
#1222=ORIENTED_EDGE('',*,*,#1574,.F.);
#1223=ORIENTED_EDGE('',*,*,#1593,.F.);
#1224=ORIENTED_EDGE('',*,*,#1598,.F.);
#1225=ORIENTED_EDGE('',*,*,#1579,.F.);
#1226=ORIENTED_EDGE('',*,*,#1599,.F.);
#1227=ORIENTED_EDGE('',*,*,#1591,.F.);
#1228=ORIENTED_EDGE('',*,*,#1568,.F.);
#1229=ORIENTED_EDGE('',*,*,#1587,.F.);
#1230=ORIENTED_EDGE('',*,*,#1572,.T.);
#1231=ORIENTED_EDGE('',*,*,#1576,.T.);
#1232=ORIENTED_EDGE('',*,*,#1585,.F.);
#1233=ORIENTED_EDGE('',*,*,#1570,.F.);
#1234=ORIENTED_EDGE('',*,*,#1566,.F.);
#1235=ORIENTED_EDGE('',*,*,#1590,.F.);
#1236=ORIENTED_EDGE('',*,*,#1594,.T.);
#1237=ORIENTED_EDGE('',*,*,#1580,.T.);
#1238=EDGE_CURVE('',#1600,#1600,#1846,.T.);
#1239=EDGE_CURVE('',#1601,#1601,#1847,.F.);
#1240=EDGE_CURVE('',#1602,#1602,#1848,.T.);
#1241=EDGE_CURVE('',#1603,#1603,#1849,.F.);
#1242=EDGE_CURVE('',#1604,#1604,#1850,.T.);
#1243=EDGE_CURVE('',#1605,#1605,#1851,.F.);
#1244=EDGE_CURVE('',#1606,#1606,#1852,.T.);
#1245=EDGE_CURVE('',#1607,#1607,#1853,.F.);
#1246=EDGE_CURVE('',#1608,#1609,#394,.T.);
#1247=EDGE_CURVE('',#1608,#1610,#1854,.F.);
#1248=EDGE_CURVE('',#1610,#1611,#395,.T.);
#1249=EDGE_CURVE('',#1611,#1612,#1855,.F.);
#1250=EDGE_CURVE('',#1613,#1612,#396,.T.);
#1251=EDGE_CURVE('',#1613,#1614,#390,.F.);
#1252=EDGE_CURVE('',#1614,#1615,#1856,.T.);
#1253=EDGE_CURVE('',#1615,#1609,#391,.T.);
#1254=EDGE_CURVE('',#1616,#1617,#35,.F.);
#1255=EDGE_CURVE('',#1616,#1618,#1857,.F.);
#1256=EDGE_CURVE('',#1618,#1619,#397,.T.);
#1257=EDGE_CURVE('',#1620,#1619,#1858,.F.);
#1258=EDGE_CURVE('',#1620,#1621,#398,.T.);
#1259=EDGE_CURVE('',#1621,#1622,#1859,.F.);
#1260=EDGE_CURVE('',#1623,#1622,#36,.F.);
#1261=EDGE_CURVE('',#1624,#1623,#399,.T.);
#1262=EDGE_CURVE('',#1625,#1624,#37,.F.);
#1263=EDGE_CURVE('',#1617,#1625,#1860,.F.);
#1264=EDGE_CURVE('',#1626,#1626,#1861,.T.);
#1265=EDGE_CURVE('',#1627,#1627,#1862,.T.);
#1266=EDGE_CURVE('',#1628,#1629,#38,.T.);
#1267=EDGE_CURVE('',#1628,#1630,#39,.T.);
#1268=EDGE_CURVE('',#1630,#1631,#40,.T.);
#1269=EDGE_CURVE('',#1632,#1631,#41,.T.);
#1270=EDGE_CURVE('',#1633,#1632,#42,.T.);
#1271=EDGE_CURVE('',#1634,#1633,#43,.T.);
#1272=EDGE_CURVE('',#1634,#1635,#44,.T.);
#1273=EDGE_CURVE('',#1636,#1635,#45,.T.);
#1274=EDGE_CURVE('',#1637,#1636,#46,.T.);
#1275=EDGE_CURVE('',#1638,#1637,#47,.T.);
#1276=EDGE_CURVE('',#1639,#1638,#1863,.T.);
#1277=EDGE_CURVE('',#1639,#1640,#48,.T.);
#1278=EDGE_CURVE('',#1641,#1640,#1864,.T.);
#1279=EDGE_CURVE('',#1642,#1641,#1865,.F.);
#1280=EDGE_CURVE('',#1643,#1642,#1866,.T.);
#1281=EDGE_CURVE('',#1643,#1644,#49,.T.);
#1282=EDGE_CURVE('',#1645,#1644,#1867,.T.);
#1283=EDGE_CURVE('',#1646,#1645,#50,.T.);
#1284=EDGE_CURVE('',#1646,#1647,#51,.T.);
#1285=EDGE_CURVE('',#1647,#1648,#52,.T.);
#1286=EDGE_CURVE('',#1648,#1649,#53,.T.);
#1287=EDGE_CURVE('',#1649,#1629,#54,.T.);
#1288=EDGE_CURVE('',#1628,#1650,#55,.T.);
#1289=EDGE_CURVE('',#1650,#1651,#56,.T.);
#1290=EDGE_CURVE('',#1651,#1630,#57,.T.);
#1291=EDGE_CURVE('',#1632,#1652,#58,.T.);
#1292=EDGE_CURVE('',#1653,#1631,#59,.T.);
#1293=EDGE_CURVE('',#1652,#1653,#60,.T.);
#1294=EDGE_CURVE('',#1650,#1654,#61,.T.);
#1295=EDGE_CURVE('',#1654,#1655,#1868,.F.);
#1296=EDGE_CURVE('',#1656,#1655,#1869,.T.);
#1297=EDGE_CURVE('',#1656,#1657,#1870,.F.);
#1298=EDGE_CURVE('',#1657,#1658,#62,.T.);
#1299=EDGE_CURVE('',#1659,#1658,#1871,.T.);
#1300=EDGE_CURVE('',#1659,#1660,#63,.T.);
#1301=EDGE_CURVE('',#1660,#1661,#1872,.F.);
#1302=EDGE_CURVE('',#1662,#1661,#1873,.T.);
#1303=EDGE_CURVE('',#1662,#1663,#1874,.F.);
#1304=EDGE_CURVE('',#1663,#1622,#64,.T.);
#1305=EDGE_CURVE('',#1621,#1618,#1875,.T.);
#1306=EDGE_CURVE('',#1616,#1652,#65,.T.);
#1307=EDGE_CURVE('',#1651,#1653,#66,.T.);
#1308=EDGE_CURVE('',#1664,#1665,#67,.T.);
#1309=EDGE_CURVE('',#1664,#1648,#1876,.T.);
#1310=EDGE_CURVE('',#1666,#1647,#1877,.T.);
#1311=EDGE_CURVE('',#1665,#1666,#1878,.T.);
#1312=EDGE_CURVE('',#1667,#1635,#1879,.T.);
#1313=EDGE_CURVE('',#1667,#1668,#68,.T.);
#1314=EDGE_CURVE('',#1668,#1669,#1880,.T.);
#1315=EDGE_CURVE('',#1669,#1636,#1881,.T.);
#1316=EDGE_CURVE('',#1670,#1671,#400,.T.);
#1317=EDGE_CURVE('',#1670,#1672,#69,.T.);
#1318=EDGE_CURVE('',#1672,#1646,#1882,.T.);
#1319=EDGE_CURVE('',#1671,#1645,#1883,.T.);
#1320=EDGE_CURVE('',#1666,#1672,#70,.F.);
#1321=EDGE_CURVE('',#1673,#1637,#1884,.T.);
#1322=EDGE_CURVE('',#1673,#1674,#71,.T.);
#1323=EDGE_CURVE('',#1675,#1674,#401,.T.);
#1324=EDGE_CURVE('',#1638,#1675,#1885,.T.);
#1325=EDGE_CURVE('',#1669,#1673,#72,.F.);
#1326=EDGE_CURVE('',#1633,#1676,#73,.T.);
#1327=EDGE_CURVE('',#1676,#1634,#1886,.T.);
#1328=EDGE_CURVE('',#1667,#1676,#74,.F.);
#1329=EDGE_CURVE('',#1677,#1664,#75,.F.);
#1330=EDGE_CURVE('',#1677,#1649,#1887,.T.);
#1331=EDGE_CURVE('',#1629,#1677,#76,.T.);
#1332=EDGE_CURVE('',#1678,#1679,#402,.T.);
#1333=EDGE_CURVE('',#1678,#1680,#1888,.F.);
#1334=EDGE_CURVE('',#1681,#1680,#403,.T.);
#1335=EDGE_CURVE('',#1681,#1682,#392,.F.);
#1336=EDGE_CURVE('',#1683,#1682,#1889,.F.);
#1337=EDGE_CURVE('',#1683,#1679,#393,.T.);
#1338=EDGE_CURVE('',#1684,#1685,#77,.T.);
#1339=EDGE_CURVE('',#1686,#1684,#1890,.T.);
#1340=EDGE_CURVE('',#1687,#1686,#78,.T.);
#1341=EDGE_CURVE('',#1687,#1685,#1891,.T.);
#1342=EDGE_CURVE('',#1688,#1684,#79,.T.);
#1343=EDGE_CURVE('',#1689,#1688,#1892,.T.);
#1344=EDGE_CURVE('',#1689,#1686,#404,.T.);
#1345=EDGE_CURVE('',#1688,#1690,#80,.T.);
#1346=EDGE_CURVE('',#1691,#1690,#405,.T.);
#1347=EDGE_CURVE('',#1692,#1691,#1893,.T.);
#1348=EDGE_CURVE('',#1693,#1692,#406,.T.);
#1349=EDGE_CURVE('',#1693,#1689,#81,.T.);
#1350=EDGE_CURVE('',#1612,#1670,#1894,.F.);
#1351=EDGE_CURVE('',#1613,#1671,#1895,.T.);
#1352=EDGE_CURVE('',#1690,#1608,#1896,.F.);
#1353=EDGE_CURVE('',#1609,#1691,#1897,.T.);
#1354=EDGE_CURVE('',#1680,#1693,#1898,.F.);
#1355=EDGE_CURVE('',#1681,#1692,#1899,.T.);
#1356=EDGE_CURVE('',#1674,#1678,#1900,.F.);
#1357=EDGE_CURVE('',#1675,#1679,#1901,.T.);
#1358=EDGE_CURVE('',#1694,#1695,#82,.T.);
#1359=EDGE_CURVE('',#1695,#1694,#1902,.T.);
#1360=EDGE_CURVE('',#1694,#1685,#83,.T.);
#1361=EDGE_CURVE('',#1687,#1695,#84,.F.);
#1362=EDGE_CURVE('',#1665,#1696,#85,.F.);
#1363=EDGE_CURVE('',#1697,#1666,#86,.T.);
#1364=EDGE_CURVE('',#1697,#1698,#407,.T.);
#1365=EDGE_CURVE('',#1698,#1699,#87,.F.);
#1366=EDGE_CURVE('',#1699,#1700,#408,.T.);
#1367=EDGE_CURVE('',#1701,#1700,#88,.T.);
#1368=EDGE_CURVE('',#1701,#1696,#409,.T.);
#1369=EDGE_CURVE('',#1657,#1701,#89,.F.);
#1370=EDGE_CURVE('',#1656,#1702,#410,.T.);
#1371=EDGE_CURVE('',#1703,#1702,#1903,.F.);
#1372=EDGE_CURVE('',#1703,#1655,#411,.T.);
#1373=EDGE_CURVE('',#1704,#1654,#90,.F.);
#1374=EDGE_CURVE('',#1704,#1705,#1904,.F.);
#1375=EDGE_CURVE('',#1696,#1705,#91,.F.);
#1376=EDGE_CURVE('',#1704,#1705,#92,.T.);
#1377=EDGE_CURVE('',#1669,#1623,#93,.F.);
#1378=EDGE_CURVE('',#1624,#1668,#94,.T.);
#1379=EDGE_CURVE('',#1625,#1617,#95,.T.);
#1380=EDGE_CURVE('',#1686,#1706,#96,.F.);
#1381=EDGE_CURVE('',#1707,#1689,#97,.T.);
#1382=EDGE_CURVE('',#1707,#1706,#412,.T.);
#1383=EDGE_CURVE('',#1663,#1708,#98,.F.);
#1384=EDGE_CURVE('',#1662,#1709,#413,.T.);
#1385=EDGE_CURVE('',#1710,#1709,#1905,.F.);
#1386=EDGE_CURVE('',#1710,#1661,#414,.T.);
#1387=EDGE_CURVE('',#1706,#1660,#99,.F.);
#1388=EDGE_CURVE('',#1711,#1707,#100,.F.);
#1389=EDGE_CURVE('',#1711,#1708,#1906,.T.);
#1390=EDGE_CURVE('',#1708,#1711,#101,.T.);
#1391=EDGE_CURVE('',#1659,#1610,#102,.F.);
#1392=EDGE_CURVE('',#1611,#1658,#103,.T.);
#1393=EDGE_CURVE('',#1700,#1712,#104,.F.);
#1394=EDGE_CURVE('',#1699,#1698,#1907,.T.);
#1395=EDGE_CURVE('',#1713,#1697,#105,.T.);
#1396=EDGE_CURVE('',#1712,#1713,#1908,.T.);
#1397=EDGE_CURVE('',#1713,#1712,#106,.T.);
#1398=EDGE_CURVE('',#1679,#1639,#1909,.F.);
#1399=EDGE_CURVE('',#1640,#1683,#1910,.F.);
#1400=EDGE_CURVE('',#1614,#1643,#1911,.F.);
#1401=EDGE_CURVE('',#1644,#1613,#1912,.F.);
#1402=EDGE_CURVE('',#1714,#1641,#1913,.T.);
#1403=EDGE_CURVE('',#1715,#1714,#1914,.T.);
#1404=EDGE_CURVE('',#1642,#1715,#1915,.T.);
#1405=EDGE_CURVE('',#1715,#1614,#1916,.T.);
#1406=EDGE_CURVE('',#1683,#1714,#1917,.T.);
#1407=EDGE_CURVE('',#1682,#1615,#1918,.F.);
#1408=EDGE_CURVE('',#1609,#1681,#1919,.F.);
#1409=EDGE_CURVE('',#1715,#1615,#1920,.F.);
#1410=EDGE_CURVE('',#1714,#1682,#1921,.T.);
#1411=EDGE_CURVE('',#1702,#1703,#1922,.T.);
#1412=EDGE_CURVE('',#1619,#1620,#1923,.T.);
#1413=EDGE_CURVE('',#1709,#1710,#1924,.T.);
#1414=EDGE_CURVE('',#1716,#1716,#1925,.T.);
#1415=EDGE_CURVE('',#1717,#1717,#1926,.T.);
#1416=EDGE_CURVE('',#1718,#1719,#107,.T.);
#1417=EDGE_CURVE('',#1719,#1720,#108,.T.);
#1418=EDGE_CURVE('',#1720,#1721,#1927,.F.);
#1419=EDGE_CURVE('',#1721,#1722,#109,.T.);
#1420=EDGE_CURVE('',#1722,#1723,#110,.T.);
#1421=EDGE_CURVE('',#1723,#1724,#111,.T.);
#1422=EDGE_CURVE('',#1724,#1725,#112,.T.);
#1423=EDGE_CURVE('',#1726,#1725,#113,.T.);
#1424=EDGE_CURVE('',#1726,#1727,#114,.T.);
#1425=EDGE_CURVE('',#1727,#1728,#115,.T.);
#1426=EDGE_CURVE('',#1729,#1728,#116,.T.);
#1427=EDGE_CURVE('',#1730,#1729,#117,.T.);
#1428=EDGE_CURVE('',#1731,#1730,#118,.T.);
#1429=EDGE_CURVE('',#1731,#1732,#119,.T.);
#1430=EDGE_CURVE('',#1733,#1732,#120,.T.);
#1431=EDGE_CURVE('',#1733,#1734,#121,.F.);
#1432=EDGE_CURVE('',#1734,#1735,#1928,.F.);
#1433=EDGE_CURVE('',#1735,#1736,#122,.F.);
#1434=EDGE_CURVE('',#1736,#1737,#123,.T.);
#1435=EDGE_CURVE('',#1737,#1738,#124,.T.);
#1436=EDGE_CURVE('',#1738,#1739,#1929,.F.);
#1437=EDGE_CURVE('',#1739,#1740,#125,.T.);
#1438=EDGE_CURVE('',#1741,#1740,#126,.T.);
#1439=EDGE_CURVE('',#1742,#1741,#127,.T.);
#1440=EDGE_CURVE('',#1743,#1742,#128,.T.);
#1441=EDGE_CURVE('',#1744,#1743,#1930,.F.);
#1442=EDGE_CURVE('',#1744,#1745,#129,.T.);
#1443=EDGE_CURVE('',#1746,#1745,#1931,.F.);
#1444=EDGE_CURVE('',#1747,#1746,#1932,.T.);
#1445=EDGE_CURVE('',#1748,#1747,#1933,.F.);
#1446=EDGE_CURVE('',#1748,#1749,#130,.T.);
#1447=EDGE_CURVE('',#1750,#1749,#1934,.F.);
#1448=EDGE_CURVE('',#1751,#1750,#131,.T.);
#1449=EDGE_CURVE('',#1751,#1752,#132,.T.);
#1450=EDGE_CURVE('',#1753,#1752,#133,.T.);
#1451=EDGE_CURVE('',#1753,#1754,#134,.F.);
#1452=EDGE_CURVE('',#1754,#1755,#1935,.F.);
#1453=EDGE_CURVE('',#1755,#1718,#135,.F.);
#1454=EDGE_CURVE('',#1756,#1733,#1936,.F.);
#1455=EDGE_CURVE('',#1757,#1732,#1937,.T.);
#1456=EDGE_CURVE('',#1758,#1757,#136,.T.);
#1457=EDGE_CURVE('',#1758,#1756,#1938,.T.);
#1458=EDGE_CURVE('',#1759,#1722,#1939,.F.);
#1459=EDGE_CURVE('',#1760,#1759,#1940,.T.);
#1460=EDGE_CURVE('',#1760,#1761,#137,.T.);
#1461=EDGE_CURVE('',#1761,#1723,#1941,.T.);
#1462=EDGE_CURVE('',#1762,#1762,#1942,.T.);
#1463=EDGE_CURVE('',#1763,#1763,#1943,.T.);
#1464=EDGE_CURVE('',#1726,#1764,#138,.T.);
#1465=EDGE_CURVE('',#1765,#1725,#139,.T.);
#1466=EDGE_CURVE('',#1761,#1765,#140,.T.);
#1467=EDGE_CURVE('',#1766,#1760,#141,.T.);
#1468=EDGE_CURVE('',#1766,#1767,#142,.T.);
#1469=EDGE_CURVE('',#1767,#1768,#1944,.T.);
#1470=EDGE_CURVE('',#1769,#1768,#143,.T.);
#1471=EDGE_CURVE('',#1769,#1770,#1945,.T.);
#1472=EDGE_CURVE('',#1770,#1771,#1946,.F.);
#1473=EDGE_CURVE('',#1771,#1772,#1947,.T.);
#1474=EDGE_CURVE('',#1773,#1772,#144,.T.);
#1475=EDGE_CURVE('',#1773,#1774,#1948,.T.);
#1476=EDGE_CURVE('',#1774,#1775,#145,.T.);
#1477=EDGE_CURVE('',#1775,#1758,#146,.T.);
#1478=EDGE_CURVE('',#1776,#1757,#147,.T.);
#1479=EDGE_CURVE('',#1776,#1730,#148,.T.);
#1480=EDGE_CURVE('',#1729,#1777,#149,.T.);
#1481=EDGE_CURVE('',#1764,#1777,#150,.T.);
#1482=EDGE_CURVE('',#1778,#1764,#151,.T.);
#1483=EDGE_CURVE('',#1727,#1778,#152,.T.);
#1484=EDGE_CURVE('',#1728,#1779,#153,.T.);
#1485=EDGE_CURVE('',#1779,#1777,#154,.T.);
#1486=EDGE_CURVE('',#1778,#1779,#155,.T.);
#1487=EDGE_CURVE('',#1773,#1744,#1949,.F.);
#1488=EDGE_CURVE('',#1745,#1772,#1950,.F.);
#1489=EDGE_CURVE('',#1769,#1748,#1951,.F.);
#1490=EDGE_CURVE('',#1749,#1768,#1952,.F.);
#1491=EDGE_CURVE('',#1747,#1770,#1953,.T.);
#1492=EDGE_CURVE('',#1771,#1746,#1954,.T.);
#1493=EDGE_CURVE('',#1766,#1751,#1955,.T.);
#1494=EDGE_CURVE('',#1767,#1750,#1956,.T.);
#1495=EDGE_CURVE('',#1759,#1752,#1957,.T.);
#1496=EDGE_CURVE('',#1743,#1774,#1958,.T.);
#1497=EDGE_CURVE('',#1775,#1742,#1959,.T.);
#1498=EDGE_CURVE('',#1756,#1741,#1960,.T.);
#1499=EDGE_CURVE('',#1776,#1731,#1961,.T.);
#1500=EDGE_CURVE('',#1765,#1724,#1962,.T.);
#1501=EDGE_CURVE('',#1718,#1719,#1963,.F.);
#1502=EDGE_CURVE('',#1753,#1759,#1964,.F.);
#1503=EDGE_CURVE('',#1755,#1720,#1965,.F.);
#1504=EDGE_CURVE('',#1754,#1721,#1966,.F.);
#1505=EDGE_CURVE('',#1740,#1756,#1967,.F.);
#1506=EDGE_CURVE('',#1737,#1736,#1968,.F.);
#1507=EDGE_CURVE('',#1738,#1735,#1969,.F.);
#1508=EDGE_CURVE('',#1739,#1734,#1970,.F.);
#1509=EDGE_CURVE('',#1780,#1780,#1971,.T.);
#1510=EDGE_CURVE('',#1781,#1781,#1972,.T.);
#1511=EDGE_CURVE('',#1782,#1782,#1973,.T.);
#1512=EDGE_CURVE('',#1783,#1783,#1974,.T.);
#1513=EDGE_CURVE('',#1784,#1784,#1975,.T.);
#1514=EDGE_CURVE('',#1785,#1785,#1976,.T.);
#1515=EDGE_CURVE('',#1786,#1786,#1977,.F.);
#1516=EDGE_CURVE('',#1787,#1787,#1978,.T.);
#1517=EDGE_CURVE('',#1788,#1788,#1979,.T.);
#1518=EDGE_CURVE('',#1789,#1790,#156,.F.);
#1519=EDGE_CURVE('',#1790,#1791,#157,.T.);
#1520=EDGE_CURVE('',#1791,#1792,#158,.T.);
#1521=EDGE_CURVE('',#1792,#1789,#159,.T.);
#1522=EDGE_CURVE('',#1791,#1793,#160,.T.);
#1523=EDGE_CURVE('',#1793,#1794,#161,.T.);
#1524=EDGE_CURVE('',#1794,#1795,#162,.T.);
#1525=EDGE_CURVE('',#1796,#1795,#163,.T.);
#1526=EDGE_CURVE('',#1796,#1797,#164,.T.);
#1527=EDGE_CURVE('',#1797,#1798,#165,.T.);
#1528=EDGE_CURVE('',#1798,#1799,#1980,.T.);
#1529=EDGE_CURVE('',#1799,#1800,#166,.T.);
#1530=EDGE_CURVE('',#1800,#1792,#1981,.T.);
#1531=EDGE_CURVE('',#1801,#1793,#167,.T.);
#1532=EDGE_CURVE('',#1801,#1802,#168,.T.);
#1533=EDGE_CURVE('',#1794,#1802,#169,.T.);
#1534=EDGE_CURVE('',#1803,#1804,#170,.T.);
#1535=EDGE_CURVE('',#1803,#1796,#171,.T.);
#1536=EDGE_CURVE('',#1795,#1804,#172,.T.);
#1537=EDGE_CURVE('',#1805,#1805,#1982,.T.);
#1538=EDGE_CURVE('',#1806,#1797,#173,.T.);
#1539=EDGE_CURVE('',#1806,#1807,#174,.T.);
#1540=EDGE_CURVE('',#1807,#1798,#175,.F.);
#1541=EDGE_CURVE('',#1808,#1809,#176,.F.);
#1542=EDGE_CURVE('',#1809,#1810,#177,.T.);
#1543=EDGE_CURVE('',#1810,#1811,#178,.T.);
#1544=EDGE_CURVE('',#1811,#1808,#179,.F.);
#1545=EDGE_CURVE('',#1803,#1801,#180,.T.);
#1546=EDGE_CURVE('',#1802,#1804,#181,.T.);
#1547=EDGE_CURVE('',#1812,#1812,#1983,.T.);
#1548=EDGE_CURVE('',#1813,#1813,#1984,.F.);
#1549=EDGE_CURVE('',#1810,#1790,#1985,.F.);
#1550=EDGE_CURVE('',#1811,#1789,#1986,.T.);
#1551=EDGE_CURVE('',#1806,#1809,#1987,.F.);
#1552=EDGE_CURVE('',#1808,#1807,#1988,.F.);
#1553=EDGE_CURVE('',#1814,#1814,#1989,.T.);
#1554=EDGE_CURVE('',#1815,#1816,#182,.T.);
#1555=EDGE_CURVE('',#1816,#1800,#183,.F.);
#1556=EDGE_CURVE('',#1799,#1815,#184,.T.);
#1557=EDGE_CURVE('',#1817,#1817,#1990,.T.);
#1558=EDGE_CURVE('',#1789,#1816,#1991,.T.);
#1559=EDGE_CURVE('',#1811,#1816,#1992,.F.);
#1560=EDGE_CURVE('',#1815,#1807,#1993,.T.);
#1561=EDGE_CURVE('',#1808,#1815,#1994,.T.);
#1562=EDGE_CURVE('',#1818,#1818,#1995,.F.);
#1563=EDGE_CURVE('',#1819,#1819,#1996,.T.);
#1564=EDGE_CURVE('',#1820,#1820,#1997,.T.);
#1565=EDGE_CURVE('',#1821,#1822,#185,.T.);
#1566=EDGE_CURVE('',#1821,#1823,#186,.T.);
#1567=EDGE_CURVE('',#1824,#1823,#187,.T.);
#1568=EDGE_CURVE('',#1824,#1822,#188,.T.);
#1569=EDGE_CURVE('',#1825,#1825,#1998,.T.);
#1570=EDGE_CURVE('',#1826,#1826,#1999,.F.);
#1571=EDGE_CURVE('',#1827,#1827,#2000,.T.);
#1572=EDGE_CURVE('',#1828,#1829,#189,.T.);
#1573=EDGE_CURVE('',#1828,#1830,#190,.T.);
#1574=EDGE_CURVE('',#1830,#1831,#191,.F.);
#1575=EDGE_CURVE('',#1831,#1829,#192,.T.);
#1576=EDGE_CURVE('',#1829,#1832,#193,.T.);
#1577=EDGE_CURVE('',#1831,#1833,#2001,.F.);
#1578=EDGE_CURVE('',#1833,#1834,#194,.T.);
#1579=EDGE_CURVE('',#1834,#1824,#2002,.F.);
#1580=EDGE_CURVE('',#1835,#1823,#195,.T.);
#1581=EDGE_CURVE('',#1836,#1835,#196,.T.);
#1582=EDGE_CURVE('',#1836,#1837,#197,.T.);
#1583=EDGE_CURVE('',#1837,#1832,#198,.T.);
#1584=EDGE_CURVE('',#1838,#1839,#199,.T.);
#1585=EDGE_CURVE('',#1838,#1832,#200,.T.);
#1586=EDGE_CURVE('',#1837,#1839,#201,.T.);
#1587=EDGE_CURVE('',#1828,#1838,#202,.T.);
#1588=EDGE_CURVE('',#1839,#1840,#203,.T.);
#1589=EDGE_CURVE('',#1841,#1840,#204,.T.);
#1590=EDGE_CURVE('',#1841,#1821,#205,.T.);
#1591=EDGE_CURVE('',#1822,#1842,#2003,.T.);
#1592=EDGE_CURVE('',#1842,#1843,#206,.T.);
#1593=EDGE_CURVE('',#1843,#1830,#2004,.T.);
#1594=EDGE_CURVE('',#1841,#1835,#207,.T.);
#1595=EDGE_CURVE('',#1836,#1840,#208,.T.);
#1596=EDGE_CURVE('',#1844,#1844,#2005,.T.);
#1597=EDGE_CURVE('',#1845,#1845,#2006,.T.);
#1598=EDGE_CURVE('',#1833,#1843,#209,.T.);
#1599=EDGE_CURVE('',#1842,#1834,#210,.F.);
#1600=VERTEX_POINT('',#3838);
#1601=VERTEX_POINT('',#3840);
#1602=VERTEX_POINT('',#3843);
#1603=VERTEX_POINT('',#3846);
#1604=VERTEX_POINT('',#3852);
#1605=VERTEX_POINT('',#3854);
#1606=VERTEX_POINT('',#3857);
#1607=VERTEX_POINT('',#3860);
#1608=VERTEX_POINT('',#3903);
#1609=VERTEX_POINT('',#3904);
#1610=VERTEX_POINT('',#3906);
#1611=VERTEX_POINT('',#3914);
#1612=VERTEX_POINT('',#3916);
#1613=VERTEX_POINT('',#3923);
#1614=VERTEX_POINT('',#3925);
#1615=VERTEX_POINT('',#3927);
#1616=VERTEX_POINT('',#3931);
#1617=VERTEX_POINT('',#3932);
#1618=VERTEX_POINT('',#3934);
#1619=VERTEX_POINT('',#3941);
#1620=VERTEX_POINT('',#3943);
#1621=VERTEX_POINT('',#3950);
#1622=VERTEX_POINT('',#3952);
#1623=VERTEX_POINT('',#3954);
#1624=VERTEX_POINT('',#3963);
#1625=VERTEX_POINT('',#3965);
#1626=VERTEX_POINT('',#3969);
#1627=VERTEX_POINT('',#3971);
#1628=VERTEX_POINT('',#3973);
#1629=VERTEX_POINT('',#3974);
#1630=VERTEX_POINT('',#3976);
#1631=VERTEX_POINT('',#3978);
#1632=VERTEX_POINT('',#3980);
#1633=VERTEX_POINT('',#3982);
#1634=VERTEX_POINT('',#3984);
#1635=VERTEX_POINT('',#3986);
#1636=VERTEX_POINT('',#3988);
#1637=VERTEX_POINT('',#3990);
#1638=VERTEX_POINT('',#3992);
#1639=VERTEX_POINT('',#3994);
#1640=VERTEX_POINT('',#3996);
#1641=VERTEX_POINT('',#3998);
#1642=VERTEX_POINT('',#4000);
#1643=VERTEX_POINT('',#4002);
#1644=VERTEX_POINT('',#4004);
#1645=VERTEX_POINT('',#4006);
#1646=VERTEX_POINT('',#4008);
#1647=VERTEX_POINT('',#4010);
#1648=VERTEX_POINT('',#4012);
#1649=VERTEX_POINT('',#4014);
#1650=VERTEX_POINT('',#4018);
#1651=VERTEX_POINT('',#4020);
#1652=VERTEX_POINT('',#4024);
#1653=VERTEX_POINT('',#4026);
#1654=VERTEX_POINT('',#4030);
#1655=VERTEX_POINT('',#4032);
#1656=VERTEX_POINT('',#4034);
#1657=VERTEX_POINT('',#4036);
#1658=VERTEX_POINT('',#4038);
#1659=VERTEX_POINT('',#4040);
#1660=VERTEX_POINT('',#4042);
#1661=VERTEX_POINT('',#4044);
#1662=VERTEX_POINT('',#4046);
#1663=VERTEX_POINT('',#4048);
#1664=VERTEX_POINT('',#4055);
#1665=VERTEX_POINT('',#4056);
#1666=VERTEX_POINT('',#4059);
#1667=VERTEX_POINT('',#4063);
#1668=VERTEX_POINT('',#4065);
#1669=VERTEX_POINT('',#4067);
#1670=VERTEX_POINT('',#4075);
#1671=VERTEX_POINT('',#4076);
#1672=VERTEX_POINT('',#4078);
#1673=VERTEX_POINT('',#4085);
#1674=VERTEX_POINT('',#4087);
#1675=VERTEX_POINT('',#4094);
#1676=VERTEX_POINT('',#4100);
#1677=VERTEX_POINT('',#4106);
#1678=VERTEX_POINT('',#4149);
#1679=VERTEX_POINT('',#4150);
#1680=VERTEX_POINT('',#4152);
#1681=VERTEX_POINT('',#4159);
#1682=VERTEX_POINT('',#4161);
#1683=VERTEX_POINT('',#4163);
#1684=VERTEX_POINT('',#4167);
#1685=VERTEX_POINT('',#4168);
#1686=VERTEX_POINT('',#4170);
#1687=VERTEX_POINT('',#4172);
#1688=VERTEX_POINT('',#4176);
#1689=VERTEX_POINT('',#4178);
#1690=VERTEX_POINT('',#4188);
#1691=VERTEX_POINT('',#4195);
#1692=VERTEX_POINT('',#4197);
#1693=VERTEX_POINT('',#4203);
#1694=VERTEX_POINT('',#4287);
#1695=VERTEX_POINT('',#4288);
#1696=VERTEX_POINT('',#4295);
#1697=VERTEX_POINT('',#4297);
#1698=VERTEX_POINT('',#4303);
#1699=VERTEX_POINT('',#4305);
#1700=VERTEX_POINT('',#4311);
#1701=VERTEX_POINT('',#4313);
#1702=VERTEX_POINT('',#4330);
#1703=VERTEX_POINT('',#4332);
#1704=VERTEX_POINT('',#4340);
#1705=VERTEX_POINT('',#4342);
#1706=VERTEX_POINT('',#4353);
#1707=VERTEX_POINT('',#4355);
#1708=VERTEX_POINT('',#4367);
#1709=VERTEX_POINT('',#4374);
#1710=VERTEX_POINT('',#4376);
#1711=VERTEX_POINT('',#4385);
#1712=VERTEX_POINT('',#4394);
#1713=VERTEX_POINT('',#4397);
#1714=VERTEX_POINT('',#4410);
#1715=VERTEX_POINT('',#4412);
#1716=VERTEX_POINT('',#4440);
#1717=VERTEX_POINT('',#4444);
#1718=VERTEX_POINT('',#4455);
#1719=VERTEX_POINT('',#4456);
#1720=VERTEX_POINT('',#4458);
#1721=VERTEX_POINT('',#4460);
#1722=VERTEX_POINT('',#4462);
#1723=VERTEX_POINT('',#4464);
#1724=VERTEX_POINT('',#4466);
#1725=VERTEX_POINT('',#4468);
#1726=VERTEX_POINT('',#4470);
#1727=VERTEX_POINT('',#4472);
#1728=VERTEX_POINT('',#4474);
#1729=VERTEX_POINT('',#4476);
#1730=VERTEX_POINT('',#4478);
#1731=VERTEX_POINT('',#4480);
#1732=VERTEX_POINT('',#4482);
#1733=VERTEX_POINT('',#4484);
#1734=VERTEX_POINT('',#4486);
#1735=VERTEX_POINT('',#4488);
#1736=VERTEX_POINT('',#4490);
#1737=VERTEX_POINT('',#4492);
#1738=VERTEX_POINT('',#4494);
#1739=VERTEX_POINT('',#4496);
#1740=VERTEX_POINT('',#4498);
#1741=VERTEX_POINT('',#4500);
#1742=VERTEX_POINT('',#4502);
#1743=VERTEX_POINT('',#4504);
#1744=VERTEX_POINT('',#4506);
#1745=VERTEX_POINT('',#4508);
#1746=VERTEX_POINT('',#4510);
#1747=VERTEX_POINT('',#4512);
#1748=VERTEX_POINT('',#4514);
#1749=VERTEX_POINT('',#4516);
#1750=VERTEX_POINT('',#4518);
#1751=VERTEX_POINT('',#4520);
#1752=VERTEX_POINT('',#4522);
#1753=VERTEX_POINT('',#4524);
#1754=VERTEX_POINT('',#4526);
#1755=VERTEX_POINT('',#4528);
#1756=VERTEX_POINT('',#4532);
#1757=VERTEX_POINT('',#4534);
#1758=VERTEX_POINT('',#4536);
#1759=VERTEX_POINT('',#4540);
#1760=VERTEX_POINT('',#4542);
#1761=VERTEX_POINT('',#4544);
#1762=VERTEX_POINT('',#4548);
#1763=VERTEX_POINT('',#4550);
#1764=VERTEX_POINT('',#4552);
#1765=VERTEX_POINT('',#4554);
#1766=VERTEX_POINT('',#4557);
#1767=VERTEX_POINT('',#4559);
#1768=VERTEX_POINT('',#4561);
#1769=VERTEX_POINT('',#4563);
#1770=VERTEX_POINT('',#4565);
#1771=VERTEX_POINT('',#4567);
#1772=VERTEX_POINT('',#4569);
#1773=VERTEX_POINT('',#4571);
#1774=VERTEX_POINT('',#4573);
#1775=VERTEX_POINT('',#4575);
#1776=VERTEX_POINT('',#4578);
#1777=VERTEX_POINT('',#4581);
#1778=VERTEX_POINT('',#4585);
#1779=VERTEX_POINT('',#4589);
#1780=VERTEX_POINT('',#4643);
#1781=VERTEX_POINT('',#4645);
#1782=VERTEX_POINT('',#4648);
#1783=VERTEX_POINT('',#4653);
#1784=VERTEX_POINT('',#4655);
#1785=VERTEX_POINT('',#4658);
#1786=VERTEX_POINT('',#4664);
#1787=VERTEX_POINT('',#4667);
#1788=VERTEX_POINT('',#4670);
#1789=VERTEX_POINT('',#4672);
#1790=VERTEX_POINT('',#4673);
#1791=VERTEX_POINT('',#4675);
#1792=VERTEX_POINT('',#4677);
#1793=VERTEX_POINT('',#4681);
#1794=VERTEX_POINT('',#4683);
#1795=VERTEX_POINT('',#4685);
#1796=VERTEX_POINT('',#4687);
#1797=VERTEX_POINT('',#4689);
#1798=VERTEX_POINT('',#4691);
#1799=VERTEX_POINT('',#4693);
#1800=VERTEX_POINT('',#4695);
#1801=VERTEX_POINT('',#4699);
#1802=VERTEX_POINT('',#4701);
#1803=VERTEX_POINT('',#4705);
#1804=VERTEX_POINT('',#4706);
#1805=VERTEX_POINT('',#4711);
#1806=VERTEX_POINT('',#4713);
#1807=VERTEX_POINT('',#4715);
#1808=VERTEX_POINT('',#4719);
#1809=VERTEX_POINT('',#4720);
#1810=VERTEX_POINT('',#4722);
#1811=VERTEX_POINT('',#4724);
#1812=VERTEX_POINT('',#4731);
#1813=VERTEX_POINT('',#4733);
#1814=VERTEX_POINT('',#4742);
#1815=VERTEX_POINT('',#4746);
#1816=VERTEX_POINT('',#4747);
#1817=VERTEX_POINT('',#4753);
#1818=VERTEX_POINT('',#4769);
#1819=VERTEX_POINT('',#4772);
#1820=VERTEX_POINT('',#4775);
#1821=VERTEX_POINT('',#4777);
#1822=VERTEX_POINT('',#4778);
#1823=VERTEX_POINT('',#4780);
#1824=VERTEX_POINT('',#4782);
#1825=VERTEX_POINT('',#4786);
#1826=VERTEX_POINT('',#4788);
#1827=VERTEX_POINT('',#4791);
#1828=VERTEX_POINT('',#4793);
#1829=VERTEX_POINT('',#4794);
#1830=VERTEX_POINT('',#4796);
#1831=VERTEX_POINT('',#4798);
#1832=VERTEX_POINT('',#4802);
#1833=VERTEX_POINT('',#4804);
#1834=VERTEX_POINT('',#4806);
#1835=VERTEX_POINT('',#4809);
#1836=VERTEX_POINT('',#4811);
#1837=VERTEX_POINT('',#4813);
#1838=VERTEX_POINT('',#4817);
#1839=VERTEX_POINT('',#4818);
#1840=VERTEX_POINT('',#4824);
#1841=VERTEX_POINT('',#4826);
#1842=VERTEX_POINT('',#4829);
#1843=VERTEX_POINT('',#4831);
#1844=VERTEX_POINT('',#4838);
#1845=VERTEX_POINT('',#4842);
#1846=CIRCLE('',#2680,0.01);
#1847=CIRCLE('',#2681,0.01);
#1848=CIRCLE('',#2683,0.0021);
#1849=CIRCLE('',#2685,0.0021);
#1850=CIRCLE('',#2690,0.01);
#1851=CIRCLE('',#2691,0.01);
#1852=CIRCLE('',#2693,0.0021);
#1853=CIRCLE('',#2695,0.0021);
#1854=CIRCLE('',#2699,0.079);
#1855=CIRCLE('',#2700,0.079);
#1856=CIRCLE('',#2702,0.079);
#1857=CIRCLE('',#2705,0.015);
#1858=CIRCLE('',#2706,0.014793249908724);
#1859=CIRCLE('',#2707,0.015);
#1860=CIRCLE('',#2708,0.01);
#1861=CIRCLE('',#2710,0.01005);
#1862=CIRCLE('',#2711,0.01005);
#1863=CIRCLE('',#2712,0.00395);
#1864=CIRCLE('',#2713,0.079);
#1865=CIRCLE('',#2714,0.049335);
#1866=CIRCLE('',#2715,0.079);
#1867=CIRCLE('',#2716,0.00395);
#1868=CIRCLE('',#2720,0.015);
#1869=CIRCLE('',#2721,0.015);
#1870=CIRCLE('',#2722,0.015);
#1871=CIRCLE('',#2723,0.0025);
#1872=CIRCLE('',#2724,0.015);
#1873=CIRCLE('',#2725,0.015);
#1874=CIRCLE('',#2726,0.015);
#1875=CIRCLE('',#2727,0.015);
#1876=CIRCLE('',#2729,0.0271);
#1877=CIRCLE('',#2730,0.0762);
#1878=CIRCLE('',#2731,0.00395);
#1879=CIRCLE('',#2733,0.0271);
#1880=CIRCLE('',#2734,0.00395);
#1881=CIRCLE('',#2735,0.0762);
#1882=CIRCLE('',#2737,0.0762);
#1883=CIRCLE('',#2738,0.03895);
#1884=CIRCLE('',#2741,0.0762);
#1885=CIRCLE('',#2742,0.03895);
#1886=CIRCLE('',#2745,0.0271);
#1887=CIRCLE('',#2748,0.0271);
#1888=CIRCLE('',#2750,0.079);
#1889=CIRCLE('',#2752,0.079);
#1890=CIRCLE('',#2755,0.0762);
#1891=CIRCLE('',#2756,0.0271);
#1892=CIRCLE('',#2758,0.0762);
#1893=CIRCLE('',#2760,0.03895);
#1894=CIRCLE('',#2761,0.00395);
#1895=CIRCLE('',#2762,0.00395);
#1896=CIRCLE('',#2763,0.00395);
#1897=CIRCLE('',#2764,0.00395);
#1898=CIRCLE('',#2765,0.00395);
#1899=CIRCLE('',#2766,0.00395);
#1900=CIRCLE('',#2767,0.00395);
#1901=CIRCLE('',#2768,0.00395);
#1902=CIRCLE('',#2770,0.0271);
#1903=CIRCLE('',#2774,0.014793249908724);
#1904=CIRCLE('',#2775,0.01);
#1905=CIRCLE('',#2781,0.0145717518983889);
#1906=CIRCLE('',#2782,0.01);
#1907=CIRCLE('',#2786,0.0079);
#1908=CIRCLE('',#2787,0.0079);
#1909=CIRCLE('',#2791,0.035);
#1910=CIRCLE('',#2792,0.035);
#1911=CIRCLE('',#2794,0.035);
#1912=CIRCLE('',#2795,0.035);
#1913=CIRCLE('',#2797,0.0438242879962598);
#1914=CIRCLE('',#2798,0.0438242879962598);
#1915=CIRCLE('',#2799,0.0438242879962598);
#1916=CIRCLE('',#2801,0.079);
#1917=CIRCLE('',#2803,0.079);
#1918=CIRCLE('',#2807,0.035);
#1919=CIRCLE('',#2808,0.035);
#1920=CIRCLE('',#2810,0.079);
#1921=CIRCLE('',#2812,0.079);
#1922=CIRCLE('',#2816,0.01105);
#1923=CIRCLE('',#2819,0.01105);
#1924=CIRCLE('',#2822,0.01105);
#1925=CIRCLE('',#2825,0.01005);
#1926=CIRCLE('',#2828,0.01005);
#1927=CIRCLE('',#2838,0.00289999999999987);
#1928=CIRCLE('',#2839,0.00289999999999987);
#1929=CIRCLE('',#2840,0.0128999999999999);
#1930=CIRCLE('',#2841,0.00395);
#1931=CIRCLE('',#2842,0.079);
#1932=CIRCLE('',#2843,0.049335);
#1933=CIRCLE('',#2844,0.079);
#1934=CIRCLE('',#2845,0.00395);
#1935=CIRCLE('',#2846,0.0128999999999999);
#1936=CIRCLE('',#2848,0.005);
#1937=CIRCLE('',#2849,0.0271);
#1938=CIRCLE('',#2850,0.0762);
#1939=CIRCLE('',#2852,0.005);
#1940=CIRCLE('',#2853,0.0762);
#1941=CIRCLE('',#2854,0.0271);
#1942=CIRCLE('',#2856,0.01005);
#1943=CIRCLE('',#2857,0.01005);
#1944=CIRCLE('',#2858,0.00395);
#1945=CIRCLE('',#2859,0.079);
#1946=CIRCLE('',#2860,0.049335);
#1947=CIRCLE('',#2861,0.079);
#1948=CIRCLE('',#2862,0.00395);
#1949=CIRCLE('',#2867,0.035);
#1950=CIRCLE('',#2868,0.035);
#1951=CIRCLE('',#2870,0.035);
#1952=CIRCLE('',#2871,0.035);
#1953=CIRCLE('',#2873,0.0438242879962598);
#1954=CIRCLE('',#2874,0.0438242879962598);
#1955=CIRCLE('',#2878,0.0762);
#1956=CIRCLE('',#2879,0.03895);
#1957=CIRCLE('',#2881,0.0762);
#1958=CIRCLE('',#2883,0.03895);
#1959=CIRCLE('',#2884,0.0762);
#1960=CIRCLE('',#2886,0.0762);
#1961=CIRCLE('',#2890,0.0271);
#1962=CIRCLE('',#2893,0.0271);
#1963=CIRCLE('',#2896,0.005);
#1964=CIRCLE('',#2898,0.005);
#1965=CIRCLE('',#2900,0.005);
#1966=CIRCLE('',#2902,0.005);
#1967=CIRCLE('',#2905,0.005);
#1968=CIRCLE('',#2907,0.005);
#1969=CIRCLE('',#2909,0.005);
#1970=CIRCLE('',#2911,0.005);
#1971=CIRCLE('',#2915,0.01);
#1972=CIRCLE('',#2916,0.01);
#1973=CIRCLE('',#2918,0.01005);
#1974=CIRCLE('',#2922,0.01);
#1975=CIRCLE('',#2923,0.01);
#1976=CIRCLE('',#2925,0.01005);
#1977=CIRCLE('',#2930,0.01);
#1978=CIRCLE('',#2932,0.01);
#1979=CIRCLE('',#2934,0.01);
#1980=CIRCLE('',#2936,0.0158);
#1981=CIRCLE('',#2937,0.0158);
#1982=CIRCLE('',#2941,0.01);
#1983=CIRCLE('',#2945,0.01);
#1984=CIRCLE('',#2946,0.01);
#1985=CIRCLE('',#2948,0.0158);
#1986=CIRCLE('',#2949,0.0158);
#1987=CIRCLE('',#2951,0.0158);
#1988=CIRCLE('',#2952,0.0158);
#1989=CIRCLE('',#2954,0.01);
#1990=CIRCLE('',#2959,0.01);
#1991=CIRCLE('',#2962,0.0158);
#1992=CIRCLE('',#2964,0.0158);
#1993=CIRCLE('',#2966,0.0158);
#1994=CIRCLE('',#2968,0.0158);
#1995=CIRCLE('',#2974,0.01);
#1996=CIRCLE('',#2976,0.01);
#1997=CIRCLE('',#2978,0.01);
#1998=CIRCLE('',#2980,0.01);
#1999=CIRCLE('',#2981,0.01);
#2000=CIRCLE('',#2983,0.01);
#2001=CIRCLE('',#2985,0.0158);
#2002=CIRCLE('',#2986,0.0158);
#2003=CIRCLE('',#2989,0.0158);
#2004=CIRCLE('',#2990,0.0158);
#2005=CIRCLE('',#2993,0.01);
#2006=CIRCLE('',#2996,0.01);
#2007=EDGE_LOOP('',(#514));
#2008=EDGE_LOOP('',(#515));
#2009=EDGE_LOOP('',(#516));
#2010=EDGE_LOOP('',(#517));
#2011=EDGE_LOOP('',(#518));
#2012=EDGE_LOOP('',(#519));
#2013=EDGE_LOOP('',(#520));
#2014=EDGE_LOOP('',(#521));
#2015=EDGE_LOOP('',(#522));
#2016=EDGE_LOOP('',(#523));
#2017=EDGE_LOOP('',(#524));
#2018=EDGE_LOOP('',(#525));
#2019=EDGE_LOOP('',(#526));
#2020=EDGE_LOOP('',(#527));
#2021=EDGE_LOOP('',(#528));
#2022=EDGE_LOOP('',(#529));
#2023=EDGE_LOOP('',(#530,#531,#532,#533,#534,#535,#536,#537));
#2024=EDGE_LOOP('',(#538,#539,#540,#541,#542,#543,#544,#545,#546,#547));
#2025=EDGE_LOOP('',(#548));
#2026=EDGE_LOOP('',(#549));
#2027=EDGE_LOOP('',(#550,#551,#552,#553,#554,#555,#556,#557,#558,#559,#560,
#561,#562,#563,#564,#565,#566,#567,#568,#569,#570,#571));
#2028=EDGE_LOOP('',(#572,#573,#574,#575));
#2029=EDGE_LOOP('',(#576,#577,#578,#579));
#2030=EDGE_LOOP('',(#580,#581,#582,#583,#584,#585,#586,#587,#588,#589,#590,
#591,#592,#593,#594,#595,#596,#597));
#2031=EDGE_LOOP('',(#598,#599,#600,#601,#602));
#2032=EDGE_LOOP('',(#603,#604,#605,#606,#607));
#2033=EDGE_LOOP('',(#608,#609,#610,#611,#612));
#2034=EDGE_LOOP('',(#613,#614,#615,#616));
#2035=EDGE_LOOP('',(#617,#618,#619,#620,#621));
#2036=EDGE_LOOP('',(#622,#623,#624,#625));
#2037=EDGE_LOOP('',(#626,#627,#628));
#2038=EDGE_LOOP('',(#629,#630,#631,#632));
#2039=EDGE_LOOP('',(#633,#634,#635,#636));
#2040=EDGE_LOOP('',(#637,#638,#639));
#2041=EDGE_LOOP('',(#640,#641,#642,#643,#644,#645));
#2042=EDGE_LOOP('',(#646,#647,#648,#649));
#2043=EDGE_LOOP('',(#650,#651,#652,#653));
#2044=EDGE_LOOP('',(#654,#655,#656,#657,#658,#659));
#2045=EDGE_LOOP('',(#660,#661,#662,#663));
#2046=EDGE_LOOP('',(#664,#665,#666,#667));
#2047=EDGE_LOOP('',(#668,#669,#670,#671));
#2048=EDGE_LOOP('',(#672,#673,#674,#675));
#2049=EDGE_LOOP('',(#676,#677));
#2050=EDGE_LOOP('',(#678,#679,#680,#681));
#2051=EDGE_LOOP('',(#682,#683,#684,#685,#686,#687,#688,#689));
#2052=EDGE_LOOP('',(#690,#691,#692,#693,#694,#695,#696,#697,#698,#699));
#2053=EDGE_LOOP('',(#700,#701));
#2054=EDGE_LOOP('',(#702,#703,#704,#705));
#2055=EDGE_LOOP('',(#706,#707));
#2056=EDGE_LOOP('',(#708,#709,#710,#711));
#2057=EDGE_LOOP('',(#712,#713,#714,#715,#716,#717,#718,#719,#720,#721));
#2058=EDGE_LOOP('',(#722,#723));
#2059=EDGE_LOOP('',(#724,#725,#726,#727));
#2060=EDGE_LOOP('',(#728,#729,#730,#731,#732,#733));
#2061=EDGE_LOOP('',(#734,#735));
#2062=EDGE_LOOP('',(#736,#737,#738,#739));
#2063=EDGE_LOOP('',(#740,#741,#742,#743));
#2064=EDGE_LOOP('',(#744,#745,#746,#747));
#2065=EDGE_LOOP('',(#748,#749,#750,#751));
#2066=EDGE_LOOP('',(#752,#753,#754,#755));
#2067=EDGE_LOOP('',(#756,#757,#758,#759));
#2068=EDGE_LOOP('',(#760,#761,#762,#763));
#2069=EDGE_LOOP('',(#764,#765,#766,#767));
#2070=EDGE_LOOP('',(#768,#769,#770,#771));
#2071=EDGE_LOOP('',(#772,#773,#774));
#2072=EDGE_LOOP('',(#775,#776,#777,#778));
#2073=EDGE_LOOP('',(#779,#780,#781));
#2074=EDGE_LOOP('',(#782,#783,#784,#785));
#2075=EDGE_LOOP('',(#786,#787));
#2076=EDGE_LOOP('',(#788,#789,#790,#791));
#2077=EDGE_LOOP('',(#792,#793));
#2078=EDGE_LOOP('',(#794,#795,#796,#797));
#2079=EDGE_LOOP('',(#798,#799));
#2080=EDGE_LOOP('',(#800,#801,#802,#803));
#2081=EDGE_LOOP('',(#804));
#2082=EDGE_LOOP('',(#805));
#2083=EDGE_LOOP('',(#806));
#2084=EDGE_LOOP('',(#807));
#2085=EDGE_LOOP('',(#808));
#2086=EDGE_LOOP('',(#809));
#2087=EDGE_LOOP('',(#810,#811));
#2088=EDGE_LOOP('',(#812,#813,#814,#815,#816,#817,#818,#819,#820,#821,#822,
#823));
#2089=EDGE_LOOP('',(#824,#825,#826,#827,#828,#829,#830,#831,#832,#833,#834,
#835,#836));
#2090=EDGE_LOOP('',(#837,#838,#839,#840,#841,#842,#843,#844,#845,#846,#847,
#848,#849));
#2091=EDGE_LOOP('',(#850,#851,#852,#853,#854,#855,#856,#857,#858,#859));
#2092=EDGE_LOOP('',(#860,#861,#862,#863,#864,#865,#866,#867,#868,#869));
#2093=EDGE_LOOP('',(#870,#871,#872,#873,#874,#875,#876,#877,#878,#879,#880,
#881,#882,#883,#884,#885,#886,#887,#888,#889,#890,#891,#892,#893,#894,#895,
#896,#897,#898,#899,#900,#901,#902,#903,#904,#905,#906,#907));
#2094=EDGE_LOOP('',(#908,#909,#910,#911,#912));
#2095=EDGE_LOOP('',(#913,#914,#915,#916,#917));
#2096=EDGE_LOOP('',(#918));
#2097=EDGE_LOOP('',(#919));
#2098=EDGE_LOOP('',(#920,#921,#922,#923,#924,#925,#926,#927,#928,#929,#930,
#931,#932,#933,#934,#935,#936,#937,#938,#939,#940,#941));
#2099=EDGE_LOOP('',(#942,#943,#944,#945));
#2100=EDGE_LOOP('',(#946,#947,#948,#949));
#2101=EDGE_LOOP('',(#950,#951,#952,#953));
#2102=EDGE_LOOP('',(#954,#955,#956,#957));
#2103=EDGE_LOOP('',(#958,#959,#960,#961));
#2104=EDGE_LOOP('',(#962,#963,#964,#965));
#2105=EDGE_LOOP('',(#966,#967,#968,#969));
#2106=EDGE_LOOP('',(#970,#971,#972,#973));
#2107=EDGE_LOOP('',(#974,#975,#976,#977));
#2108=EDGE_LOOP('',(#978,#979,#980,#981,#982));
#2109=EDGE_LOOP('',(#983,#984,#985,#986));
#2110=EDGE_LOOP('',(#987,#988,#989,#990,#991));
#2111=EDGE_LOOP('',(#992,#993,#994,#995));
#2112=EDGE_LOOP('',(#996,#997,#998,#999));
#2113=EDGE_LOOP('',(#1000,#1001,#1002));
#2114=EDGE_LOOP('',(#1003,#1004,#1005,#1006));
#2115=EDGE_LOOP('',(#1007,#1008,#1009,#1010));
#2116=EDGE_LOOP('',(#1011,#1012,#1013));
#2117=EDGE_LOOP('',(#1014,#1015));
#2118=EDGE_LOOP('',(#1016,#1017,#1018));
#2119=EDGE_LOOP('',(#1019,#1020,#1021,#1022));
#2120=EDGE_LOOP('',(#1023,#1024,#1025,#1026));
#2121=EDGE_LOOP('',(#1027,#1028,#1029,#1030,#1031));
#2122=EDGE_LOOP('',(#1032,#1033,#1034));
#2123=EDGE_LOOP('',(#1035,#1036));
#2124=EDGE_LOOP('',(#1037,#1038,#1039,#1040));
#2125=EDGE_LOOP('',(#1041,#1042,#1043,#1044));
#2126=EDGE_LOOP('',(#1045,#1046,#1047,#1048,#1049));
#2127=EDGE_LOOP('',(#1050,#1051,#1052,#1053));
#2128=EDGE_LOOP('',(#1054));
#2129=EDGE_LOOP('',(#1055));
#2130=EDGE_LOOP('',(#1056));
#2131=EDGE_LOOP('',(#1057));
#2132=EDGE_LOOP('',(#1058));
#2133=EDGE_LOOP('',(#1059));
#2134=EDGE_LOOP('',(#1060));
#2135=EDGE_LOOP('',(#1061));
#2136=EDGE_LOOP('',(#1062));
#2137=EDGE_LOOP('',(#1063));
#2138=EDGE_LOOP('',(#1064));
#2139=EDGE_LOOP('',(#1065));
#2140=EDGE_LOOP('',(#1066));
#2141=EDGE_LOOP('',(#1067));
#2142=EDGE_LOOP('',(#1068));
#2143=EDGE_LOOP('',(#1069));
#2144=EDGE_LOOP('',(#1070));
#2145=EDGE_LOOP('',(#1071));
#2146=EDGE_LOOP('',(#1072,#1073,#1074,#1075));
#2147=EDGE_LOOP('',(#1076,#1077,#1078,#1079,#1080,#1081,#1082,#1083,#1084,
#1085));
#2148=EDGE_LOOP('',(#1086,#1087,#1088,#1089));
#2149=EDGE_LOOP('',(#1090,#1091,#1092,#1093));
#2150=EDGE_LOOP('',(#1094));
#2151=EDGE_LOOP('',(#1095,#1096,#1097,#1098));
#2152=EDGE_LOOP('',(#1099,#1100,#1101,#1102));
#2153=EDGE_LOOP('',(#1103,#1104,#1105,#1106));
#2154=EDGE_LOOP('',(#1107));
#2155=EDGE_LOOP('',(#1108));
#2156=EDGE_LOOP('',(#1109,#1110,#1111,#1112));
#2157=EDGE_LOOP('',(#1113,#1114,#1115,#1116));
#2158=EDGE_LOOP('',(#1117));
#2159=EDGE_LOOP('',(#1118));
#2160=EDGE_LOOP('',(#1119));
#2161=EDGE_LOOP('',(#1120));
#2162=EDGE_LOOP('',(#1121,#1122,#1123,#1124));
#2163=EDGE_LOOP('',(#1125,#1126,#1127,#1128));
#2164=EDGE_LOOP('',(#1129));
#2165=EDGE_LOOP('',(#1130));
#2166=EDGE_LOOP('',(#1131));
#2167=EDGE_LOOP('',(#1132));
#2168=EDGE_LOOP('',(#1133,#1134,#1135,#1136));
#2169=EDGE_LOOP('',(#1137,#1138,#1139));
#2170=EDGE_LOOP('',(#1140,#1141,#1142,#1143));
#2171=EDGE_LOOP('',(#1144,#1145,#1146,#1147));
#2172=EDGE_LOOP('',(#1148,#1149,#1150));
#2173=EDGE_LOOP('',(#1151,#1152,#1153,#1154,#1155,#1156,#1157,#1158,#1159,
#1160));
#2174=EDGE_LOOP('',(#1161));
#2175=EDGE_LOOP('',(#1162));
#2176=EDGE_LOOP('',(#1163));
#2177=EDGE_LOOP('',(#1164));
#2178=EDGE_LOOP('',(#1165));
#2179=EDGE_LOOP('',(#1166,#1167,#1168,#1169));
#2180=EDGE_LOOP('',(#1170));
#2181=EDGE_LOOP('',(#1171));
#2182=EDGE_LOOP('',(#1172));
#2183=EDGE_LOOP('',(#1173,#1174,#1175,#1176));
#2184=EDGE_LOOP('',(#1177,#1178,#1179,#1180,#1181,#1182,#1183,#1184,#1185,
#1186));
#2185=EDGE_LOOP('',(#1187,#1188,#1189,#1190));
#2186=EDGE_LOOP('',(#1191,#1192,#1193,#1194,#1195,#1196,#1197,#1198,#1199,
#1200));
#2187=EDGE_LOOP('',(#1201,#1202,#1203,#1204));
#2188=EDGE_LOOP('',(#1205));
#2189=EDGE_LOOP('',(#1206));
#2190=EDGE_LOOP('',(#1207));
#2191=EDGE_LOOP('',(#1208));
#2192=EDGE_LOOP('',(#1209));
#2193=EDGE_LOOP('',(#1210));
#2194=EDGE_LOOP('',(#1211));
#2195=EDGE_LOOP('',(#1212));
#2196=EDGE_LOOP('',(#1213,#1214,#1215,#1216));
#2197=EDGE_LOOP('',(#1217,#1218,#1219,#1220));
#2198=EDGE_LOOP('',(#1221,#1222,#1223,#1224));
#2199=EDGE_LOOP('',(#1225,#1226,#1227,#1228));
#2200=EDGE_LOOP('',(#1229,#1230,#1231,#1232));
#2201=EDGE_LOOP('',(#1233));
#2202=EDGE_LOOP('',(#1234,#1235,#1236,#1237));
#2203=FACE_BOUND('',#2007,.T.);
#2204=FACE_BOUND('',#2008,.T.);
#2205=FACE_BOUND('',#2009,.T.);
#2206=FACE_BOUND('',#2010,.T.);
#2207=FACE_BOUND('',#2011,.T.);
#2208=FACE_BOUND('',#2012,.T.);
#2209=FACE_BOUND('',#2013,.T.);
#2210=FACE_BOUND('',#2014,.T.);
#2211=FACE_BOUND('',#2015,.T.);
#2212=FACE_BOUND('',#2016,.T.);
#2213=FACE_BOUND('',#2017,.T.);
#2214=FACE_BOUND('',#2018,.T.);
#2215=FACE_BOUND('',#2019,.T.);
#2216=FACE_BOUND('',#2020,.T.);
#2217=FACE_BOUND('',#2021,.T.);
#2218=FACE_BOUND('',#2022,.T.);
#2219=FACE_BOUND('',#2023,.T.);
#2220=FACE_BOUND('',#2024,.T.);
#2221=FACE_BOUND('',#2025,.T.);
#2222=FACE_BOUND('',#2026,.T.);
#2223=FACE_BOUND('',#2027,.T.);
#2224=FACE_BOUND('',#2028,.T.);
#2225=FACE_BOUND('',#2029,.T.);
#2226=FACE_BOUND('',#2030,.T.);
#2227=FACE_BOUND('',#2031,.T.);
#2228=FACE_BOUND('',#2032,.T.);
#2229=FACE_BOUND('',#2033,.T.);
#2230=FACE_BOUND('',#2034,.T.);
#2231=FACE_BOUND('',#2035,.T.);
#2232=FACE_BOUND('',#2036,.T.);
#2233=FACE_BOUND('',#2037,.T.);
#2234=FACE_BOUND('',#2038,.T.);
#2235=FACE_BOUND('',#2039,.T.);
#2236=FACE_BOUND('',#2040,.T.);
#2237=FACE_BOUND('',#2041,.T.);
#2238=FACE_BOUND('',#2042,.T.);
#2239=FACE_BOUND('',#2043,.T.);
#2240=FACE_BOUND('',#2044,.T.);
#2241=FACE_BOUND('',#2045,.T.);
#2242=FACE_BOUND('',#2046,.T.);
#2243=FACE_BOUND('',#2047,.T.);
#2244=FACE_BOUND('',#2048,.T.);
#2245=FACE_BOUND('',#2049,.T.);
#2246=FACE_BOUND('',#2050,.T.);
#2247=FACE_BOUND('',#2051,.T.);
#2248=FACE_BOUND('',#2052,.T.);
#2249=FACE_BOUND('',#2053,.T.);
#2250=FACE_BOUND('',#2054,.T.);
#2251=FACE_BOUND('',#2055,.T.);
#2252=FACE_BOUND('',#2056,.T.);
#2253=FACE_BOUND('',#2057,.T.);
#2254=FACE_BOUND('',#2058,.T.);
#2255=FACE_BOUND('',#2059,.T.);
#2256=FACE_BOUND('',#2060,.T.);
#2257=FACE_BOUND('',#2061,.T.);
#2258=FACE_BOUND('',#2062,.T.);
#2259=FACE_BOUND('',#2063,.T.);
#2260=FACE_BOUND('',#2064,.T.);
#2261=FACE_BOUND('',#2065,.T.);
#2262=FACE_BOUND('',#2066,.T.);
#2263=FACE_BOUND('',#2067,.T.);
#2264=FACE_BOUND('',#2068,.T.);
#2265=FACE_BOUND('',#2069,.T.);
#2266=FACE_BOUND('',#2070,.T.);
#2267=FACE_BOUND('',#2071,.T.);
#2268=FACE_BOUND('',#2072,.T.);
#2269=FACE_BOUND('',#2073,.T.);
#2270=FACE_BOUND('',#2074,.T.);
#2271=FACE_BOUND('',#2075,.T.);
#2272=FACE_BOUND('',#2076,.T.);
#2273=FACE_BOUND('',#2077,.T.);
#2274=FACE_BOUND('',#2078,.T.);
#2275=FACE_BOUND('',#2079,.T.);
#2276=FACE_BOUND('',#2080,.T.);
#2277=FACE_BOUND('',#2081,.T.);
#2278=FACE_BOUND('',#2082,.T.);
#2279=FACE_BOUND('',#2083,.T.);
#2280=FACE_BOUND('',#2084,.T.);
#2281=FACE_BOUND('',#2085,.T.);
#2282=FACE_BOUND('',#2086,.T.);
#2283=FACE_BOUND('',#2087,.T.);
#2284=FACE_BOUND('',#2088,.T.);
#2285=FACE_BOUND('',#2089,.T.);
#2286=FACE_BOUND('',#2090,.T.);
#2287=FACE_BOUND('',#2091,.T.);
#2288=FACE_BOUND('',#2092,.T.);
#2289=FACE_BOUND('',#2093,.T.);
#2290=FACE_BOUND('',#2094,.T.);
#2291=FACE_BOUND('',#2095,.T.);
#2292=FACE_BOUND('',#2096,.T.);
#2293=FACE_BOUND('',#2097,.T.);
#2294=FACE_BOUND('',#2098,.T.);
#2295=FACE_BOUND('',#2099,.T.);
#2296=FACE_BOUND('',#2100,.T.);
#2297=FACE_BOUND('',#2101,.T.);
#2298=FACE_BOUND('',#2102,.T.);
#2299=FACE_BOUND('',#2103,.T.);
#2300=FACE_BOUND('',#2104,.T.);
#2301=FACE_BOUND('',#2105,.T.);
#2302=FACE_BOUND('',#2106,.T.);
#2303=FACE_BOUND('',#2107,.T.);
#2304=FACE_BOUND('',#2108,.T.);
#2305=FACE_BOUND('',#2109,.T.);
#2306=FACE_BOUND('',#2110,.T.);
#2307=FACE_BOUND('',#2111,.T.);
#2308=FACE_BOUND('',#2112,.T.);
#2309=FACE_BOUND('',#2113,.T.);
#2310=FACE_BOUND('',#2114,.T.);
#2311=FACE_BOUND('',#2115,.T.);
#2312=FACE_BOUND('',#2116,.T.);
#2313=FACE_BOUND('',#2117,.T.);
#2314=FACE_BOUND('',#2118,.T.);
#2315=FACE_BOUND('',#2119,.T.);
#2316=FACE_BOUND('',#2120,.T.);
#2317=FACE_BOUND('',#2121,.T.);
#2318=FACE_BOUND('',#2122,.T.);
#2319=FACE_BOUND('',#2123,.T.);
#2320=FACE_BOUND('',#2124,.T.);
#2321=FACE_BOUND('',#2125,.T.);
#2322=FACE_BOUND('',#2126,.T.);
#2323=FACE_BOUND('',#2127,.T.);
#2324=FACE_BOUND('',#2128,.T.);
#2325=FACE_BOUND('',#2129,.T.);
#2326=FACE_BOUND('',#2130,.T.);
#2327=FACE_BOUND('',#2131,.T.);
#2328=FACE_BOUND('',#2132,.T.);
#2329=FACE_BOUND('',#2133,.T.);
#2330=FACE_BOUND('',#2134,.T.);
#2331=FACE_BOUND('',#2135,.T.);
#2332=FACE_BOUND('',#2136,.T.);
#2333=FACE_BOUND('',#2137,.T.);
#2334=FACE_BOUND('',#2138,.T.);
#2335=FACE_BOUND('',#2139,.T.);
#2336=FACE_BOUND('',#2140,.T.);
#2337=FACE_BOUND('',#2141,.T.);
#2338=FACE_BOUND('',#2142,.T.);
#2339=FACE_BOUND('',#2143,.T.);
#2340=FACE_BOUND('',#2144,.T.);
#2341=FACE_BOUND('',#2145,.T.);
#2342=FACE_BOUND('',#2146,.T.);
#2343=FACE_BOUND('',#2147,.T.);
#2344=FACE_BOUND('',#2148,.T.);
#2345=FACE_BOUND('',#2149,.T.);
#2346=FACE_BOUND('',#2150,.T.);
#2347=FACE_BOUND('',#2151,.T.);
#2348=FACE_BOUND('',#2152,.T.);
#2349=FACE_BOUND('',#2153,.T.);
#2350=FACE_BOUND('',#2154,.T.);
#2351=FACE_BOUND('',#2155,.T.);
#2352=FACE_BOUND('',#2156,.T.);
#2353=FACE_BOUND('',#2157,.T.);
#2354=FACE_BOUND('',#2158,.T.);
#2355=FACE_BOUND('',#2159,.T.);
#2356=FACE_BOUND('',#2160,.T.);
#2357=FACE_BOUND('',#2161,.T.);
#2358=FACE_BOUND('',#2162,.T.);
#2359=FACE_BOUND('',#2163,.T.);
#2360=FACE_BOUND('',#2164,.T.);
#2361=FACE_BOUND('',#2165,.T.);
#2362=FACE_BOUND('',#2166,.T.);
#2363=FACE_BOUND('',#2167,.T.);
#2364=FACE_BOUND('',#2168,.T.);
#2365=FACE_BOUND('',#2169,.T.);
#2366=FACE_BOUND('',#2170,.T.);
#2367=FACE_BOUND('',#2171,.T.);
#2368=FACE_BOUND('',#2172,.T.);
#2369=FACE_BOUND('',#2173,.T.);
#2370=FACE_BOUND('',#2174,.T.);
#2371=FACE_BOUND('',#2175,.T.);
#2372=FACE_BOUND('',#2176,.T.);
#2373=FACE_BOUND('',#2177,.T.);
#2374=FACE_BOUND('',#2178,.T.);
#2375=FACE_BOUND('',#2179,.T.);
#2376=FACE_BOUND('',#2180,.T.);
#2377=FACE_BOUND('',#2181,.T.);
#2378=FACE_BOUND('',#2182,.T.);
#2379=FACE_BOUND('',#2183,.T.);
#2380=FACE_BOUND('',#2184,.T.);
#2381=FACE_BOUND('',#2185,.T.);
#2382=FACE_BOUND('',#2186,.T.);
#2383=FACE_BOUND('',#2187,.T.);
#2384=FACE_BOUND('',#2188,.T.);
#2385=FACE_BOUND('',#2189,.T.);
#2386=FACE_BOUND('',#2190,.T.);
#2387=FACE_BOUND('',#2191,.T.);
#2388=FACE_BOUND('',#2192,.T.);
#2389=FACE_BOUND('',#2193,.T.);
#2390=FACE_BOUND('',#2194,.T.);
#2391=FACE_BOUND('',#2195,.T.);
#2392=FACE_BOUND('',#2196,.T.);
#2393=FACE_BOUND('',#2197,.T.);
#2394=FACE_BOUND('',#2198,.T.);
#2395=FACE_BOUND('',#2199,.T.);
#2396=FACE_BOUND('',#2200,.T.);
#2397=FACE_BOUND('',#2201,.T.);
#2398=FACE_BOUND('',#2202,.T.);
#2399=CYLINDRICAL_SURFACE('',#2679,0.01);
#2400=CYLINDRICAL_SURFACE('',#2689,0.01);
#2401=CYLINDRICAL_SURFACE('',#2739,0.0762);
#2402=CYLINDRICAL_SURFACE('',#2743,0.0762);
#2403=CYLINDRICAL_SURFACE('',#2746,0.0271);
#2404=CYLINDRICAL_SURFACE('',#2747,0.0271);
#2405=CYLINDRICAL_SURFACE('',#2757,0.0762);
#2406=CYLINDRICAL_SURFACE('',#2771,0.0271);
#2407=CYLINDRICAL_SURFACE('',#2772,0.00395);
#2408=CYLINDRICAL_SURFACE('',#2777,0.00395);
#2409=CYLINDRICAL_SURFACE('',#2779,0.004);
#2410=CYLINDRICAL_SURFACE('',#2784,0.0025);
#2411=CYLINDRICAL_SURFACE('',#2785,0.0079);
#2412=CYLINDRICAL_SURFACE('',#2790,0.035);
#2413=CYLINDRICAL_SURFACE('',#2793,0.035);
#2414=CYLINDRICAL_SURFACE('',#2806,0.035);
#2415=CYLINDRICAL_SURFACE('',#2824,0.01005);
#2416=CYLINDRICAL_SURFACE('',#2827,0.01005);
#2417=CYLINDRICAL_SURFACE('',#2866,0.035);
#2418=CYLINDRICAL_SURFACE('',#2869,0.035);
#2419=CYLINDRICAL_SURFACE('',#2880,0.0762);
#2420=CYLINDRICAL_SURFACE('',#2885,0.0762);
#2421=CYLINDRICAL_SURFACE('',#2891,0.0271);
#2422=CYLINDRICAL_SURFACE('',#2892,0.0271);
#2423=CYLINDRICAL_SURFACE('',#2899,0.005);
#2424=CYLINDRICAL_SURFACE('',#2903,0.005);
#2425=CYLINDRICAL_SURFACE('',#2908,0.005);
#2426=CYLINDRICAL_SURFACE('',#2912,0.005);
#2427=CYLINDRICAL_SURFACE('',#2914,0.01);
#2428=CYLINDRICAL_SURFACE('',#2917,0.01005);
#2429=CYLINDRICAL_SURFACE('',#2921,0.01);
#2430=CYLINDRICAL_SURFACE('',#2924,0.01005);
#2431=CYLINDRICAL_SURFACE('',#2931,0.01);
#2432=CYLINDRICAL_SURFACE('',#2944,0.01);
#2433=CYLINDRICAL_SURFACE('',#2947,0.0158);
#2434=CYLINDRICAL_SURFACE('',#2950,0.0158);
#2435=CYLINDRICAL_SURFACE('',#2955,0.01);
#2436=CYLINDRICAL_SURFACE('',#2960,0.01);
#2437=CYLINDRICAL_SURFACE('',#2961,0.0158);
#2438=CYLINDRICAL_SURFACE('',#2965,0.0158);
#2439=CYLINDRICAL_SURFACE('',#2967,0.0158);
#2440=CYLINDRICAL_SURFACE('',#2975,0.01);
#2441=CYLINDRICAL_SURFACE('',#2979,0.01);
#2442=CYLINDRICAL_SURFACE('',#2994,0.01);
#2443=CYLINDRICAL_SURFACE('',#2995,0.01);
#2444=CYLINDRICAL_SURFACE('',#3000,0.0158);
#2445=CYLINDRICAL_SURFACE('',#3001,0.0158);
#2446=ADVANCED_FACE('',(#2203,#2204),#2399,.T.);
#2447=ADVANCED_FACE('',(#2205),#437,.T.);
#2448=ADVANCED_FACE('',(#2206),#438,.F.);
#2449=ADVANCED_FACE('',(#2207,#2208),#433,.T.);
#2450=ADVANCED_FACE('',(#2209,#2210),#434,.T.);
#2451=ADVANCED_FACE('',(#2211,#2212),#2400,.T.);
#2452=ADVANCED_FACE('',(#2213),#439,.T.);
#2453=ADVANCED_FACE('',(#2214),#440,.F.);
#2454=ADVANCED_FACE('',(#2215,#2216),#435,.T.);
#2455=ADVANCED_FACE('',(#2217,#2218),#436,.T.);
#2456=ADVANCED_FACE('',(#2219),#415,.T.);
#2457=ADVANCED_FACE('',(#2220),#387,.F.);
#2458=ADVANCED_FACE('',(#2221,#2222,#2223),#441,.F.);
#2459=ADVANCED_FACE('',(#2224),#442,.T.);
#2460=ADVANCED_FACE('',(#2225),#443,.F.);
#2461=ADVANCED_FACE('',(#2226),#444,.T.);
#2462=ADVANCED_FACE('',(#2227),#445,.F.);
#2463=ADVANCED_FACE('',(#2228),#446,.T.);
#2464=ADVANCED_FACE('',(#2229),#447,.T.);
#2465=ADVANCED_FACE('',(#2230),#2401,.F.);
#2466=ADVANCED_FACE('',(#2231),#448,.T.);
#2467=ADVANCED_FACE('',(#2232),#2402,.F.);
#2468=ADVANCED_FACE('',(#2233),#449,.T.);
#2469=ADVANCED_FACE('',(#2234),#2403,.F.);
#2470=ADVANCED_FACE('',(#2235),#2404,.F.);
#2471=ADVANCED_FACE('',(#2236),#450,.F.);
#2472=ADVANCED_FACE('',(#2237),#416,.T.);
#2473=ADVANCED_FACE('',(#2238),#451,.F.);
#2474=ADVANCED_FACE('',(#2239),#2405,.F.);
#2475=ADVANCED_FACE('',(#2240),#452,.T.);
#2476=ADVANCED_FACE('',(#2241),#417,.T.);
#2477=ADVANCED_FACE('',(#2242),#418,.T.);
#2478=ADVANCED_FACE('',(#2243),#419,.T.);
#2479=ADVANCED_FACE('',(#2244),#420,.T.);
#2480=ADVANCED_FACE('',(#2245),#453,.F.);
#2481=ADVANCED_FACE('',(#2246),#2406,.F.);
#2482=ADVANCED_FACE('',(#2247),#2407,.F.);
#2483=ADVANCED_FACE('',(#2248),#388,.F.);
#2484=ADVANCED_FACE('',(#2249),#454,.T.);
#2485=ADVANCED_FACE('',(#2250),#2408,.F.);
#2486=ADVANCED_FACE('',(#2251),#455,.T.);
#2487=ADVANCED_FACE('',(#2252),#2409,.F.);
#2488=ADVANCED_FACE('',(#2253),#389,.F.);
#2489=ADVANCED_FACE('',(#2254),#456,.F.);
#2490=ADVANCED_FACE('',(#2255),#2410,.F.);
#2491=ADVANCED_FACE('',(#2256),#2411,.F.);
#2492=ADVANCED_FACE('',(#2257),#457,.T.);
#2493=ADVANCED_FACE('',(#2258),#458,.T.);
#2494=ADVANCED_FACE('',(#2259),#2412,.F.);
#2495=ADVANCED_FACE('',(#2260),#2413,.F.);
#2496=ADVANCED_FACE('',(#2261),#29,.F.);
#2497=ADVANCED_FACE('',(#2262),#10,.T.);
#2498=ADVANCED_FACE('',(#2263),#11,.T.);
#2499=ADVANCED_FACE('',(#2264),#12,.T.);
#2500=ADVANCED_FACE('',(#2265),#13,.T.);
#2501=ADVANCED_FACE('',(#2266),#2414,.F.);
#2502=ADVANCED_FACE('',(#2267),#30,.T.);
#2503=ADVANCED_FACE('',(#2268),#14,.T.);
#2504=ADVANCED_FACE('',(#2269),#31,.T.);
#2505=ADVANCED_FACE('',(#2270),#15,.T.);
#2506=ADVANCED_FACE('',(#2271),#459,.T.);
#2507=ADVANCED_FACE('',(#2272),#16,.F.);
#2508=ADVANCED_FACE('',(#2273),#460,.T.);
#2509=ADVANCED_FACE('',(#2274),#17,.F.);
#2510=ADVANCED_FACE('',(#2275),#461,.T.);
#2511=ADVANCED_FACE('',(#2276),#18,.F.);
#2512=ADVANCED_FACE('',(#2277,#2278),#2415,.F.);
#2513=ADVANCED_FACE('',(#2279),#462,.F.);
#2514=ADVANCED_FACE('',(#2280,#2281),#2416,.F.);
#2515=ADVANCED_FACE('',(#2282),#463,.F.);
#2516=ADVANCED_FACE('',(#2283),#464,.F.);
#2517=ADVANCED_FACE('',(#2284),#465,.T.);
#2518=ADVANCED_FACE('',(#2285),#466,.T.);
#2519=ADVANCED_FACE('',(#2286),#467,.T.);
#2520=ADVANCED_FACE('',(#2287),#468,.T.);
#2521=ADVANCED_FACE('',(#2288),#469,.T.);
#2522=ADVANCED_FACE('',(#2289),#470,.T.);
#2523=ADVANCED_FACE('',(#2290),#471,.T.);
#2524=ADVANCED_FACE('',(#2291),#472,.F.);
#2525=ADVANCED_FACE('',(#2292,#2293,#2294),#473,.T.);
#2526=ADVANCED_FACE('',(#2295),#474,.F.);
#2527=ADVANCED_FACE('',(#2296),#475,.T.);
#2528=ADVANCED_FACE('',(#2297),#476,.F.);
#2529=ADVANCED_FACE('',(#2298),#2417,.F.);
#2530=ADVANCED_FACE('',(#2299),#2418,.F.);
#2531=ADVANCED_FACE('',(#2300),#32,.F.);
#2532=ADVANCED_FACE('',(#2301),#19,.T.);
#2533=ADVANCED_FACE('',(#2302),#20,.T.);
#2534=ADVANCED_FACE('',(#2303),#477,.T.);
#2535=ADVANCED_FACE('',(#2304),#2419,.F.);
#2536=ADVANCED_FACE('',(#2305),#478,.T.);
#2537=ADVANCED_FACE('',(#2306),#2420,.F.);
#2538=ADVANCED_FACE('',(#2307),#21,.T.);
#2539=ADVANCED_FACE('',(#2308),#22,.T.);
#2540=ADVANCED_FACE('',(#2309),#479,.T.);
#2541=ADVANCED_FACE('',(#2310),#2421,.F.);
#2542=ADVANCED_FACE('',(#2311),#2422,.F.);
#2543=ADVANCED_FACE('',(#2312),#480,.F.);
#2544=ADVANCED_FACE('',(#2313),#481,.F.);
#2545=ADVANCED_FACE('',(#2314),#482,.T.);
#2546=ADVANCED_FACE('',(#2315),#2423,.F.);
#2547=ADVANCED_FACE('',(#2316),#23,.F.);
#2548=ADVANCED_FACE('',(#2317),#2424,.F.);
#2549=ADVANCED_FACE('',(#2318),#483,.T.);
#2550=ADVANCED_FACE('',(#2319),#484,.F.);
#2551=ADVANCED_FACE('',(#2320),#2425,.F.);
#2552=ADVANCED_FACE('',(#2321),#24,.F.);
#2553=ADVANCED_FACE('',(#2322),#2426,.F.);
#2554=ADVANCED_FACE('',(#2323),#485,.F.);
#2555=ADVANCED_FACE('',(#2324,#2325),#2427,.T.);
#2556=ADVANCED_FACE('',(#2326,#2327),#2428,.F.);
#2557=ADVANCED_FACE('',(#2328,#2329),#486,.T.);
#2558=ADVANCED_FACE('',(#2330),#487,.T.);
#2559=ADVANCED_FACE('',(#2331,#2332),#2429,.T.);
#2560=ADVANCED_FACE('',(#2333,#2334),#2430,.F.);
#2561=ADVANCED_FACE('',(#2335,#2336),#488,.T.);
#2562=ADVANCED_FACE('',(#2337),#489,.T.);
#2563=ADVANCED_FACE('',(#2338),#490,.T.);
#2564=ADVANCED_FACE('',(#2339,#2340),#2431,.T.);
#2565=ADVANCED_FACE('',(#2341,#2342),#491,.T.);
#2566=ADVANCED_FACE('',(#2343),#492,.T.);
#2567=ADVANCED_FACE('',(#2344),#493,.F.);
#2568=ADVANCED_FACE('',(#2345),#494,.T.);
#2569=ADVANCED_FACE('',(#2346,#2347),#495,.F.);
#2570=ADVANCED_FACE('',(#2348),#496,.T.);
#2571=ADVANCED_FACE('',(#2349),#497,.F.);
#2572=ADVANCED_FACE('',(#2350,#2351),#2432,.T.);
#2573=ADVANCED_FACE('',(#2352),#2433,.T.);
#2574=ADVANCED_FACE('',(#2353),#2434,.T.);
#2575=ADVANCED_FACE('',(#2354,#2355),#25,.T.);
#2576=ADVANCED_FACE('',(#2356,#2357),#2435,.T.);
#2577=ADVANCED_FACE('',(#2358),#498,.F.);
#2578=ADVANCED_FACE('',(#2359),#499,.F.);
#2579=ADVANCED_FACE('',(#2360,#2361),#26,.T.);
#2580=ADVANCED_FACE('',(#2362,#2363),#2436,.T.);
#2581=ADVANCED_FACE('',(#2364),#2437,.T.);
#2582=ADVANCED_FACE('',(#2365),#33,.T.);
#2583=ADVANCED_FACE('',(#2366),#2438,.T.);
#2584=ADVANCED_FACE('',(#2367),#2439,.T.);
#2585=ADVANCED_FACE('',(#2368),#34,.T.);
#2586=ADVANCED_FACE('',(#2369),#500,.T.);
#2587=ADVANCED_FACE('',(#2370),#501,.T.);
#2588=ADVANCED_FACE('',(#2371),#502,.T.);
#2589=ADVANCED_FACE('',(#2372,#2373),#2440,.T.);
#2590=ADVANCED_FACE('',(#2374,#2375),#503,.T.);
#2591=ADVANCED_FACE('',(#2376,#2377),#2441,.T.);
#2592=ADVANCED_FACE('',(#2378,#2379),#504,.F.);
#2593=ADVANCED_FACE('',(#2380),#505,.F.);
#2594=ADVANCED_FACE('',(#2381),#506,.T.);
#2595=ADVANCED_FACE('',(#2382),#507,.T.);
#2596=ADVANCED_FACE('',(#2383),#508,.F.);
#2597=ADVANCED_FACE('',(#2384,#2385),#27,.T.);
#2598=ADVANCED_FACE('',(#2386,#2387),#2442,.T.);
#2599=ADVANCED_FACE('',(#2388,#2389),#2443,.T.);
#2600=ADVANCED_FACE('',(#2390,#2391),#28,.T.);
#2601=ADVANCED_FACE('',(#2392),#509,.T.);
#2602=ADVANCED_FACE('',(#2393),#510,.T.);
#2603=ADVANCED_FACE('',(#2394),#2444,.T.);
#2604=ADVANCED_FACE('',(#2395),#2445,.T.);
#2605=ADVANCED_FACE('',(#2396),#511,.T.);
#2606=ADVANCED_FACE('',(#2397),#512,.T.);
#2607=ADVANCED_FACE('',(#2398),#513,.T.);
#2608=CLOSED_SHELL('',(#2446,#2447,#2448,#2449,#2450));
#2609=CLOSED_SHELL('',(#2451,#2452,#2453,#2454,#2455));
#2610=CLOSED_SHELL('',(#2456,#2457,#2458,#2459,#2460,#2461,#2462,#2463,
#2464,#2465,#2466,#2467,#2468,#2469,#2470,#2471,#2472,#2473,#2474,#2475,
#2476,#2477,#2478,#2479,#2480,#2481,#2482,#2483,#2484,#2485,#2486,#2487,
#2488,#2489,#2490,#2491,#2492,#2493,#2494,#2495,#2496,#2497,#2498,#2499,
#2500,#2501,#2502,#2503,#2504,#2505,#2506,#2507,#2508,#2509,#2510,#2511,
#2512,#2513,#2514,#2515,#2516,#2517,#2518,#2519,#2520,#2521));
#2611=CLOSED_SHELL('',(#2522,#2523,#2524,#2525,#2526,#2527,#2528,#2529,
#2530,#2531,#2532,#2533,#2534,#2535,#2536,#2537,#2538,#2539,#2540,#2541,
#2542,#2543,#2544,#2545,#2546,#2547,#2548,#2549,#2550,#2551,#2552,#2553,
#2554,#2555,#2556,#2557,#2558,#2559,#2560,#2561,#2562));
#2612=CLOSED_SHELL('',(#2563,#2564,#2565,#2566,#2567,#2568,#2569,#2570,
#2571,#2572,#2573,#2574,#2575,#2576,#2577,#2578,#2579,#2580,#2581,#2582,
#2583,#2584,#2585,#2586,#2587));
#2613=CLOSED_SHELL('',(#2588,#2589,#2590,#2591,#2592,#2593,#2594,#2595,
#2596,#2597,#2598,#2599,#2600,#2601,#2602,#2603,#2604,#2605,#2606,#2607));
#2614=STYLED_ITEM('',(#2620),#2660);
#2615=STYLED_ITEM('',(#2621),#2661);
#2616=STYLED_ITEM('',(#2622),#2662);
#2617=STYLED_ITEM('',(#2623),#2663);
#2618=STYLED_ITEM('',(#2624),#2664);
#2619=STYLED_ITEM('',(#2625),#2665);
#2620=PRESENTATION_STYLE_ASSIGNMENT((#2626));
#2621=PRESENTATION_STYLE_ASSIGNMENT((#2627));
#2622=PRESENTATION_STYLE_ASSIGNMENT((#2628));
#2623=PRESENTATION_STYLE_ASSIGNMENT((#2629));
#2624=PRESENTATION_STYLE_ASSIGNMENT((#2630));
#2625=PRESENTATION_STYLE_ASSIGNMENT((#2631));
#2626=SURFACE_STYLE_USAGE(.BOTH.,#2632);
#2627=SURFACE_STYLE_USAGE(.BOTH.,#2633);
#2628=SURFACE_STYLE_USAGE(.BOTH.,#2634);
#2629=SURFACE_STYLE_USAGE(.BOTH.,#2635);
#2630=SURFACE_STYLE_USAGE(.BOTH.,#2636);
#2631=SURFACE_STYLE_USAGE(.BOTH.,#2637);
#2632=SURFACE_SIDE_STYLE('',(#2638));
#2633=SURFACE_SIDE_STYLE('',(#2639));
#2634=SURFACE_SIDE_STYLE('',(#2640));
#2635=SURFACE_SIDE_STYLE('',(#2641));
#2636=SURFACE_SIDE_STYLE('',(#2642));
#2637=SURFACE_SIDE_STYLE('',(#2643));
#2638=SURFACE_STYLE_FILL_AREA(#2644);
#2639=SURFACE_STYLE_FILL_AREA(#2645);
#2640=SURFACE_STYLE_FILL_AREA(#2646);
#2641=SURFACE_STYLE_FILL_AREA(#2647);
#2642=SURFACE_STYLE_FILL_AREA(#2648);
#2643=SURFACE_STYLE_FILL_AREA(#2649);
#2644=FILL_AREA_STYLE('',(#2650));
#2645=FILL_AREA_STYLE('',(#2651));
#2646=FILL_AREA_STYLE('',(#2652));
#2647=FILL_AREA_STYLE('',(#2653));
#2648=FILL_AREA_STYLE('',(#2654));
#2649=FILL_AREA_STYLE('',(#2655));
#2650=FILL_AREA_STYLE_COLOUR('',#2656);
#2651=FILL_AREA_STYLE_COLOUR('',#2656);
#2652=FILL_AREA_STYLE_COLOUR('',#2657);
#2653=FILL_AREA_STYLE_COLOUR('',#2658);
#2654=FILL_AREA_STYLE_COLOUR('',#2659);
#2655=FILL_AREA_STYLE_COLOUR('',#2659);
#2656=COLOUR_RGB('',0.349019607843138,0.376470588235294,0.4);
#2657=COLOUR_RGB('',0.756862745098039,0.462745098039216,0.109803921568627);
#2658=COLOUR_RGB('',0.6,0.352941176470589,0.0549019607843137);
#2659=COLOUR_RGB('',0.458823529411765,0.105882352941176,0.);
#2660=MANIFOLD_SOLID_BREP('Pin 4',#2608);
#2661=MANIFOLD_SOLID_BREP('Pin 3',#2609);
#2662=MANIFOLD_SOLID_BREP('Cope_Sand',#2610);
#2663=MANIFOLD_SOLID_BREP('Drag_Sand',#2611);
#2664=MANIFOLD_SOLID_BREP('Drag_Wooden_Casing',#2612);
#2665=MANIFOLD_SOLID_BREP('Cope_Wood_Casing',#2613);
#2666=SHAPE_DEFINITION_REPRESENTATION(#4889,#2672);
#2667=SHAPE_DEFINITION_REPRESENTATION(#4890,#2673);
#2668=SHAPE_DEFINITION_REPRESENTATION(#4891,#2674);
#2669=SHAPE_DEFINITION_REPRESENTATION(#4892,#2675);
#2670=SHAPE_DEFINITION_REPRESENTATION(#4893,#2676);
#2671=SHAPE_DEFINITION_REPRESENTATION(#4894,#2677);
#2672=SHAPE_REPRESENTATION('Pin 4',(#2678),#4859);
#2673=SHAPE_REPRESENTATION('Pin 3',(#2688),#4860);
#2674=SHAPE_REPRESENTATION('Cope_Sand',(#2698),#4861);
#2675=SHAPE_REPRESENTATION('Drag_Sand',(#2836),#4862);
#2676=SHAPE_REPRESENTATION('Drag_Wooden_Casing',(#2928),#4863);
#2677=SHAPE_REPRESENTATION('Cope_Wood_Casing',(#2972),#4864);
#2678=AXIS2_PLACEMENT_3D('',#3835,#3005,#3006);
#2679=AXIS2_PLACEMENT_3D('',#3836,#3007,#3008);
#2680=AXIS2_PLACEMENT_3D('',#3837,#3009,#3010);
#2681=AXIS2_PLACEMENT_3D('',#3839,#3011,#3012);
#2682=AXIS2_PLACEMENT_3D('',#3841,#3013,#3014);
#2683=AXIS2_PLACEMENT_3D('',#3842,#3015,#3016);
#2684=AXIS2_PLACEMENT_3D('',#3844,#3017,#3018);
#2685=AXIS2_PLACEMENT_3D('',#3845,#3019,#3020);
#2686=AXIS2_PLACEMENT_3D('',#3847,#3021,#3022);
#2687=AXIS2_PLACEMENT_3D('',#3848,#3023,#3024);
#2688=AXIS2_PLACEMENT_3D('',#3849,#3025,#3026);
#2689=AXIS2_PLACEMENT_3D('',#3850,#3027,#3028);
#2690=AXIS2_PLACEMENT_3D('',#3851,#3029,#3030);
#2691=AXIS2_PLACEMENT_3D('',#3853,#3031,#3032);
#2692=AXIS2_PLACEMENT_3D('',#3855,#3033,#3034);
#2693=AXIS2_PLACEMENT_3D('',#3856,#3035,#3036);
#2694=AXIS2_PLACEMENT_3D('',#3858,#3037,#3038);
#2695=AXIS2_PLACEMENT_3D('',#3859,#3039,#3040);
#2696=AXIS2_PLACEMENT_3D('',#3861,#3041,#3042);
#2697=AXIS2_PLACEMENT_3D('',#3862,#3043,#3044);
#2698=AXIS2_PLACEMENT_3D('',#3863,#3045,#3046);
#2699=AXIS2_PLACEMENT_3D('',#3905,#3047,#3048);
#2700=AXIS2_PLACEMENT_3D('',#3915,#3049,#3050);
#2701=AXIS2_PLACEMENT_3D('',#3924,#3051,#3052);
#2702=AXIS2_PLACEMENT_3D('',#3926,#3053,#3054);
#2703=AXIS2_PLACEMENT_3D('',#3928,#3055,#3056);
#2704=AXIS2_PLACEMENT_3D('',#3929,#3057,#3058);
#2705=AXIS2_PLACEMENT_3D('',#3933,#3060,#3061);
#2706=AXIS2_PLACEMENT_3D('',#3942,#3062,#3063);
#2707=AXIS2_PLACEMENT_3D('',#3951,#3064,#3065);
#2708=AXIS2_PLACEMENT_3D('',#3966,#3068,#3069);
#2709=AXIS2_PLACEMENT_3D('',#3967,#3070,#3071);
#2710=AXIS2_PLACEMENT_3D('',#3968,#3072,#3073);
#2711=AXIS2_PLACEMENT_3D('',#3970,#3074,#3075);
#2712=AXIS2_PLACEMENT_3D('',#3993,#3086,#3087);
#2713=AXIS2_PLACEMENT_3D('',#3997,#3089,#3090);
#2714=AXIS2_PLACEMENT_3D('',#3999,#3091,#3092);
#2715=AXIS2_PLACEMENT_3D('',#4001,#3093,#3094);
#2716=AXIS2_PLACEMENT_3D('',#4005,#3096,#3097);
#2717=AXIS2_PLACEMENT_3D('',#4016,#3103,#3104);
#2718=AXIS2_PLACEMENT_3D('',#4022,#3108,#3109);
#2719=AXIS2_PLACEMENT_3D('',#4028,#3113,#3114);
#2720=AXIS2_PLACEMENT_3D('',#4031,#3116,#3117);
#2721=AXIS2_PLACEMENT_3D('',#4033,#3118,#3119);
#2722=AXIS2_PLACEMENT_3D('',#4035,#3120,#3121);
#2723=AXIS2_PLACEMENT_3D('',#4039,#3123,#3124);
#2724=AXIS2_PLACEMENT_3D('',#4043,#3126,#3127);
#2725=AXIS2_PLACEMENT_3D('',#4045,#3128,#3129);
#2726=AXIS2_PLACEMENT_3D('',#4047,#3130,#3131);
#2727=AXIS2_PLACEMENT_3D('',#4050,#3133,#3134);
#2728=AXIS2_PLACEMENT_3D('',#4053,#3137,#3138);
#2729=AXIS2_PLACEMENT_3D('',#4057,#3140,#3141);
#2730=AXIS2_PLACEMENT_3D('',#4058,#3142,#3143);
#2731=AXIS2_PLACEMENT_3D('',#4060,#3144,#3145);
#2732=AXIS2_PLACEMENT_3D('',#4061,#3146,#3147);
#2733=AXIS2_PLACEMENT_3D('',#4062,#3148,#3149);
#2734=AXIS2_PLACEMENT_3D('',#4066,#3151,#3152);
#2735=AXIS2_PLACEMENT_3D('',#4068,#3153,#3154);
#2736=AXIS2_PLACEMENT_3D('',#4069,#3155,#3156);
#2737=AXIS2_PLACEMENT_3D('',#4079,#3158,#3159);
#2738=AXIS2_PLACEMENT_3D('',#4080,#3160,#3161);
#2739=AXIS2_PLACEMENT_3D('',#4081,#3162,#3163);
#2740=AXIS2_PLACEMENT_3D('',#4083,#3165,#3166);
#2741=AXIS2_PLACEMENT_3D('',#4084,#3167,#3168);
#2742=AXIS2_PLACEMENT_3D('',#4095,#3170,#3171);
#2743=AXIS2_PLACEMENT_3D('',#4096,#3172,#3173);
#2744=AXIS2_PLACEMENT_3D('',#4098,#3175,#3176);
#2745=AXIS2_PLACEMENT_3D('',#4101,#3178,#3179);
#2746=AXIS2_PLACEMENT_3D('',#4102,#3180,#3181);
#2747=AXIS2_PLACEMENT_3D('',#4104,#3183,#3184);
#2748=AXIS2_PLACEMENT_3D('',#4107,#3186,#3187);
#2749=AXIS2_PLACEMENT_3D('',#4108,#3188,#3189);
#2750=AXIS2_PLACEMENT_3D('',#4151,#3191,#3192);
#2751=AXIS2_PLACEMENT_3D('',#4160,#3193,#3194);
#2752=AXIS2_PLACEMENT_3D('',#4162,#3195,#3196);
#2753=AXIS2_PLACEMENT_3D('',#4164,#3197,#3198);
#2754=AXIS2_PLACEMENT_3D('',#4165,#3199,#3200);
#2755=AXIS2_PLACEMENT_3D('',#4169,#3202,#3203);
#2756=AXIS2_PLACEMENT_3D('',#4173,#3205,#3206);
#2757=AXIS2_PLACEMENT_3D('',#4174,#3207,#3208);
#2758=AXIS2_PLACEMENT_3D('',#4177,#3210,#3211);
#2759=AXIS2_PLACEMENT_3D('',#4186,#3212,#3213);
#2760=AXIS2_PLACEMENT_3D('',#4196,#3215,#3216);
#2761=AXIS2_PLACEMENT_3D('',#4223,#3218,#3219);
#2762=AXIS2_PLACEMENT_3D('',#4224,#3220,#3221);
#2763=AXIS2_PLACEMENT_3D('',#4243,#3222,#3223);
#2764=AXIS2_PLACEMENT_3D('',#4244,#3224,#3225);
#2765=AXIS2_PLACEMENT_3D('',#4263,#3226,#3227);
#2766=AXIS2_PLACEMENT_3D('',#4264,#3228,#3229);
#2767=AXIS2_PLACEMENT_3D('',#4283,#3230,#3231);
#2768=AXIS2_PLACEMENT_3D('',#4284,#3232,#3233);
#2769=AXIS2_PLACEMENT_3D('',#4285,#3234,#3235);
#2770=AXIS2_PLACEMENT_3D('',#4289,#3237,#3238);
#2771=AXIS2_PLACEMENT_3D('',#4290,#3239,#3240);
#2772=AXIS2_PLACEMENT_3D('',#4293,#3243,#3244);
#2773=AXIS2_PLACEMENT_3D('',#4322,#3249,#3250);
#2774=AXIS2_PLACEMENT_3D('',#4331,#3252,#3253);
#2775=AXIS2_PLACEMENT_3D('',#4341,#3255,#3256);
#2776=AXIS2_PLACEMENT_3D('',#4344,#3258,#3259);
#2777=AXIS2_PLACEMENT_3D('',#4346,#3261,#3262);
#2778=AXIS2_PLACEMENT_3D('',#4349,#3265,#3266);
#2779=AXIS2_PLACEMENT_3D('',#4351,#3268,#3269);
#2780=AXIS2_PLACEMENT_3D('',#4365,#3272,#3273);
#2781=AXIS2_PLACEMENT_3D('',#4375,#3275,#3276);
#2782=AXIS2_PLACEMENT_3D('',#4386,#3279,#3280);
#2783=AXIS2_PLACEMENT_3D('',#4387,#3281,#3282);
#2784=AXIS2_PLACEMENT_3D('',#4389,#3284,#3285);
#2785=AXIS2_PLACEMENT_3D('',#4392,#3288,#3289);
#2786=AXIS2_PLACEMENT_3D('',#4395,#3291,#3292);
#2787=AXIS2_PLACEMENT_3D('',#4398,#3294,#3295);
#2788=AXIS2_PLACEMENT_3D('',#4399,#3296,#3297);
#2789=AXIS2_PLACEMENT_3D('',#4401,#3299,#3300);
#2790=AXIS2_PLACEMENT_3D('',#4402,#3301,#3302);
#2791=AXIS2_PLACEMENT_3D('',#4403,#3303,#3304);
#2792=AXIS2_PLACEMENT_3D('',#4404,#3305,#3306);
#2793=AXIS2_PLACEMENT_3D('',#4405,#3307,#3308);
#2794=AXIS2_PLACEMENT_3D('',#4406,#3309,#3310);
#2795=AXIS2_PLACEMENT_3D('',#4407,#3311,#3312);
#2796=AXIS2_PLACEMENT_3D('',#4408,#3313,#3314);
#2797=AXIS2_PLACEMENT_3D('',#4409,#3315,#3316);
#2798=AXIS2_PLACEMENT_3D('',#4411,#3317,#3318);
#2799=AXIS2_PLACEMENT_3D('',#4413,#3319,#3320);
#2800=AXIS2_PLACEMENT_3D('',#4414,#3321,#3322);
#2801=AXIS2_PLACEMENT_3D('',#4415,#3323,#3324);
#2802=AXIS2_PLACEMENT_3D('',#4416,#3325,#3326);
#2803=AXIS2_PLACEMENT_3D('',#4417,#3327,#3328);
#2804=AXIS2_PLACEMENT_3D('',#4418,#3329,#3330);
#2805=AXIS2_PLACEMENT_3D('',#4419,#3331,#3332);
#2806=AXIS2_PLACEMENT_3D('',#4420,#3333,#3334);
#2807=AXIS2_PLACEMENT_3D('',#4421,#3335,#3336);
#2808=AXIS2_PLACEMENT_3D('',#4422,#3337,#3338);
#2809=AXIS2_PLACEMENT_3D('',#4423,#3339,#3340);
#2810=AXIS2_PLACEMENT_3D('',#4424,#3341,#3342);
#2811=AXIS2_PLACEMENT_3D('',#4425,#3343,#3344);
#2812=AXIS2_PLACEMENT_3D('',#4426,#3345,#3346);
#2813=AXIS2_PLACEMENT_3D('',#4427,#3347,#3348);
#2814=AXIS2_PLACEMENT_3D('',#4428,#3349,#3350);
#2815=AXIS2_PLACEMENT_3D('',#4429,#3351,#3352);
#2816=AXIS2_PLACEMENT_3D('',#4430,#3353,#3354);
#2817=AXIS2_PLACEMENT_3D('',#4431,#3355,#3356);
#2818=AXIS2_PLACEMENT_3D('',#4432,#3357,#3358);
#2819=AXIS2_PLACEMENT_3D('',#4433,#3359,#3360);
#2820=AXIS2_PLACEMENT_3D('',#4434,#3361,#3362);
#2821=AXIS2_PLACEMENT_3D('',#4435,#3363,#3364);
#2822=AXIS2_PLACEMENT_3D('',#4436,#3365,#3366);
#2823=AXIS2_PLACEMENT_3D('',#4437,#3367,#3368);
#2824=AXIS2_PLACEMENT_3D('',#4438,#3369,#3370);
#2825=AXIS2_PLACEMENT_3D('',#4439,#3371,#3372);
#2826=AXIS2_PLACEMENT_3D('',#4441,#3373,#3374);
#2827=AXIS2_PLACEMENT_3D('',#4442,#3375,#3376);
#2828=AXIS2_PLACEMENT_3D('',#4443,#3377,#3378);
#2829=AXIS2_PLACEMENT_3D('',#4445,#3379,#3380);
#2830=AXIS2_PLACEMENT_3D('',#4446,#3381,#3382);
#2831=AXIS2_PLACEMENT_3D('',#4447,#3383,#3384);
#2832=AXIS2_PLACEMENT_3D('',#4448,#3385,#3386);
#2833=AXIS2_PLACEMENT_3D('',#4449,#3387,#3388);
#2834=AXIS2_PLACEMENT_3D('',#4450,#3389,#3390);
#2835=AXIS2_PLACEMENT_3D('',#4451,#3391,#3392);
#2836=AXIS2_PLACEMENT_3D('',#4452,#3393,#3394);
#2837=AXIS2_PLACEMENT_3D('',#4453,#3395,#3396);
#2838=AXIS2_PLACEMENT_3D('',#4459,#3399,#3400);
#2839=AXIS2_PLACEMENT_3D('',#4487,#3414,#3415);
#2840=AXIS2_PLACEMENT_3D('',#4495,#3419,#3420);
#2841=AXIS2_PLACEMENT_3D('',#4505,#3425,#3426);
#2842=AXIS2_PLACEMENT_3D('',#4509,#3428,#3429);
#2843=AXIS2_PLACEMENT_3D('',#4511,#3430,#3431);
#2844=AXIS2_PLACEMENT_3D('',#4513,#3432,#3433);
#2845=AXIS2_PLACEMENT_3D('',#4517,#3435,#3436);
#2846=AXIS2_PLACEMENT_3D('',#4527,#3441,#3442);
#2847=AXIS2_PLACEMENT_3D('',#4530,#3444,#3445);
#2848=AXIS2_PLACEMENT_3D('',#4531,#3446,#3447);
#2849=AXIS2_PLACEMENT_3D('',#4533,#3448,#3449);
#2850=AXIS2_PLACEMENT_3D('',#4537,#3451,#3452);
#2851=AXIS2_PLACEMENT_3D('',#4538,#3453,#3454);
#2852=AXIS2_PLACEMENT_3D('',#4539,#3455,#3456);
#2853=AXIS2_PLACEMENT_3D('',#4541,#3457,#3458);
#2854=AXIS2_PLACEMENT_3D('',#4545,#3460,#3461);
#2855=AXIS2_PLACEMENT_3D('',#4546,#3462,#3463);
#2856=AXIS2_PLACEMENT_3D('',#4547,#3464,#3465);
#2857=AXIS2_PLACEMENT_3D('',#4549,#3466,#3467);
#2858=AXIS2_PLACEMENT_3D('',#4560,#3473,#3474);
#2859=AXIS2_PLACEMENT_3D('',#4564,#3476,#3477);
#2860=AXIS2_PLACEMENT_3D('',#4566,#3478,#3479);
#2861=AXIS2_PLACEMENT_3D('',#4568,#3480,#3481);
#2862=AXIS2_PLACEMENT_3D('',#4572,#3483,#3484);
#2863=AXIS2_PLACEMENT_3D('',#4583,#3491,#3492);
#2864=AXIS2_PLACEMENT_3D('',#4587,#3495,#3496);
#2865=AXIS2_PLACEMENT_3D('',#4591,#3499,#3500);
#2866=AXIS2_PLACEMENT_3D('',#4593,#3502,#3503);
#2867=AXIS2_PLACEMENT_3D('',#4594,#3504,#3505);
#2868=AXIS2_PLACEMENT_3D('',#4595,#3506,#3507);
#2869=AXIS2_PLACEMENT_3D('',#4596,#3508,#3509);
#2870=AXIS2_PLACEMENT_3D('',#4597,#3510,#3511);
#2871=AXIS2_PLACEMENT_3D('',#4598,#3512,#3513);
#2872=AXIS2_PLACEMENT_3D('',#4599,#3514,#3515);
#2873=AXIS2_PLACEMENT_3D('',#4600,#3516,#3517);
#2874=AXIS2_PLACEMENT_3D('',#4601,#3518,#3519);
#2875=AXIS2_PLACEMENT_3D('',#4602,#3520,#3521);
#2876=AXIS2_PLACEMENT_3D('',#4603,#3522,#3523);
#2877=AXIS2_PLACEMENT_3D('',#4604,#3524,#3525);
#2878=AXIS2_PLACEMENT_3D('',#4605,#3526,#3527);
#2879=AXIS2_PLACEMENT_3D('',#4606,#3528,#3529);
#2880=AXIS2_PLACEMENT_3D('',#4607,#3530,#3531);
#2881=AXIS2_PLACEMENT_3D('',#4608,#3532,#3533);
#2882=AXIS2_PLACEMENT_3D('',#4609,#3534,#3535);
#2883=AXIS2_PLACEMENT_3D('',#4610,#3536,#3537);
#2884=AXIS2_PLACEMENT_3D('',#4611,#3538,#3539);
#2885=AXIS2_PLACEMENT_3D('',#4612,#3540,#3541);
#2886=AXIS2_PLACEMENT_3D('',#4613,#3542,#3543);
#2887=AXIS2_PLACEMENT_3D('',#4614,#3544,#3545);
#2888=AXIS2_PLACEMENT_3D('',#4615,#3546,#3547);
#2889=AXIS2_PLACEMENT_3D('',#4616,#3548,#3549);
#2890=AXIS2_PLACEMENT_3D('',#4617,#3550,#3551);
#2891=AXIS2_PLACEMENT_3D('',#4618,#3552,#3553);
#2892=AXIS2_PLACEMENT_3D('',#4619,#3554,#3555);
#2893=AXIS2_PLACEMENT_3D('',#4620,#3556,#3557);
#2894=AXIS2_PLACEMENT_3D('',#4621,#3558,#3559);
#2895=AXIS2_PLACEMENT_3D('',#4622,#3560,#3561);
#2896=AXIS2_PLACEMENT_3D('',#4623,#3562,#3563);
#2897=AXIS2_PLACEMENT_3D('',#4624,#3564,#3565);
#2898=AXIS2_PLACEMENT_3D('',#4625,#3566,#3567);
#2899=AXIS2_PLACEMENT_3D('',#4626,#3568,#3569);
#2900=AXIS2_PLACEMENT_3D('',#4627,#3570,#3571);
#2901=AXIS2_PLACEMENT_3D('',#4628,#3572,#3573);
#2902=AXIS2_PLACEMENT_3D('',#4629,#3574,#3575);
#2903=AXIS2_PLACEMENT_3D('',#4630,#3576,#3577);
#2904=AXIS2_PLACEMENT_3D('',#4631,#3578,#3579);
#2905=AXIS2_PLACEMENT_3D('',#4632,#3580,#3581);
#2906=AXIS2_PLACEMENT_3D('',#4633,#3582,#3583);
#2907=AXIS2_PLACEMENT_3D('',#4634,#3584,#3585);
#2908=AXIS2_PLACEMENT_3D('',#4635,#3586,#3587);
#2909=AXIS2_PLACEMENT_3D('',#4636,#3588,#3589);
#2910=AXIS2_PLACEMENT_3D('',#4637,#3590,#3591);
#2911=AXIS2_PLACEMENT_3D('',#4638,#3592,#3593);
#2912=AXIS2_PLACEMENT_3D('',#4639,#3594,#3595);
#2913=AXIS2_PLACEMENT_3D('',#4640,#3596,#3597);
#2914=AXIS2_PLACEMENT_3D('',#4641,#3598,#3599);
#2915=AXIS2_PLACEMENT_3D('',#4642,#3600,#3601);
#2916=AXIS2_PLACEMENT_3D('',#4644,#3602,#3603);
#2917=AXIS2_PLACEMENT_3D('',#4646,#3604,#3605);
#2918=AXIS2_PLACEMENT_3D('',#4647,#3606,#3607);
#2919=AXIS2_PLACEMENT_3D('',#4649,#3608,#3609);
#2920=AXIS2_PLACEMENT_3D('',#4650,#3610,#3611);
#2921=AXIS2_PLACEMENT_3D('',#4651,#3612,#3613);
#2922=AXIS2_PLACEMENT_3D('',#4652,#3614,#3615);
#2923=AXIS2_PLACEMENT_3D('',#4654,#3616,#3617);
#2924=AXIS2_PLACEMENT_3D('',#4656,#3618,#3619);
#2925=AXIS2_PLACEMENT_3D('',#4657,#3620,#3621);
#2926=AXIS2_PLACEMENT_3D('',#4659,#3622,#3623);
#2927=AXIS2_PLACEMENT_3D('',#4660,#3624,#3625);
#2928=AXIS2_PLACEMENT_3D('',#4661,#3626,#3627);
#2929=AXIS2_PLACEMENT_3D('',#4662,#3628,#3629);
#2930=AXIS2_PLACEMENT_3D('',#4663,#3630,#3631);
#2931=AXIS2_PLACEMENT_3D('',#4665,#3632,#3633);
#2932=AXIS2_PLACEMENT_3D('',#4666,#3634,#3635);
#2933=AXIS2_PLACEMENT_3D('',#4668,#3636,#3637);
#2934=AXIS2_PLACEMENT_3D('',#4669,#3638,#3639);
#2935=AXIS2_PLACEMENT_3D('',#4679,#3644,#3645);
#2936=AXIS2_PLACEMENT_3D('',#4692,#3652,#3653);
#2937=AXIS2_PLACEMENT_3D('',#4696,#3655,#3656);
#2938=AXIS2_PLACEMENT_3D('',#4697,#3657,#3658);
#2939=AXIS2_PLACEMENT_3D('',#4703,#3662,#3663);
#2940=AXIS2_PLACEMENT_3D('',#4709,#3667,#3668);
#2941=AXIS2_PLACEMENT_3D('',#4710,#3669,#3670);
#2942=AXIS2_PLACEMENT_3D('',#4717,#3674,#3675);
#2943=AXIS2_PLACEMENT_3D('',#4726,#3680,#3681);
#2944=AXIS2_PLACEMENT_3D('',#4729,#3684,#3685);
#2945=AXIS2_PLACEMENT_3D('',#4730,#3686,#3687);
#2946=AXIS2_PLACEMENT_3D('',#4732,#3688,#3689);
#2947=AXIS2_PLACEMENT_3D('',#4734,#3690,#3691);
#2948=AXIS2_PLACEMENT_3D('',#4735,#3692,#3693);
#2949=AXIS2_PLACEMENT_3D('',#4736,#3694,#3695);
#2950=AXIS2_PLACEMENT_3D('',#4737,#3696,#3697);
#2951=AXIS2_PLACEMENT_3D('',#4738,#3698,#3699);
#2952=AXIS2_PLACEMENT_3D('',#4739,#3700,#3701);
#2953=AXIS2_PLACEMENT_3D('',#4740,#3702,#3703);
#2954=AXIS2_PLACEMENT_3D('',#4741,#3704,#3705);
#2955=AXIS2_PLACEMENT_3D('',#4743,#3706,#3707);
#2956=AXIS2_PLACEMENT_3D('',#4744,#3708,#3709);
#2957=AXIS2_PLACEMENT_3D('',#4750,#3713,#3714);
#2958=AXIS2_PLACEMENT_3D('',#4751,#3715,#3716);
#2959=AXIS2_PLACEMENT_3D('',#4752,#3717,#3718);
#2960=AXIS2_PLACEMENT_3D('',#4754,#3719,#3720);
#2961=AXIS2_PLACEMENT_3D('',#4755,#3721,#3722);
#2962=AXIS2_PLACEMENT_3D('',#4756,#3723,#3724);
#2963=AXIS2_PLACEMENT_3D('',#4757,#3725,#3726);
#2964=AXIS2_PLACEMENT_3D('',#4758,#3727,#3728);
#2965=AXIS2_PLACEMENT_3D('',#4759,#3729,#3730);
#2966=AXIS2_PLACEMENT_3D('',#4760,#3731,#3732);
#2967=AXIS2_PLACEMENT_3D('',#4761,#3733,#3734);
#2968=AXIS2_PLACEMENT_3D('',#4762,#3735,#3736);
#2969=AXIS2_PLACEMENT_3D('',#4763,#3737,#3738);
#2970=AXIS2_PLACEMENT_3D('',#4764,#3739,#3740);
#2971=AXIS2_PLACEMENT_3D('',#4765,#3741,#3742);
#2972=AXIS2_PLACEMENT_3D('',#4766,#3743,#3744);
#2973=AXIS2_PLACEMENT_3D('',#4767,#3745,#3746);
#2974=AXIS2_PLACEMENT_3D('',#4768,#3747,#3748);
#2975=AXIS2_PLACEMENT_3D('',#4770,#3749,#3750);
#2976=AXIS2_PLACEMENT_3D('',#4771,#3751,#3752);
#2977=AXIS2_PLACEMENT_3D('',#4773,#3753,#3754);
#2978=AXIS2_PLACEMENT_3D('',#4774,#3755,#3756);
#2979=AXIS2_PLACEMENT_3D('',#4784,#3761,#3762);
#2980=AXIS2_PLACEMENT_3D('',#4785,#3763,#3764);
#2981=AXIS2_PLACEMENT_3D('',#4787,#3765,#3766);
#2982=AXIS2_PLACEMENT_3D('',#4789,#3767,#3768);
#2983=AXIS2_PLACEMENT_3D('',#4790,#3769,#3770);
#2984=AXIS2_PLACEMENT_3D('',#4800,#3775,#3776);
#2985=AXIS2_PLACEMENT_3D('',#4803,#3778,#3779);
#2986=AXIS2_PLACEMENT_3D('',#4807,#3781,#3782);
#2987=AXIS2_PLACEMENT_3D('',#4815,#3787,#3788);
#2988=AXIS2_PLACEMENT_3D('',#4821,#3792,#3793);
#2989=AXIS2_PLACEMENT_3D('',#4828,#3798,#3799);
#2990=AXIS2_PLACEMENT_3D('',#4832,#3801,#3802);
#2991=AXIS2_PLACEMENT_3D('',#4833,#3803,#3804);
#2992=AXIS2_PLACEMENT_3D('',#4836,#3807,#3808);
#2993=AXIS2_PLACEMENT_3D('',#4837,#3809,#3810);
#2994=AXIS2_PLACEMENT_3D('',#4839,#3811,#3812);
#2995=AXIS2_PLACEMENT_3D('',#4840,#3813,#3814);
#2996=AXIS2_PLACEMENT_3D('',#4841,#3815,#3816);
#2997=AXIS2_PLACEMENT_3D('',#4843,#3817,#3818);
#2998=AXIS2_PLACEMENT_3D('',#4844,#3819,#3820);
#2999=AXIS2_PLACEMENT_3D('',#4845,#3821,#3822);
#3000=AXIS2_PLACEMENT_3D('',#4848,#3825,#3826);
#3001=AXIS2_PLACEMENT_3D('',#4849,#3827,#3828);
#3002=AXIS2_PLACEMENT_3D('',#4850,#3829,#3830);
#3003=AXIS2_PLACEMENT_3D('',#4851,#3831,#3832);
#3004=AXIS2_PLACEMENT_3D('',#4852,#3833,#3834);
#3005=DIRECTION('',(0.,0.,1.));
#3006=DIRECTION('',(1.,0.,0.));
#3007=DIRECTION('',(0.,0.,-1.));
#3008=DIRECTION('',(-1.,0.,0.));
#3009=DIRECTION('',(0.,0.,1.));
#3010=DIRECTION('',(1.,0.,0.));
#3011=DIRECTION('',(0.,0.,1.));
#3012=DIRECTION('',(1.,0.,0.));
#3013=DIRECTION('',(0.,0.,1.));
#3014=DIRECTION('',(-1.,0.,0.));
#3015=DIRECTION('',(0.,0.,1.));
#3016=DIRECTION('',(1.,0.,0.));
#3017=DIRECTION('',(0.,0.,1.));
#3018=DIRECTION('',(-1.,0.,0.));
#3019=DIRECTION('',(0.,0.,1.));
#3020=DIRECTION('',(1.,0.,0.));
#3021=DIRECTION('',(0.,0.,1.));
#3022=DIRECTION('',(1.,0.,0.));
#3023=DIRECTION('',(0.,0.,1.));
#3024=DIRECTION('',(1.,0.,0.));
#3025=DIRECTION('',(0.,0.,1.));
#3026=DIRECTION('',(1.,0.,0.));
#3027=DIRECTION('',(0.,0.,-1.));
#3028=DIRECTION('',(-1.,0.,0.));
#3029=DIRECTION('',(0.,0.,1.));
#3030=DIRECTION('',(1.,0.,0.));
#3031=DIRECTION('',(0.,0.,1.));
#3032=DIRECTION('',(1.,0.,0.));
#3033=DIRECTION('',(0.,0.,1.));
#3034=DIRECTION('',(-1.,0.,0.));
#3035=DIRECTION('',(0.,0.,1.));
#3036=DIRECTION('',(1.,0.,0.));
#3037=DIRECTION('',(0.,0.,1.));
#3038=DIRECTION('',(-1.,0.,0.));
#3039=DIRECTION('',(0.,0.,1.));
#3040=DIRECTION('',(1.,0.,0.));
#3041=DIRECTION('',(0.,0.,1.));
#3042=DIRECTION('',(1.,0.,0.));
#3043=DIRECTION('',(0.,0.,1.));
#3044=DIRECTION('',(1.,0.,0.));
#3045=DIRECTION('',(0.,0.,1.));
#3046=DIRECTION('',(1.,0.,0.));
#3047=DIRECTION('',(1.,0.,0.));
#3048=DIRECTION('',(0.,0.,-1.));
#3049=DIRECTION('',(1.,0.,0.));
#3050=DIRECTION('',(0.,0.,-1.));
#3051=DIRECTION('',(0.,0.293496533496976,0.955960137675865));
#3052=DIRECTION('',(0.,-0.955960137675865,0.293496533496976));
#3053=DIRECTION('',(0.392772235532953,-0.650280697466274,0.650280697466274));
#3054=DIRECTION('',(0.,-0.707106781186548,-0.707106781186548));
#3055=DIRECTION('',(0.,0.955960137675865,0.293496533496976));
#3056=DIRECTION('',(0.,-0.293496533496976,0.955960137675865));
#3057=DIRECTION('',(0.,0.,1.));
#3058=DIRECTION('',(1.,0.,0.));
#3059=DIRECTION('',(0.,0.0522702427946787,0.998632976482444));
#3060=DIRECTION('',(0.,0.,-1.));
#3061=DIRECTION('',(1.,0.,0.));
#3062=DIRECTION('',(0.,0.,1.));
#3063=DIRECTION('',(1.,0.,0.));
#3064=DIRECTION('',(0.,0.,-1.));
#3065=DIRECTION('',(1.,0.,0.));
#3066=DIRECTION('',(0.,0.0522702427946787,-0.998632976482444));
#3067=DIRECTION('',(0.,0.0522702427946787,-0.998632976482444));
#3068=DIRECTION('',(0.,0.,-1.));
#3069=DIRECTION('',(1.,0.,0.));
#3070=DIRECTION('',(0.,0.,1.));
#3071=DIRECTION('',(1.,0.,0.));
#3072=DIRECTION('',(0.,0.,-1.));
#3073=DIRECTION('',(-1.,0.,0.));
#3074=DIRECTION('',(0.,0.,1.));
#3075=DIRECTION('',(-1.,0.,0.));
#3076=DIRECTION('',(0.,1.,0.));
#3077=DIRECTION('',(-1.,-1.85037170770859E-16,0.));
#3078=DIRECTION('',(6.93889390390723E-17,1.,0.));
#3079=DIRECTION('',(-1.,-1.85037170770859E-16,0.));
#3080=DIRECTION('',(0.,1.,0.));
#3081=DIRECTION('',(1.,0.,0.));
#3082=DIRECTION('',(0.,-1.,0.));
#3083=DIRECTION('',(1.,0.,0.));
#3084=DIRECTION('',(0.,1.,0.));
#3085=DIRECTION('',(-1.,0.,0.));
#3086=DIRECTION('',(0.,0.,1.));
#3087=DIRECTION('',(1.,0.,0.));
#3088=DIRECTION('',(0.,-1.,0.));
#3089=DIRECTION('',(0.,0.,1.));
#3090=DIRECTION('',(1.,0.,0.));
#3091=DIRECTION('',(0.,0.,1.));
#3092=DIRECTION('',(1.,0.,0.));
#3093=DIRECTION('',(0.,0.,1.));
#3094=DIRECTION('',(1.,0.,0.));
#3095=DIRECTION('',(0.,-1.,0.));
#3096=DIRECTION('',(0.,0.,1.));
#3097=DIRECTION('',(1.,0.,0.));
#3098=DIRECTION('',(1.,0.,0.));
#3099=DIRECTION('',(0.,-1.,0.));
#3100=DIRECTION('',(1.,0.,0.));
#3101=DIRECTION('',(0.,-1.,0.));
#3102=DIRECTION('',(1.,0.,0.));
#3103=DIRECTION('',(1.85037170770859E-16,-1.,0.));
#3104=DIRECTION('',(1.,1.85037170770859E-16,0.));
#3105=DIRECTION('',(0.,0.,1.));
#3106=DIRECTION('',(-1.,-1.85037170770859E-16,0.));
#3107=DIRECTION('',(0.,0.,-1.));
#3108=DIRECTION('',(1.85037170770859E-16,-1.,0.));
#3109=DIRECTION('',(1.,1.85037170770859E-16,0.));
#3110=DIRECTION('',(0.,0.,1.));
#3111=DIRECTION('',(0.,0.,-1.));
#3112=DIRECTION('',(-1.,-1.85037170770859E-16,0.));
#3113=DIRECTION('',(0.,0.,1.));
#3114=DIRECTION('',(1.,0.,0.));
#3115=DIRECTION('',(0.,1.,0.));
#3116=DIRECTION('',(0.,0.,1.));
#3117=DIRECTION('',(1.,0.,0.));
#3118=DIRECTION('',(0.,0.,1.));
#3119=DIRECTION('',(1.,0.,0.));
#3120=DIRECTION('',(0.,0.,1.));
#3121=DIRECTION('',(1.,0.,0.));
#3122=DIRECTION('',(0.,1.,0.));
#3123=DIRECTION('',(0.,0.,1.));
#3124=DIRECTION('',(1.,0.,0.));
#3125=DIRECTION('',(0.,1.,0.));
#3126=DIRECTION('',(0.,0.,1.));
#3127=DIRECTION('',(1.,0.,0.));
#3128=DIRECTION('',(0.,0.,1.));
#3129=DIRECTION('',(1.,0.,0.));
#3130=DIRECTION('',(0.,0.,1.));
#3131=DIRECTION('',(1.,0.,0.));
#3132=DIRECTION('',(0.,1.,0.));
#3133=DIRECTION('',(0.,0.,-1.));
#3134=DIRECTION('',(1.,0.,0.));
#3135=DIRECTION('',(0.,1.,0.));
#3136=DIRECTION('',(6.93889390390723E-17,1.,0.));
#3137=DIRECTION('',(0.,-1.,0.));
#3138=DIRECTION('',(1.,0.,0.));
#3139=DIRECTION('',(0.,0.,1.));
#3140=DIRECTION('',(0.,-1.,0.));
#3141=DIRECTION('',(0.,0.,-1.));
#3142=DIRECTION('',(0.,-1.,0.));
#3143=DIRECTION('',(0.,0.,-1.));
#3144=DIRECTION('',(0.,1.,0.));
#3145=DIRECTION('',(0.,0.,1.));
#3146=DIRECTION('',(0.,-1.,0.));
#3147=DIRECTION('',(1.,0.,0.));
#3148=DIRECTION('',(0.,-1.,0.));
#3149=DIRECTION('',(0.,0.,-1.));
#3150=DIRECTION('',(0.,0.,1.));
#3151=DIRECTION('',(0.,1.,0.));
#3152=DIRECTION('',(0.,0.,1.));
#3153=DIRECTION('',(0.,-1.,0.));
#3154=DIRECTION('',(0.,0.,-1.));
#3155=DIRECTION('',(0.,-1.,0.));
#3156=DIRECTION('',(1.,0.,0.));
#3157=DIRECTION('',(0.,0.,1.));
#3158=DIRECTION('',(0.,-1.,0.));
#3159=DIRECTION('',(0.,0.,-1.));
#3160=DIRECTION('',(0.,-1.,0.));
#3161=DIRECTION('',(0.,0.,-1.));
#3162=DIRECTION('',(0.,-1.,0.));
#3163=DIRECTION('',(0.,0.,-1.));
#3164=DIRECTION('',(0.,-1.,0.));
#3165=DIRECTION('',(0.,1.,0.));
#3166=DIRECTION('',(1.,0.,0.));
#3167=DIRECTION('',(0.,-1.,0.));
#3168=DIRECTION('',(0.,0.,-1.));
#3169=DIRECTION('',(0.,0.,-1.));
#3170=DIRECTION('',(0.,1.,0.));
#3171=DIRECTION('',(0.,0.,1.));
#3172=DIRECTION('',(0.,1.,0.));
#3173=DIRECTION('',(0.,0.,1.));
#3174=DIRECTION('',(0.,1.,0.));
#3175=DIRECTION('',(0.,-1.,0.));
#3176=DIRECTION('',(0.,0.,-1.));
#3177=DIRECTION('',(0.,0.,1.));
#3178=DIRECTION('',(0.,-1.,0.));
#3179=DIRECTION('',(0.,0.,-1.));
#3180=DIRECTION('',(0.,-1.,0.));
#3181=DIRECTION('',(0.,0.,-1.));
#3182=DIRECTION('',(0.,-1.,0.));
#3183=DIRECTION('',(0.,-1.,0.));
#3184=DIRECTION('',(0.,0.,-1.));
#3185=DIRECTION('',(0.,-1.,0.));
#3186=DIRECTION('',(0.,-1.,0.));
#3187=DIRECTION('',(0.,0.,-1.));
#3188=DIRECTION('',(0.,-1.,0.));
#3189=DIRECTION('',(0.,0.,-1.));
#3190=DIRECTION('',(0.,0.,1.));
#3191=DIRECTION('',(1.,0.,0.));
#3192=DIRECTION('',(0.,0.,-1.));
#3193=DIRECTION('',(0.,0.955960137675865,-0.293496533496976));
#3194=DIRECTION('',(0.,-0.293496533496976,-0.955960137675865));
#3195=DIRECTION('',(0.392772235532953,0.650280697466274,0.650280697466274));
#3196=DIRECTION('',(0.,-0.707106781186547,0.707106781186548));
#3197=DIRECTION('',(0.,0.293496533496976,-0.955960137675865));
#3198=DIRECTION('',(0.,-0.955960137675865,-0.293496533496976));
#3199=DIRECTION('',(0.,0.,1.));
#3200=DIRECTION('',(1.,0.,0.));
#3201=DIRECTION('',(0.,1.,0.));
#3202=DIRECTION('',(0.,0.,1.));
#3203=DIRECTION('',(1.,0.,0.));
#3204=DIRECTION('',(0.,1.,0.));
#3205=DIRECTION('',(0.,0.,1.));
#3206=DIRECTION('',(1.,0.,0.));
#3207=DIRECTION('',(0.,0.,1.));
#3208=DIRECTION('',(1.,0.,0.));
#3209=DIRECTION('',(0.,0.,1.));
#3210=DIRECTION('',(0.,0.,1.));
#3211=DIRECTION('',(1.,0.,0.));
#3212=DIRECTION('',(0.,0.,1.));
#3213=DIRECTION('',(1.,0.,0.));
#3214=DIRECTION('',(0.,1.,0.));
#3215=DIRECTION('',(0.,0.,1.));
#3216=DIRECTION('',(1.,0.,0.));
#3217=DIRECTION('',(0.,1.,0.));
#3218=DIRECTION('',(1.,0.,0.));
#3219=DIRECTION('',(0.,0.,-1.));
#3220=DIRECTION('',(-0.897807017543859,7.88580714040534E-16,-0.440389099829913));
#3221=DIRECTION('',(-0.440389099829913,0.,0.897807017543859));
#3222=DIRECTION('',(1.,0.,0.));
#3223=DIRECTION('',(0.,0.,-1.));
#3224=DIRECTION('',(0.89780701754386,-0.44038909982991,0.));
#3225=DIRECTION('',(0.44038909982991,0.89780701754386,0.));
#3226=DIRECTION('',(1.,0.,0.));
#3227=DIRECTION('',(0.,0.,-1.));
#3228=DIRECTION('',(-0.897807017543859,-0.440389099829912,7.73623605103031E-16));
#3229=DIRECTION('',(0.440389099829912,-0.897807017543859,0.));
#3230=DIRECTION('',(1.,0.,0.));
#3231=DIRECTION('',(0.,0.,-1.));
#3232=DIRECTION('',(-0.89780701754386,0.,-0.44038909982991));
#3233=DIRECTION('',(-0.44038909982991,0.,0.89780701754386));
#3234=DIRECTION('',(0.,0.,1.));
#3235=DIRECTION('',(1.,0.,0.));
#3236=DIRECTION('',(0.,1.,0.));
#3237=DIRECTION('',(0.,0.,1.));
#3238=DIRECTION('',(1.,0.,0.));
#3239=DIRECTION('',(0.,0.,-1.));
#3240=DIRECTION('',(-1.,0.,0.));
#3241=DIRECTION('',(0.,0.,-1.));
#3242=DIRECTION('',(0.,0.,-1.));
#3243=DIRECTION('',(0.,1.,0.));
#3244=DIRECTION('',(0.,0.,1.));
#3245=DIRECTION('',(0.,1.,0.));
#3246=DIRECTION('',(0.,1.,0.));
#3247=DIRECTION('',(0.,1.,0.));
#3248=DIRECTION('',(0.,1.,0.));
#3249=DIRECTION('',(0.,0.,1.));
#3250=DIRECTION('',(1.,0.,0.));
#3251=DIRECTION('',(0.,0.0522702427946787,0.998632976482444));
#3252=DIRECTION('',(0.,0.,1.));
#3253=DIRECTION('',(1.,0.,0.));
#3254=DIRECTION('',(0.,0.0522702427946787,-0.998632976482444));
#3255=DIRECTION('',(0.,0.,1.));
#3256=DIRECTION('',(1.,0.,0.));
#3257=DIRECTION('',(0.,0.0522702427946787,0.998632976482444));
#3258=DIRECTION('',(0.,0.,1.));
#3259=DIRECTION('',(1.,0.,0.));
#3260=DIRECTION('',(0.,1.,0.));
#3261=DIRECTION('',(0.,-1.,0.));
#3262=DIRECTION('',(0.,0.,1.));
#3263=DIRECTION('',(0.,-1.,0.));
#3264=DIRECTION('',(0.,-1.,0.));
#3265=DIRECTION('',(0.,0.,1.));
#3266=DIRECTION('',(1.,0.,0.));
#3267=DIRECTION('',(0.,1.,0.));
#3268=DIRECTION('',(0.,-1.,0.));
#3269=DIRECTION('',(0.,0.,-1.));
#3270=DIRECTION('',(0.,-1.,0.));
#3271=DIRECTION('',(0.,-1.,0.));
#3272=DIRECTION('',(0.,0.,1.));
#3273=DIRECTION('',(1.,0.,0.));
#3274=DIRECTION('',(0.,0.107785619406537,0.994174159918246));
#3275=DIRECTION('',(0.,0.,1.));
#3276=DIRECTION('',(1.,0.,0.));
#3277=DIRECTION('',(0.,0.107785619406537,-0.994174159918246));
#3278=DIRECTION('',(0.,0.107785619406537,-0.994174159918246));
#3279=DIRECTION('',(0.,0.,-1.));
#3280=DIRECTION('',(-1.,0.,0.));
#3281=DIRECTION('',(0.,0.,-1.));
#3282=DIRECTION('',(1.,0.,0.));
#3283=DIRECTION('',(0.,-1.,0.));
#3284=DIRECTION('',(0.,0.,1.));
#3285=DIRECTION('',(1.,0.,0.));
#3286=DIRECTION('',(0.,0.,1.));
#3287=DIRECTION('',(0.,0.,1.));
#3288=DIRECTION('',(0.,0.,-1.));
#3289=DIRECTION('',(-1.,0.,0.));
#3290=DIRECTION('',(0.,0.,-1.));
#3291=DIRECTION('',(0.,0.,-1.));
#3292=DIRECTION('',(-1.,0.,0.));
#3293=DIRECTION('',(0.,0.,-1.));
#3294=DIRECTION('',(0.,0.,-1.));
#3295=DIRECTION('',(-1.,0.,0.));
#3296=DIRECTION('',(0.,0.,-1.));
#3297=DIRECTION('',(1.,0.,0.));
#3298=DIRECTION('',(0.,-1.,0.));
#3299=DIRECTION('',(-1.,6.93889390390723E-17,0.));
#3300=DIRECTION('',(-6.93889390390723E-17,-1.,0.));
#3301=DIRECTION('',(0.,-1.,0.));
#3302=DIRECTION('',(0.,0.,-1.));
#3303=DIRECTION('',(0.,1.,0.));
#3304=DIRECTION('',(0.,0.,1.));
#3305=DIRECTION('',(0.,-1.,0.));
#3306=DIRECTION('',(0.,0.,-1.));
#3307=DIRECTION('',(0.,-1.,0.));
#3308=DIRECTION('',(0.,0.,-1.));
#3309=DIRECTION('',(0.,1.,0.));
#3310=DIRECTION('',(0.,0.,1.));
#3311=DIRECTION('',(0.,-1.,0.));
#3312=DIRECTION('',(0.,0.,-1.));
#3313=DIRECTION('',(0.,1.,0.));
#3314=DIRECTION('',(-1.,0.,0.));
#3315=DIRECTION('',(0.,-1.,0.));
#3316=DIRECTION('',(0.,0.,-1.));
#3317=DIRECTION('',(0.,0.,-1.));
#3318=DIRECTION('',(-1.,0.,0.));
#3319=DIRECTION('',(0.,1.,0.));
#3320=DIRECTION('',(0.,0.,1.));
#3321=DIRECTION('',(0.,1.,0.));
#3322=DIRECTION('',(0.,0.,1.));
#3323=DIRECTION('',(-0.517013720822994,-3.02610694569946E-16,-0.855977109787852));
#3324=DIRECTION('',(-0.855977109787852,0.,0.517013720822994));
#3325=DIRECTION('',(0.,-1.,0.));
#3326=DIRECTION('',(0.,0.,-1.));
#3327=DIRECTION('',(-0.517013720822995,-3.28332603608391E-14,-0.855977109787851));
#3328=DIRECTION('',(-0.855977109787851,0.,0.517013720822995));
#3329=DIRECTION('',(0.,-1.,0.));
#3330=DIRECTION('',(0.,0.,-1.));
#3331=DIRECTION('',(0.,1.,0.));
#3332=DIRECTION('',(0.,0.,1.));
#3333=DIRECTION('',(0.,0.,-1.));
#3334=DIRECTION('',(-1.,0.,0.));
#3335=DIRECTION('',(0.,0.,-1.));
#3336=DIRECTION('',(-1.,0.,0.));
#3337=DIRECTION('',(0.,0.,1.));
#3338=DIRECTION('',(1.,0.,0.));
#3339=DIRECTION('',(0.760364596686913,0.459263366765273,-0.459263366765273));
#3340=DIRECTION('',(-0.517013720822994,0.,-0.855977109787851));
#3341=DIRECTION('',(-0.517013720822994,0.855977109787851,1.51305347284973E-16));
#3342=DIRECTION('',(-0.855977109787851,-0.517013720822994,0.));
#3343=DIRECTION('',(0.,0.,-1.));
#3344=DIRECTION('',(-1.,0.,0.));
#3345=DIRECTION('',(-0.517013720823123,-0.855977109787774,-8.88162388562791E-14));
#3346=DIRECTION('',(0.855977109787774,-0.517013720823123,0.));
#3347=DIRECTION('',(0.760364596686932,-0.459263366765249,-0.459263366765267));
#3348=DIRECTION('',(-0.51701372082298,0.,-0.85597710978786));
#3349=DIRECTION('',(0.,0.,1.));
#3350=DIRECTION('',(1.,0.,0.));
#3351=DIRECTION('',(0.,0.,1.));
#3352=DIRECTION('',(1.,0.,0.));
#3353=DIRECTION('',(0.,0.,1.));
#3354=DIRECTION('',(1.,0.,0.));
#3355=DIRECTION('',(0.,0.,1.));
#3356=DIRECTION('',(1.,0.,0.));
#3357=DIRECTION('',(0.,0.,1.));
#3358=DIRECTION('',(1.,0.,0.));
#3359=DIRECTION('',(0.,0.,1.));
#3360=DIRECTION('',(1.,0.,0.));
#3361=DIRECTION('',(0.,0.,1.));
#3362=DIRECTION('',(1.,0.,0.));
#3363=DIRECTION('',(0.,0.,1.));
#3364=DIRECTION('',(1.,0.,0.));
#3365=DIRECTION('',(0.,0.,1.));
#3366=DIRECTION('',(1.,0.,0.));
#3367=DIRECTION('',(0.,0.,1.));
#3368=DIRECTION('',(1.,0.,0.));
#3369=DIRECTION('',(0.,0.,-1.));
#3370=DIRECTION('',(-1.,0.,0.));
#3371=DIRECTION('',(0.,0.,-1.));
#3372=DIRECTION('',(-1.,0.,0.));
#3373=DIRECTION('',(0.,0.,1.));
#3374=DIRECTION('',(-1.,0.,0.));
#3375=DIRECTION('',(0.,0.,-1.));
#3376=DIRECTION('',(-1.,0.,0.));
#3377=DIRECTION('',(0.,0.,1.));
#3378=DIRECTION('',(-1.,0.,0.));
#3379=DIRECTION('',(0.,0.,1.));
#3380=DIRECTION('',(-1.,0.,0.));
#3381=DIRECTION('',(0.,0.,-1.));
#3382=DIRECTION('',(1.,0.,0.));
#3383=DIRECTION('',(1.,0.,0.));
#3384=DIRECTION('',(0.,1.,0.));
#3385=DIRECTION('',(1.,0.,0.));
#3386=DIRECTION('',(0.,1.,0.));
#3387=DIRECTION('',(1.,0.,0.));
#3388=DIRECTION('',(0.,1.,0.));
#3389=DIRECTION('',(1.,0.,0.));
#3390=DIRECTION('',(0.,1.,0.));
#3391=DIRECTION('',(1.,0.,0.));
#3392=DIRECTION('',(0.,1.,0.));
#3393=DIRECTION('',(0.,0.,1.));
#3394=DIRECTION('',(1.,0.,0.));
#3395=DIRECTION('',(1.,0.,0.));
#3396=DIRECTION('',(0.,1.,0.));
#3397=DIRECTION('',(0.,0.745151096899822,0.666895676091091));
#3398=DIRECTION('',(0.,0.666895676091091,-0.745151096899822));
#3399=DIRECTION('',(-1.,0.,0.));
#3400=DIRECTION('',(0.,0.,1.));
#3401=DIRECTION('',(0.,1.,0.));
#3402=DIRECTION('',(0.,0.,1.));
#3403=DIRECTION('',(0.,-1.,0.));
#3404=DIRECTION('',(0.,0.,1.));
#3405=DIRECTION('',(0.,1.,0.));
#3406=DIRECTION('',(0.,0.,-1.));
#3407=DIRECTION('',(0.,1.,0.));
#3408=DIRECTION('',(0.,0.,-1.));
#3409=DIRECTION('',(0.,1.,0.));
#3410=DIRECTION('',(0.,0.,1.));
#3411=DIRECTION('',(0.,-1.,0.));
#3412=DIRECTION('',(0.,0.,1.));
#3413=DIRECTION('',(0.,-1.,0.));
#3414=DIRECTION('',(-1.,0.,0.));
#3415=DIRECTION('',(0.,0.,1.));
#3416=DIRECTION('',(0.,-0.666895676091091,-0.745151096899822));
#3417=DIRECTION('',(0.,0.745151096899822,-0.666895676091091));
#3418=DIRECTION('',(0.,-0.666895676091091,-0.745151096899822));
#3419=DIRECTION('',(1.,0.,0.));
#3420=DIRECTION('',(0.,0.,-1.));
#3421=DIRECTION('',(0.,-1.,0.));
#3422=DIRECTION('',(0.,-1.11022302462516E-16,-1.));
#3423=DIRECTION('',(0.,1.,0.));
#3424=DIRECTION('',(0.,0.,-1.));
#3425=DIRECTION('',(1.,0.,0.));
#3426=DIRECTION('',(0.,0.,-1.));
#3427=DIRECTION('',(0.,-1.,0.));
#3428=DIRECTION('',(1.,0.,0.));
#3429=DIRECTION('',(0.,0.,-1.));
#3430=DIRECTION('',(1.,0.,0.));
#3431=DIRECTION('',(0.,0.,-1.));
#3432=DIRECTION('',(1.,0.,0.));
#3433=DIRECTION('',(0.,0.,-1.));
#3434=DIRECTION('',(0.,-1.,0.));
#3435=DIRECTION('',(1.,0.,0.));
#3436=DIRECTION('',(0.,0.,-1.));
#3437=DIRECTION('',(0.,0.,1.));
#3438=DIRECTION('',(0.,-1.,0.));
#3439=DIRECTION('',(0.,-1.11022302462516E-16,1.));
#3440=DIRECTION('',(0.,1.,0.));
#3441=DIRECTION('',(1.,0.,0.));
#3442=DIRECTION('',(0.,0.,-1.));
#3443=DIRECTION('',(0.,0.666895676091091,-0.745151096899822));
#3444=DIRECTION('',(0.,-1.,0.));
#3445=DIRECTION('',(1.,0.,0.));
#3446=DIRECTION('',(0.,-1.,1.11022302462516E-16));
#3447=DIRECTION('',(0.,-1.11022302462516E-16,-1.));
#3448=DIRECTION('',(0.,-1.,0.));
#3449=DIRECTION('',(0.,0.,-1.));
#3450=DIRECTION('',(1.,0.,0.));
#3451=DIRECTION('',(0.,-1.,0.));
#3452=DIRECTION('',(0.,0.,-1.));
#3453=DIRECTION('',(0.,-1.,0.));
#3454=DIRECTION('',(1.,0.,0.));
#3455=DIRECTION('',(0.,-1.,-1.11022302462516E-16));
#3456=DIRECTION('',(0.,1.11022302462516E-16,-1.));
#3457=DIRECTION('',(0.,-1.,0.));
#3458=DIRECTION('',(0.,0.,-1.));
#3459=DIRECTION('',(1.,0.,0.));
#3460=DIRECTION('',(0.,-1.,0.));
#3461=DIRECTION('',(0.,0.,-1.));
#3462=DIRECTION('',(0.,0.,1.));
#3463=DIRECTION('',(1.,0.,0.));
#3464=DIRECTION('',(0.,0.,-1.));
#3465=DIRECTION('',(-1.,0.,0.));
#3466=DIRECTION('',(0.,0.,1.));
#3467=DIRECTION('',(-1.,0.,0.));
#3468=DIRECTION('',(-1.,-1.85037170770859E-16,0.));
#3469=DIRECTION('',(1.,0.,0.));
#3470=DIRECTION('',(0.,-1.,0.));
#3471=DIRECTION('',(0.,-1.,0.));
#3472=DIRECTION('',(1.,0.,0.));
#3473=DIRECTION('',(0.,0.,1.));
#3474=DIRECTION('',(1.,0.,0.));
#3475=DIRECTION('',(0.,-1.,0.));
#3476=DIRECTION('',(0.,0.,1.));
#3477=DIRECTION('',(1.,0.,0.));
#3478=DIRECTION('',(0.,0.,1.));
#3479=DIRECTION('',(1.,0.,0.));
#3480=DIRECTION('',(0.,0.,1.));
#3481=DIRECTION('',(1.,0.,0.));
#3482=DIRECTION('',(0.,-1.,0.));
#3483=DIRECTION('',(0.,0.,1.));
#3484=DIRECTION('',(1.,0.,0.));
#3485=DIRECTION('',(-1.,0.,0.));
#3486=DIRECTION('',(0.,1.,0.));
#3487=DIRECTION('',(0.,-1.,0.));
#3488=DIRECTION('',(1.,0.,0.));
#3489=DIRECTION('',(-1.,-1.85037170770859E-16,0.));
#3490=DIRECTION('',(6.93889390390723E-17,1.,0.));
#3491=DIRECTION('',(-1.85037170770859E-16,1.,0.));
#3492=DIRECTION('',(-1.,-1.85037170770859E-16,0.));
#3493=DIRECTION('',(0.,0.,1.));
#3494=DIRECTION('',(-1.,-1.85037170770859E-16,0.));
#3495=DIRECTION('',(-1.85037170770859E-16,1.,0.));
#3496=DIRECTION('',(-1.,-1.85037170770859E-16,0.));
#3497=DIRECTION('',(-1.,-1.85037170770859E-16,0.));
#3498=DIRECTION('',(0.,0.,1.));
#3499=DIRECTION('',(0.,0.,1.));
#3500=DIRECTION('',(1.,0.,0.));
#3501=DIRECTION('',(6.93889390390723E-17,1.,0.));
#3502=DIRECTION('',(0.,-1.,0.));
#3503=DIRECTION('',(0.,0.,-1.));
#3504=DIRECTION('',(0.,1.,0.));
#3505=DIRECTION('',(0.,0.,1.));
#3506=DIRECTION('',(0.,-1.,0.));
#3507=DIRECTION('',(0.,0.,-1.));
#3508=DIRECTION('',(0.,-1.,0.));
#3509=DIRECTION('',(0.,0.,-1.));
#3510=DIRECTION('',(0.,1.,0.));
#3511=DIRECTION('',(0.,0.,1.));
#3512=DIRECTION('',(0.,-1.,0.));
#3513=DIRECTION('',(0.,0.,-1.));
#3514=DIRECTION('',(0.,1.,0.));
#3515=DIRECTION('',(-1.,0.,0.));
#3516=DIRECTION('',(0.,1.,0.));
#3517=DIRECTION('',(0.,0.,1.));
#3518=DIRECTION('',(0.,-1.,0.));
#3519=DIRECTION('',(0.,0.,-1.));
#3520=DIRECTION('',(0.,1.,0.));
#3521=DIRECTION('',(0.,0.,1.));
#3522=DIRECTION('',(0.,-1.,0.));
#3523=DIRECTION('',(0.,0.,-1.));
#3524=DIRECTION('',(0.,-1.,0.));
#3525=DIRECTION('',(1.,0.,0.));
#3526=DIRECTION('',(0.,-1.,0.));
#3527=DIRECTION('',(0.,0.,-1.));
#3528=DIRECTION('',(0.,-1.,0.));
#3529=DIRECTION('',(0.,0.,-1.));
#3530=DIRECTION('',(0.,-1.,0.));
#3531=DIRECTION('',(0.,0.,-1.));
#3532=DIRECTION('',(0.,-1.,0.));
#3533=DIRECTION('',(0.,0.,-1.));
#3534=DIRECTION('',(0.,1.,0.));
#3535=DIRECTION('',(1.,0.,0.));
#3536=DIRECTION('',(0.,1.,0.));
#3537=DIRECTION('',(0.,0.,1.));
#3538=DIRECTION('',(0.,-1.,0.));
#3539=DIRECTION('',(0.,0.,-1.));
#3540=DIRECTION('',(0.,1.,0.));
#3541=DIRECTION('',(0.,0.,1.));
#3542=DIRECTION('',(0.,-1.,0.));
#3543=DIRECTION('',(0.,0.,-1.));
#3544=DIRECTION('',(0.,-1.,0.));
#3545=DIRECTION('',(0.,0.,-1.));
#3546=DIRECTION('',(0.,1.,0.));
#3547=DIRECTION('',(0.,0.,1.));
#3548=DIRECTION('',(0.,-1.,0.));
#3549=DIRECTION('',(0.,0.,-1.));
#3550=DIRECTION('',(0.,-1.,0.));
#3551=DIRECTION('',(0.,0.,-1.));
#3552=DIRECTION('',(0.,-1.,0.));
#3553=DIRECTION('',(0.,0.,-1.));
#3554=DIRECTION('',(0.,-1.,0.));
#3555=DIRECTION('',(0.,0.,-1.));
#3556=DIRECTION('',(0.,-1.,0.));
#3557=DIRECTION('',(0.,0.,-1.));
#3558=DIRECTION('',(0.,-1.,0.));
#3559=DIRECTION('',(0.,0.,-1.));
#3560=DIRECTION('',(0.,-0.666895676091091,0.745151096899822));
#3561=DIRECTION('',(1.,0.,0.));
#3562=DIRECTION('',(0.,-0.666895676091091,0.745151096899822));
#3563=DIRECTION('',(0.,-0.745151096899822,-0.666895676091091));
#3564=DIRECTION('',(0.,-1.,-1.11022302462516E-16));
#3565=DIRECTION('',(1.,0.,0.));
#3566=DIRECTION('',(0.,-1.,-1.11022302462516E-16));
#3567=DIRECTION('',(0.,1.11022302462516E-16,-1.));
#3568=DIRECTION('',(0.,0.666895676091091,-0.745151096899822));
#3569=DIRECTION('',(0.,0.745151096899822,0.666895676091091));
#3570=DIRECTION('',(0.,-0.666895676091091,0.745151096899822));
#3571=DIRECTION('',(0.,-0.745151096899822,-0.666895676091091));
#3572=DIRECTION('',(1.,0.,0.));
#3573=DIRECTION('',(0.,0.,-1.));
#3574=DIRECTION('',(0.,-1.,1.66533453693774E-15));
#3575=DIRECTION('',(0.,-1.66533453693774E-15,-1.));
#3576=DIRECTION('',(0.,1.,0.));
#3577=DIRECTION('',(0.,0.,1.));
#3578=DIRECTION('',(0.,1.,-1.11022302462516E-16));
#3579=DIRECTION('',(1.,0.,0.));
#3580=DIRECTION('',(0.,-1.,1.11022302462516E-16));
#3581=DIRECTION('',(0.,-1.11022302462516E-16,-1.));
#3582=DIRECTION('',(0.,0.666895676091091,0.745151096899822));
#3583=DIRECTION('',(1.,0.,0.));
#3584=DIRECTION('',(0.,-0.666895676091091,-0.745151096899822));
#3585=DIRECTION('',(0.,0.745151096899822,-0.666895676091091));
#3586=DIRECTION('',(0.,-0.666895676091091,-0.745151096899822));
#3587=DIRECTION('',(0.,-0.745151096899822,0.666895676091091));
#3588=DIRECTION('',(0.,-0.666895676091091,-0.745151096899822));
#3589=DIRECTION('',(0.,0.745151096899822,-0.666895676091091));
#3590=DIRECTION('',(1.,0.,0.));
#3591=DIRECTION('',(0.,0.,-1.));
#3592=DIRECTION('',(0.,-1.,-1.66533453693774E-15));
#3593=DIRECTION('',(0.,1.66533453693774E-15,-1.));
#3594=DIRECTION('',(0.,-1.,0.));
#3595=DIRECTION('',(0.,0.,1.));
#3596=DIRECTION('',(1.,-6.93889390390723E-17,0.));
#3597=DIRECTION('',(6.93889390390723E-17,1.,0.));
#3598=DIRECTION('',(0.,0.,1.));
#3599=DIRECTION('',(1.,0.,0.));
#3600=DIRECTION('',(0.,0.,-1.));
#3601=DIRECTION('',(-1.,0.,0.));
#3602=DIRECTION('',(0.,0.,-1.));
#3603=DIRECTION('',(-1.,0.,0.));
#3604=DIRECTION('',(0.,0.,1.));
#3605=DIRECTION('',(1.,0.,0.));
#3606=DIRECTION('',(0.,0.,-1.));
#3607=DIRECTION('',(-1.,0.,0.));
#3608=DIRECTION('',(0.,0.,1.));
#3609=DIRECTION('',(-1.,0.,0.));
#3610=DIRECTION('',(0.,0.,1.));
#3611=DIRECTION('',(1.,0.,0.));
#3612=DIRECTION('',(0.,0.,1.));
#3613=DIRECTION('',(1.,0.,0.));
#3614=DIRECTION('',(0.,0.,1.));
#3615=DIRECTION('',(-1.,0.,0.));
#3616=DIRECTION('',(0.,0.,1.));
#3617=DIRECTION('',(-1.,0.,0.));
#3618=DIRECTION('',(0.,0.,1.));
#3619=DIRECTION('',(1.,0.,0.));
#3620=DIRECTION('',(0.,0.,1.));
#3621=DIRECTION('',(-1.,0.,0.));
#3622=DIRECTION('',(0.,0.,1.));
#3623=DIRECTION('',(-1.,0.,0.));
#3624=DIRECTION('',(0.,0.,1.));
#3625=DIRECTION('',(1.,0.,0.));
#3626=DIRECTION('',(0.,0.,1.));
#3627=DIRECTION('',(1.,0.,0.));
#3628=DIRECTION('',(1.,0.,0.));
#3629=DIRECTION('',(0.,1.,0.));
#3630=DIRECTION('',(1.,0.,0.));
#3631=DIRECTION('',(0.,0.,-1.));
#3632=DIRECTION('',(1.,-3.06161699786839E-16,0.));
#3633=DIRECTION('',(-3.06161699786839E-16,-1.,0.));
#3634=DIRECTION('',(-1.,1.71165242278142E-16,0.));
#3635=DIRECTION('',(-1.71165242278142E-16,-1.,0.));
#3636=DIRECTION('',(-1.75779452917219E-16,-1.,0.));
#3637=DIRECTION('',(1.,-1.75779452917219E-16,0.));
#3638=DIRECTION('',(-1.75779452917219E-16,-1.,0.));
#3639=DIRECTION('',(1.,-1.75779452917219E-16,0.));
#3640=DIRECTION('',(-1.,1.75779452917219E-16,0.));
#3641=DIRECTION('',(0.,0.,1.));
#3642=DIRECTION('',(-1.,1.75779452917219E-16,0.));
#3643=DIRECTION('',(0.,0.,-1.));
#3644=DIRECTION('',(0.,0.,1.));
#3645=DIRECTION('',(1.,0.,0.));
#3646=DIRECTION('',(0.,1.,0.));
#3647=DIRECTION('',(-1.,-1.85037170770859E-16,0.));
#3648=DIRECTION('',(6.93889390390723E-17,1.,0.));
#3649=DIRECTION('',(-1.,-1.85037170770859E-16,0.));
#3650=DIRECTION('',(0.,1.,0.));
#3651=DIRECTION('',(-1.,-1.75779452917219E-16,0.));
#3652=DIRECTION('',(0.,0.,1.));
#3653=DIRECTION('',(1.,0.,0.));
#3654=DIRECTION('',(0.,-1.,0.));
#3655=DIRECTION('',(0.,0.,1.));
#3656=DIRECTION('',(1.,0.,0.));
#3657=DIRECTION('',(1.85037170770859E-16,-1.,0.));
#3658=DIRECTION('',(1.,1.85037170770859E-16,0.));
#3659=DIRECTION('',(0.,0.,1.));
#3660=DIRECTION('',(-1.,-1.85037170770859E-16,0.));
#3661=DIRECTION('',(0.,0.,-1.));
#3662=DIRECTION('',(1.85037170770859E-16,-1.,0.));
#3663=DIRECTION('',(1.,1.85037170770859E-16,0.));
#3664=DIRECTION('',(-1.,-1.85037170770859E-16,0.));
#3665=DIRECTION('',(0.,0.,1.));
#3666=DIRECTION('',(0.,0.,-1.));
#3667=DIRECTION('',(1.75779452917219E-16,-1.,0.));
#3668=DIRECTION('',(1.,1.75779452917219E-16,0.));
#3669=DIRECTION('',(1.75779452917219E-16,-1.,0.));
#3670=DIRECTION('',(1.,1.75779452917219E-16,0.));
#3671=DIRECTION('',(0.,0.,1.));
#3672=DIRECTION('',(-1.,-1.75779452917219E-16,0.));
#3673=DIRECTION('',(0.,0.,-1.));
#3674=DIRECTION('',(0.,0.,-1.));
#3675=DIRECTION('',(1.,0.,0.));
#3676=DIRECTION('',(-1.,-1.75779452917219E-16,0.));
#3677=DIRECTION('',(0.,-1.,0.));
#3678=DIRECTION('',(-1.,1.75779452917219E-16,0.));
#3679=DIRECTION('',(0.,-1.,0.));
#3680=DIRECTION('',(0.,0.,-1.));
#3681=DIRECTION('',(1.,0.,0.));
#3682=DIRECTION('',(0.,-1.,0.));
#3683=DIRECTION('',(6.93889390390723E-17,1.,0.));
#3684=DIRECTION('',(1.,3.06161699786839E-16,0.));
#3685=DIRECTION('',(-3.06161699786839E-16,1.,0.));
#3686=DIRECTION('',(1.,1.71165242278142E-16,0.));
#3687=DIRECTION('',(-1.71165242278142E-16,1.,0.));
#3688=DIRECTION('',(1.,0.,0.));
#3689=DIRECTION('',(0.,0.,-1.));
#3690=DIRECTION('',(-1.,1.75779452917219E-16,0.));
#3691=DIRECTION('',(-1.75779452917219E-16,-1.,0.));
#3692=DIRECTION('',(1.,0.,0.));
#3693=DIRECTION('',(0.,0.,-1.));
#3694=DIRECTION('',(-1.,0.,0.));
#3695=DIRECTION('',(0.,0.,1.));
#3696=DIRECTION('',(1.,1.75779452917219E-16,0.));
#3697=DIRECTION('',(-1.75779452917219E-16,1.,0.));
#3698=DIRECTION('',(1.,0.,0.));
#3699=DIRECTION('',(0.,0.,-1.));
#3700=DIRECTION('',(-1.,0.,0.));
#3701=DIRECTION('',(0.,0.,1.));
#3702=DIRECTION('',(0.,0.,1.));
#3703=DIRECTION('',(1.,0.,0.));
#3704=DIRECTION('',(1.75779452917219E-16,-1.,0.));
#3705=DIRECTION('',(1.,1.75779452917219E-16,0.));
#3706=DIRECTION('',(0.,1.,0.));
#3707=DIRECTION('',(0.,0.,-1.));
#3708=DIRECTION('',(1.,0.,0.));
#3709=DIRECTION('',(0.,0.,-1.));
#3710=DIRECTION('',(0.,-1.,0.));
#3711=DIRECTION('',(0.,0.,-1.));
#3712=DIRECTION('',(0.,0.,-1.));
#3713=DIRECTION('',(-1.,6.93889390390723E-17,0.));
#3714=DIRECTION('',(-6.93889390390723E-17,-1.,0.));
#3715=DIRECTION('',(0.,0.,1.));
#3716=DIRECTION('',(1.,0.,0.));
#3717=DIRECTION('',(-1.75779452917219E-16,-1.,0.));
#3718=DIRECTION('',(1.,-1.75779452917219E-16,0.));
#3719=DIRECTION('',(0.,-1.,0.));
#3720=DIRECTION('',(0.,0.,-1.));
#3721=DIRECTION('',(0.,0.,1.));
#3722=DIRECTION('',(1.,0.,0.));
#3723=DIRECTION('',(0.,0.,-1.));
#3724=DIRECTION('',(-1.,0.,0.));
#3725=DIRECTION('',(0.,-1.,0.));
#3726=DIRECTION('',(0.,0.,-1.));
#3727=DIRECTION('',(0.,-1.,0.));
#3728=DIRECTION('',(0.,0.,-1.));
#3729=DIRECTION('',(0.,0.,-1.));
#3730=DIRECTION('',(-1.,0.,0.));
#3731=DIRECTION('',(0.,0.,-1.));
#3732=DIRECTION('',(-1.,0.,0.));
#3733=DIRECTION('',(0.,1.,0.));
#3734=DIRECTION('',(0.,0.,1.));
#3735=DIRECTION('',(0.,1.,0.));
#3736=DIRECTION('',(0.,0.,1.));
#3737=DIRECTION('',(-1.,0.,0.));
#3738=DIRECTION('',(0.,0.,1.));
#3739=DIRECTION('',(1.,0.,0.));
#3740=DIRECTION('',(0.,1.,0.));
#3741=DIRECTION('',(1.,0.,0.));
#3742=DIRECTION('',(0.,1.,0.));
#3743=DIRECTION('',(0.,0.,1.));
#3744=DIRECTION('',(1.,0.,0.));
#3745=DIRECTION('',(1.,0.,0.));
#3746=DIRECTION('',(0.,1.,0.));
#3747=DIRECTION('',(1.,0.,0.));
#3748=DIRECTION('',(0.,0.,-1.));
#3749=DIRECTION('',(1.,-3.06161699786839E-16,0.));
#3750=DIRECTION('',(-3.06161699786839E-16,-1.,0.));
#3751=DIRECTION('',(1.,-1.71165242278142E-16,0.));
#3752=DIRECTION('',(-1.71165242278142E-16,-1.,0.));
#3753=DIRECTION('',(-1.75779452917219E-16,1.,0.));
#3754=DIRECTION('',(-1.,-1.75779452917219E-16,0.));
#3755=DIRECTION('',(-1.75779452917219E-16,1.,0.));
#3756=DIRECTION('',(1.,1.75779452917219E-16,0.));
#3757=DIRECTION('',(-1.,-1.75779452917219E-16,0.));
#3758=DIRECTION('',(0.,0.,-1.));
#3759=DIRECTION('',(1.,1.75779452917219E-16,0.));
#3760=DIRECTION('',(0.,0.,1.));
#3761=DIRECTION('',(1.,3.06161699786839E-16,0.));
#3762=DIRECTION('',(-3.06161699786839E-16,1.,0.));
#3763=DIRECTION('',(-1.,-1.71165242278142E-16,0.));
#3764=DIRECTION('',(-1.71165242278142E-16,1.,0.));
#3765=DIRECTION('',(1.,0.,0.));
#3766=DIRECTION('',(0.,0.,-1.));
#3767=DIRECTION('',(1.75779452917219E-16,1.,0.));
#3768=DIRECTION('',(-1.,1.75779452917219E-16,0.));
#3769=DIRECTION('',(1.75779452917219E-16,1.,0.));
#3770=DIRECTION('',(1.,-1.75779452917219E-16,0.));
#3771=DIRECTION('',(0.,0.,-1.));
#3772=DIRECTION('',(-1.,1.75779452917219E-16,0.));
#3773=DIRECTION('',(0.,0.,1.));
#3774=DIRECTION('',(1.,-1.75779452917219E-16,0.));
#3775=DIRECTION('',(0.,0.,1.));
#3776=DIRECTION('',(1.,0.,0.));
#3777=DIRECTION('',(0.,1.,0.));
#3778=DIRECTION('',(0.,0.,1.));
#3779=DIRECTION('',(1.,0.,0.));
#3780=DIRECTION('',(0.,1.,0.));
#3781=DIRECTION('',(0.,0.,1.));
#3782=DIRECTION('',(1.,0.,0.));
#3783=DIRECTION('',(0.,1.,0.));
#3784=DIRECTION('',(1.,1.85037170770859E-16,0.));
#3785=DIRECTION('',(-6.93889390390723E-17,-1.,0.));
#3786=DIRECTION('',(1.,1.85037170770859E-16,0.));
#3787=DIRECTION('',(-1.85037170770859E-16,1.,0.));
#3788=DIRECTION('',(-1.,-1.85037170770859E-16,0.));
#3789=DIRECTION('',(-1.,-1.85037170770859E-16,0.));
#3790=DIRECTION('',(0.,0.,-1.));
#3791=DIRECTION('',(0.,0.,1.));
#3792=DIRECTION('',(0.,0.,1.));
#3793=DIRECTION('',(1.,0.,0.));
#3794=DIRECTION('',(0.,1.,0.));
#3795=DIRECTION('',(6.93889390390723E-17,1.,0.));
#3796=DIRECTION('',(-1.,-1.85037170770859E-16,0.));
#3797=DIRECTION('',(0.,1.,0.));
#3798=DIRECTION('',(0.,0.,1.));
#3799=DIRECTION('',(1.,0.,0.));
#3800=DIRECTION('',(0.,-1.,0.));
#3801=DIRECTION('',(0.,0.,1.));
#3802=DIRECTION('',(1.,0.,0.));
#3803=DIRECTION('',(-1.85037170770859E-16,1.,0.));
#3804=DIRECTION('',(-1.,-1.85037170770859E-16,0.));
#3805=DIRECTION('',(0.,0.,-1.));
#3806=DIRECTION('',(0.,0.,1.));
#3807=DIRECTION('',(0.,0.,-1.));
#3808=DIRECTION('',(1.,0.,0.));
#3809=DIRECTION('',(-1.75779452917219E-16,1.,0.));
#3810=DIRECTION('',(1.,1.75779452917219E-16,0.));
#3811=DIRECTION('',(0.,1.,0.));
#3812=DIRECTION('',(0.,0.,1.));
#3813=DIRECTION('',(0.,-1.,0.));
#3814=DIRECTION('',(0.,0.,1.));
#3815=DIRECTION('',(1.75779452917219E-16,1.,0.));
#3816=DIRECTION('',(1.,-1.75779452917219E-16,0.));
#3817=DIRECTION('',(0.,0.,-1.));
#3818=DIRECTION('',(1.,0.,0.));
#3819=DIRECTION('',(1.,-6.93889390390723E-17,0.));
#3820=DIRECTION('',(6.93889390390723E-17,1.,0.));
#3821=DIRECTION('',(-1.,0.,0.));
#3822=DIRECTION('',(0.,0.,1.));
#3823=DIRECTION('',(0.,0.,1.));
#3824=DIRECTION('',(0.,0.,1.));
#3825=DIRECTION('',(0.,0.,-1.));
#3826=DIRECTION('',(-1.,0.,0.));
#3827=DIRECTION('',(0.,0.,1.));
#3828=DIRECTION('',(1.,0.,0.));
#3829=DIRECTION('',(1.,0.,0.));
#3830=DIRECTION('',(0.,1.,0.));
#3831=DIRECTION('',(1.,0.,0.));
#3832=DIRECTION('',(0.,1.,0.));
#3833=DIRECTION('',(1.,0.,0.));
#3834=DIRECTION('',(0.,1.,0.));
#3835=CARTESIAN_POINT('',(0.,0.,0.));
#3836=CARTESIAN_POINT('',(-0.0878898232609384,0.165979227275823,0.05));
#3837=CARTESIAN_POINT('',(-0.0878898232609384,0.165979227275823,-0.0421));
#3838=CARTESIAN_POINT('',(-0.0778898232609384,0.165979227275823,-0.0421));
#3839=CARTESIAN_POINT('',(-0.0878898232609384,0.165979227275823,0.0421));
#3840=CARTESIAN_POINT('',(-0.0778898232609384,0.165979227275823,0.0421));
#3841=CARTESIAN_POINT('',(-0.0878898232609384,0.165979227275823,0.05));
#3842=CARTESIAN_POINT('',(-0.0878898232609384,0.165979227275823,0.05));
#3843=CARTESIAN_POINT('',(-0.0857898232609384,0.165979227275823,0.05));
#3844=CARTESIAN_POINT('',(-0.0878898232609384,0.165979227275823,-0.05));
#3845=CARTESIAN_POINT('',(-0.0878898232609384,0.165979227275823,-0.05));
#3846=CARTESIAN_POINT('',(-0.0857898232609384,0.165979227275823,-0.05));
#3847=CARTESIAN_POINT('',(-0.0878898232609384,0.165979227275823,-0.0421));
#3848=CARTESIAN_POINT('',(-0.0878898232609384,0.165979227275823,0.0421));
#3849=CARTESIAN_POINT('',(0.,0.,0.));
#3850=CARTESIAN_POINT('',(-0.0878898232609384,-0.165979227275823,0.05));
#3851=CARTESIAN_POINT('',(-0.0878898232609384,-0.165979227275823,-0.0421));
#3852=CARTESIAN_POINT('',(-0.0778898232609384,-0.165979227275823,-0.0421));
#3853=CARTESIAN_POINT('',(-0.0878898232609384,-0.165979227275823,0.0421));
#3854=CARTESIAN_POINT('',(-0.0778898232609384,-0.165979227275823,0.0421));
#3855=CARTESIAN_POINT('',(-0.0878898232609384,-0.165979227275823,0.05));
#3856=CARTESIAN_POINT('',(-0.0878898232609384,-0.165979227275823,0.05));
#3857=CARTESIAN_POINT('',(-0.0857898232609384,-0.165979227275823,0.05));
#3858=CARTESIAN_POINT('',(-0.0878898232609384,-0.165979227275823,-0.05));
#3859=CARTESIAN_POINT('',(-0.0878898232609384,-0.165979227275823,-0.05));
#3860=CARTESIAN_POINT('',(-0.0857898232609384,-0.165979227275823,-0.05));
#3861=CARTESIAN_POINT('',(-0.0878898232609384,-0.165979227275823,-0.0421));
#3862=CARTESIAN_POINT('',(-0.0878898232609384,-0.165979227275823,0.0421));
#3863=CARTESIAN_POINT('',(0.,0.,0.));
#3864=CARTESIAN_POINT('',(0.,-0.114,0.0350000000000002));
#3865=CARTESIAN_POINT('',(0.,-0.0350000000000002,0.0350000000000002));
#3866=CARTESIAN_POINT('',(0.,-0.0350000000000002,0.114));
#3867=CARTESIAN_POINT('',(-0.00149834679742193,-0.114000000000136,0.0350000000000002));
#3868=CARTESIAN_POINT('',(0.00188363597479493,-0.035000000000162,0.035000000000162));
#3869=CARTESIAN_POINT('',(-0.00149834679742193,-0.0350000000000002,0.114000000000136));
#3870=CARTESIAN_POINT('',(-0.00449503253193433,-0.113372358620678,0.0348073030853154));
#3871=CARTESIAN_POINT('',(0.00561560412611744,-0.0356931070538599,0.0356931070538599));
#3872=CARTESIAN_POINT('',(-0.00449503253193433,-0.0348073030853154,0.113372358620678));
#3873=CARTESIAN_POINT('',(-0.00891602734666199,-0.110563479750259,0.0339449279934955));
#3874=CARTESIAN_POINT('',(0.00925015383162647,-0.0383662834003142,0.0383662834003142));
#3875=CARTESIAN_POINT('',(-0.00891602734666199,-0.0339449279934955,0.110563479750259));
#3876=CARTESIAN_POINT('',(-0.013190159818179,-0.105933450594275,0.0325234278140334));
#3877=CARTESIAN_POINT('',(0.00974172836218765,-0.0415696378982175,0.0415696378982175));
#3878=CARTESIAN_POINT('',(-0.013190159818179,-0.0325234278140334,0.105933450594275));
#3879=CARTESIAN_POINT('',(-0.0172470305420792,-0.0995585349565849,0.0305662168726349));
#3880=CARTESIAN_POINT('',(0.00700346844548263,-0.0441010475993168,0.044101047599317));
#3881=CARTESIAN_POINT('',(-0.0172470305420792,-0.0305662168726349,0.0995585349565849));
#3882=CARTESIAN_POINT('',(-0.0210198161348025,-0.0915437370566145,0.0281055333068576));
#3883=CARTESIAN_POINT('',(0.00171908515694059,-0.0450682230639224,0.0450682230639215));
#3884=CARTESIAN_POINT('',(-0.0210198161348025,-0.0281055333068576,0.0915437370566145));
#3885=CARTESIAN_POINT('',(-0.0244463728823754,-0.0820210745203683,0.0251819088439649));
#3886=CARTESIAN_POINT('',(-0.00511000984767929,-0.0440128139348438,0.0440128139348471));
#3887=CARTESIAN_POINT('',(-0.0244463728823754,-0.0251819088439649,0.0820210745203683));
#3888=CARTESIAN_POINT('',(-0.0274702611999094,-0.0711473942512461,0.0218434982350613));
#3889=CARTESIAN_POINT('',(-0.0124936455826019,-0.0408428374037485,0.040842837403737));
#3890=CARTESIAN_POINT('',(-0.0274702611999094,-0.0218434982350613,0.0711473942512461));
#3891=CARTESIAN_POINT('',(-0.0291845329897845,-0.0631170145729456,0.0193780307898757));
#3892=CARTESIAN_POINT('',(-0.0172908317741294,-0.037380235753625,0.0373802357536492));
#3893=CARTESIAN_POINT('',(-0.0291845329897845,-0.0193780307898757,0.0631170145729456));
#3894=CARTESIAN_POINT('',(-0.0299591988425749,-0.0589395641738213,0.0180954802288048));
#3895=CARTESIAN_POINT('',(-0.0195271213717251,-0.0353670131938616,0.0353670131938616));
#3896=CARTESIAN_POINT('',(-0.0299591988425749,-0.0180954802288048,0.0589395641738213));
#3897=CARTESIAN_POINT('',(6.36800612462664E-19,-0.0359576079399874,0.101736842105263));
#3898=CARTESIAN_POINT('',(-0.00133726325593079,-0.0359576079399874,0.101736842105263));
#3899=CARTESIAN_POINT('',(-0.00403783190503978,-0.0356719477302261,0.101800128342379));
#3900=CARTESIAN_POINT('',(-0.00926203132919353,-0.0342457758635374,0.102035620142149));
#3901=CARTESIAN_POINT('',(-0.0129820778829953,-0.0326159562522637,0.102227194400912));
#3902=CARTESIAN_POINT('',(-0.0154136184940469,-0.031423245614035,0.10235));
#3903=CARTESIAN_POINT('',(-6.47825430425306E-19,-0.0359576079399872,0.101736842105263));
#3904=CARTESIAN_POINT('',(-0.0154136184940469,-0.0314232456140351,0.10235));
#3905=CARTESIAN_POINT('',(0.,-0.114,0.114));
#3906=CARTESIAN_POINT('',(0.,-0.0948825117994891,0.0373480486556061));
#3907=CARTESIAN_POINT('',(2.59144067212098E-18,-0.0948825117994891,0.0373480486556064));
#3908=CARTESIAN_POINT('',(-0.000659654017102295,-0.0948825117994891,0.0373480486556064));
#3909=CARTESIAN_POINT('',(-0.00196177857719706,-0.0954396188312291,0.0370971110700193));
#3910=CARTESIAN_POINT('',(-0.00276304357287297,-0.0973381973006553,0.0365376259808838));
#3911=CARTESIAN_POINT('',(-0.00198497423214964,-0.0993232586836144,0.0362858140943224));
#3912=CARTESIAN_POINT('',(-0.000668903815014847,-0.0998825117994891,0.0362716491432605));
#3913=CARTESIAN_POINT('',(3.63925855213528E-18,-0.0998825117994891,0.0362716491432605));
#3914=CARTESIAN_POINT('',(0.,-0.0998825117994891,0.0362716491432602));
#3915=CARTESIAN_POINT('',(0.,-0.114,0.114));
#3916=CARTESIAN_POINT('',(-3.00856828119771E-18,-0.101736842105263,0.0359576079399872));
#3917=CARTESIAN_POINT('',(-0.0154136184940469,-0.10235,0.031423245614035));
#3918=CARTESIAN_POINT('',(-0.0129816942929159,-0.102227175027594,0.0326161444095029));
#3919=CARTESIAN_POINT('',(-0.00928567872079557,-0.102036735244083,0.0342377826008132));
#3920=CARTESIAN_POINT('',(-0.00403812452264446,-0.101800136284929,0.0356722817491134));
#3921=CARTESIAN_POINT('',(-0.00134142842820194,-0.101736842105263,0.0359576079399874));
#3922=CARTESIAN_POINT('',(-5.04143820442312E-18,-0.101736842105263,0.0359576079399874));
#3923=CARTESIAN_POINT('',(-0.0154136184940469,-0.10235,0.0314232456140351));
#3924=CARTESIAN_POINT('',(0.,1.07156594925393E-18,1.07156594925393E-18));
#3925=CARTESIAN_POINT('',(-0.0299591988425748,-0.0589395641738213,0.0180954802288048));
#3926=CARTESIAN_POINT('',(-0.0975813905158151,-0.0589395641738213,0.0589395641738214));
#3927=CARTESIAN_POINT('',(-0.0299591988425748,-0.0180954802288048,0.0589395641738213));
#3928=CARTESIAN_POINT('',(0.,1.07156594925393E-18,1.07156594925393E-18));
#3929=CARTESIAN_POINT('',(-9.18485099360515E-19,0.150594919919968,0.15));
#3930=CARTESIAN_POINT('',(0.,0.150594919919968,-0.136577866226434));
#3931=CARTESIAN_POINT('',(0.,0.165594919919967,0.15));
#3932=CARTESIAN_POINT('',(0.,0.160594919919967,0.0544740445911884));
#3933=CARTESIAN_POINT('',(-9.18485099360515E-19,0.150594919919968,0.15));
#3934=CARTESIAN_POINT('',(-0.010546985727632,0.161260804414989,0.15));
#3935=CARTESIAN_POINT('',(-0.010546985727632,0.161260804414989,0.15));
#3936=CARTESIAN_POINT('',(-0.0105109228866963,0.161217493384299,0.148927173825867));
#3937=CARTESIAN_POINT('',(-0.0109625832134001,0.160686980545079,0.147359340918797));
#3938=CARTESIAN_POINT('',(-0.0120758153354405,0.159202153743034,0.146226807714927));
#3939=CARTESIAN_POINT('',(-0.0126418907053244,0.158296262660799,0.14605));
#3940=CARTESIAN_POINT('',(-0.0129042216796051,0.157828266704518,0.14605));
#3941=CARTESIAN_POINT('',(-0.0129042216796051,0.157828266704518,0.14605));
#3942=CARTESIAN_POINT('',(-9.18485099360515E-19,0.150594919919968,0.14605));
#3943=CARTESIAN_POINT('',(-0.0135421290457082,0.144640847047442,0.14605));
#3944=CARTESIAN_POINT('',(-0.0135421290457082,0.144640847047442,0.14605));
#3945=CARTESIAN_POINT('',(-0.0133261992929045,0.144149729682928,0.14605));
#3946=CARTESIAN_POINT('',(-0.0128528030580592,0.143198354232905,0.146225458553631));
#3947=CARTESIAN_POINT('',(-0.0118870562943409,0.141610093174041,0.147354764331153));
#3948=CARTESIAN_POINT('',(-0.0114871059208715,0.141036468180984,0.148926557043598));
#3949=CARTESIAN_POINT('',(-0.0115272037660757,0.140996817329592,0.15));
#3950=CARTESIAN_POINT('',(-0.0115272037660756,0.140996817329592,0.15));
#3951=CARTESIAN_POINT('',(-9.18485099360515E-19,0.150594919919968,0.15));
#3952=CARTESIAN_POINT('',(0.,0.135594919919968,0.15));
#3953=CARTESIAN_POINT('',(0.,0.150594919919968,-0.136577866226434));
#3954=CARTESIAN_POINT('',(-4.91703944200223E-24,0.139457744410137,0.0762));
#3955=CARTESIAN_POINT('',(-1.24506563410757E-19,0.139871244592689,0.0683));
#3956=CARTESIAN_POINT('',(-0.00103940224057525,0.139871244592689,0.0683));
#3957=CARTESIAN_POINT('',(-0.00258282482309877,0.140105014764259,0.0689500182448729));
#3958=CARTESIAN_POINT('',(-0.00374928475493028,0.140408435692581,0.0707087197531356));
#3959=CARTESIAN_POINT('',(-0.00415802840267597,0.140458992907183,0.0728066892673135));
#3960=CARTESIAN_POINT('',(-0.00308002080680454,0.139851950062926,0.0753386566850471));
#3961=CARTESIAN_POINT('',(-0.00105168026718897,0.139457744410137,0.0762));
#3962=CARTESIAN_POINT('',(-2.94538371511501E-18,0.139457744410137,0.0762));
#3963=CARTESIAN_POINT('',(0.,0.139871244592689,0.0683));
#3964=CARTESIAN_POINT('',(0.,0.150594919919968,-0.136577866226434));
#3965=CARTESIAN_POINT('',(0.,0.140594919919968,0.0544740445911884));
#3966=CARTESIAN_POINT('',(0.,0.150594919919968,0.0544740445911884));
#3967=CARTESIAN_POINT('',(2.77555756156289E-17,-2.77555756156289E-17,0.));
#3968=CARTESIAN_POINT('',(-0.0878898232609384,-0.165979227275823,0.));
#3969=CARTESIAN_POINT('',(-0.0979398232609384,-0.165979227275823,0.));
#3970=CARTESIAN_POINT('',(-0.0878898232609384,0.165979227275823,0.));
#3971=CARTESIAN_POINT('',(-0.0979398232609384,0.165979227275823,0.));
#3972=CARTESIAN_POINT('',(0.,-2.77555756156289E-17,0.));
#3973=CARTESIAN_POINT('',(0.,-0.2,0.));
#3974=CARTESIAN_POINT('',(0.,-0.1301,0.));
#3975=CARTESIAN_POINT('',(2.77555756156289E-17,-0.2,0.));
#3976=CARTESIAN_POINT('',(-0.15,-0.2,0.));
#3977=CARTESIAN_POINT('',(-0.15,-5.55111512312578E-17,0.));
#3978=CARTESIAN_POINT('',(-0.15,0.2,0.));
#3979=CARTESIAN_POINT('',(5.55111512312578E-17,0.2,0.));
#3980=CARTESIAN_POINT('',(0.,0.2,0.));
#3981=CARTESIAN_POINT('',(0.,-2.77555756156289E-17,0.));
#3982=CARTESIAN_POINT('',(0.,0.1301,0.));
#3983=CARTESIAN_POINT('',(2.77555756156289E-17,0.1301,0.));
#3984=CARTESIAN_POINT('',(-0.0271,0.1301,0.));
#3985=CARTESIAN_POINT('',(-0.0271,0.1143,0.));
#3986=CARTESIAN_POINT('',(-0.0271,0.1143,0.));
#3987=CARTESIAN_POINT('',(2.77555756156289E-17,0.1143,0.));
#3988=CARTESIAN_POINT('',(-0.0762,0.1143,0.));
#3989=CARTESIAN_POINT('',(-0.0762,0.1063,0.));
#3990=CARTESIAN_POINT('',(-0.0762,0.1063,0.));
#3991=CARTESIAN_POINT('',(2.77555756156289E-17,0.1063,0.));
#3992=CARTESIAN_POINT('',(-0.03895,0.1063,2.14313189850787E-18));
#3993=CARTESIAN_POINT('',(-0.03895,0.10235,2.14313189850787E-18));
#3994=CARTESIAN_POINT('',(-0.035,0.10235,2.14313189850787E-18));
#3995=CARTESIAN_POINT('',(-0.035,0.1143,0.));
#3996=CARTESIAN_POINT('',(-0.035,0.0589395641738213,2.14313189850787E-18));
#3997=CARTESIAN_POINT('',(-0.114,0.0589395641738213,2.14313189850787E-18));
#3998=CARTESIAN_POINT('',(-0.0438242879962598,0.0226577581993648,2.14313189850787E-18));
#3999=CARTESIAN_POINT('',(3.02089749179674E-18,0.,0.));
#4000=CARTESIAN_POINT('',(-0.0438242879962598,-0.0226577581993648,2.14313189850787E-18));
#4001=CARTESIAN_POINT('',(-0.114,-0.0589395641738213,2.14313189850787E-18));
#4002=CARTESIAN_POINT('',(-0.035,-0.0589395641738213,2.14313189850787E-18));
#4003=CARTESIAN_POINT('',(-0.035,0.1143,0.));
#4004=CARTESIAN_POINT('',(-0.035,-0.10235,2.14313189850787E-18));
#4005=CARTESIAN_POINT('',(-0.03895,-0.10235,2.14313189850787E-18));
#4006=CARTESIAN_POINT('',(-0.03895,-0.1063,2.14313189850787E-18));
#4007=CARTESIAN_POINT('',(2.77555756156289E-17,-0.1063,0.));
#4008=CARTESIAN_POINT('',(-0.0762,-0.1063,0.));
#4009=CARTESIAN_POINT('',(-0.0762,-0.1063,0.));
#4010=CARTESIAN_POINT('',(-0.0762,-0.1143,0.));
#4011=CARTESIAN_POINT('',(2.77555756156289E-17,-0.1143,0.));
#4012=CARTESIAN_POINT('',(-0.0271,-0.1143,0.));
#4013=CARTESIAN_POINT('',(-0.0271,0.1143,0.));
#4014=CARTESIAN_POINT('',(-0.0271,-0.1301,0.));
#4015=CARTESIAN_POINT('',(2.77555756156289E-17,-0.1301,0.));
#4016=CARTESIAN_POINT('',(2.77555756156289E-17,-0.2,0.15));
#4017=CARTESIAN_POINT('',(0.,-0.2,0.15));
#4018=CARTESIAN_POINT('',(0.,-0.2,0.15));
#4019=CARTESIAN_POINT('',(2.77555756156289E-17,-0.2,0.15));
#4020=CARTESIAN_POINT('',(-0.15,-0.2,0.15));
#4021=CARTESIAN_POINT('',(-0.15,-0.2,0.15));
#4022=CARTESIAN_POINT('',(5.55111512312578E-17,0.2,0.15));
#4023=CARTESIAN_POINT('',(0.,0.2,0.15));
#4024=CARTESIAN_POINT('',(0.,0.2,0.15));
#4025=CARTESIAN_POINT('',(-0.15,0.2,0.15));
#4026=CARTESIAN_POINT('',(-0.15,0.2,0.15));
#4027=CARTESIAN_POINT('',(5.55111512312578E-17,0.2,0.15));
#4028=CARTESIAN_POINT('',(2.77555756156289E-17,-2.77555756156289E-17,0.15));
#4029=CARTESIAN_POINT('',(0.,-2.77555756156289E-17,0.15));
#4030=CARTESIAN_POINT('',(0.,-0.165594919919967,0.15));
#4031=CARTESIAN_POINT('',(-9.18485099360515E-19,-0.150594919919968,0.15));
#4032=CARTESIAN_POINT('',(-0.010546985727632,-0.161260804414989,0.15));
#4033=CARTESIAN_POINT('',(-0.0220741894937076,-0.151662701824613,0.15));
#4034=CARTESIAN_POINT('',(-0.0115272037660756,-0.140996817329592,0.15));
#4035=CARTESIAN_POINT('',(-9.18485099360515E-19,-0.150594919919968,0.15));
#4036=CARTESIAN_POINT('',(0.,-0.135594919919968,0.15));
#4037=CARTESIAN_POINT('',(0.,-2.77555756156289E-17,0.15));
#4038=CARTESIAN_POINT('',(0.,-0.0998825117994891,0.15));
#4039=CARTESIAN_POINT('',(0.,-0.0973825117994891,0.15));
#4040=CARTESIAN_POINT('',(0.,-0.0948825117994891,0.15));
#4041=CARTESIAN_POINT('',(0.,-2.77555756156289E-17,0.15));
#4042=CARTESIAN_POINT('',(0.,0.0777309352843442,0.15));
#4043=CARTESIAN_POINT('',(0.,0.0927309352843442,0.15));
#4044=CARTESIAN_POINT('',(-0.0106991975425861,0.0822177449053622,0.15));
#4045=CARTESIAN_POINT('',(-0.022087256565376,0.0919805371132018,0.15));
#4046=CARTESIAN_POINT('',(-0.0113880590227899,0.102493727492184,0.15));
#4047=CARTESIAN_POINT('',(0.,0.0927309352843442,0.15));
#4048=CARTESIAN_POINT('',(0.,0.107730935284344,0.15));
#4049=CARTESIAN_POINT('',(0.,-2.77555756156289E-17,0.15));
#4050=CARTESIAN_POINT('',(-0.0220741894937076,0.151662701824613,0.15));
#4051=CARTESIAN_POINT('',(0.,-2.77555756156289E-17,0.15));
#4052=CARTESIAN_POINT('',(-0.15,-5.55111512312578E-17,0.15));
#4053=CARTESIAN_POINT('',(0.,-0.1143,0.));
#4054=CARTESIAN_POINT('',(0.,-0.1143,0.));
#4055=CARTESIAN_POINT('',(0.,-0.1143,0.0271));
#4056=CARTESIAN_POINT('',(0.,-0.1143,0.0683));
#4057=CARTESIAN_POINT('',(0.,-0.1143,1.65939641284466E-18));
#4058=CARTESIAN_POINT('',(5.93760482826907E-17,-0.1143,-3.81639164714897E-17));
#4059=CARTESIAN_POINT('',(0.,-0.1143,0.0762));
#4060=CARTESIAN_POINT('',(0.,-0.1143,0.07225));
#4061=CARTESIAN_POINT('',(0.,0.1143,0.));
#4062=CARTESIAN_POINT('',(0.,0.1143,1.65939641284466E-18));
#4063=CARTESIAN_POINT('',(0.,0.1143,0.0271));
#4064=CARTESIAN_POINT('',(0.,0.1143,0.));
#4065=CARTESIAN_POINT('',(0.,0.1143,0.0683));
#4066=CARTESIAN_POINT('',(0.,0.1143,0.07225));
#4067=CARTESIAN_POINT('',(-3.24616457739278E-18,0.1143,0.0762));
#4068=CARTESIAN_POINT('',(5.93760482826907E-17,0.1143,-3.81639164714897E-17));
#4069=CARTESIAN_POINT('',(-0.00441742500968223,-0.1063,0.000133533074533093));
#4070=CARTESIAN_POINT('',(-1.2336864159147E-18,-0.1063,0.039859727542988));
#4071=CARTESIAN_POINT('',(-0.00297957134925351,-0.1063,0.039859727542988));
#4072=CARTESIAN_POINT('',(-0.00897037906050602,-0.1063,0.0386776043267154));
#4073=CARTESIAN_POINT('',(-0.0144513713091892,-0.1063,0.0362948528593412));
#4074=CARTESIAN_POINT('',(-0.0171531554383751,-0.1063,0.0349695833333333));
#4075=CARTESIAN_POINT('',(0.,-0.1063,0.0398597275429878));
#4076=CARTESIAN_POINT('',(-0.0171531554383751,-0.1063,0.0349695833333334));
#4077=CARTESIAN_POINT('',(0.,-0.1063,0.000133533074533093));
#4078=CARTESIAN_POINT('',(0.,-0.1063,0.0762));
#4079=CARTESIAN_POINT('',(5.93760482826907E-17,-0.1063,-3.81639164714897E-17));
#4080=CARTESIAN_POINT('',(0.,-0.1063,2.14313189850787E-18));
#4081=CARTESIAN_POINT('',(5.93760482826907E-17,-0.1063,-3.81639164714897E-17));
#4082=CARTESIAN_POINT('',(0.,-0.1063,0.0762));
#4083=CARTESIAN_POINT('',(-0.00441742500968223,0.1063,0.000133533074533093));
#4084=CARTESIAN_POINT('',(5.93760482826907E-17,0.1063,-3.81639164714897E-17));
#4085=CARTESIAN_POINT('',(0.,0.1063,0.0762));
#4086=CARTESIAN_POINT('',(0.,0.1063,0.000133533074533093));
#4087=CARTESIAN_POINT('',(3.06053032284469E-14,0.1063,0.0398597275429878));
#4088=CARTESIAN_POINT('',(-0.017153155438375,0.1063,0.0349695833333333));
#4089=CARTESIAN_POINT('',(-0.0144517497747841,0.1063,0.0362946672157458));
#4090=CARTESIAN_POINT('',(-0.0103371237136557,0.1063,0.0380725735415652));
#4091=CARTESIAN_POINT('',(-0.00449789451452402,0.1063,0.0395751529338076));
#4092=CARTESIAN_POINT('',(-0.00149062214981179,0.1063,0.0398597275429899));
#4093=CARTESIAN_POINT('',(3.06061923064081E-14,0.1063,0.039859727542988));
#4094=CARTESIAN_POINT('',(-0.0171531554383751,0.1063,0.0349695833333334));
#4095=CARTESIAN_POINT('',(0.,0.1063,2.14313189850787E-18));
#4096=CARTESIAN_POINT('',(5.93760482826907E-17,0.1063,-3.81639164714897E-17));
#4097=CARTESIAN_POINT('',(0.,0.1063,0.0762));
#4098=CARTESIAN_POINT('',(0.,0.1301,1.65939641284466E-18));
#4099=CARTESIAN_POINT('',(0.,0.1301,1.65939641284466E-18));
#4100=CARTESIAN_POINT('',(0.,0.1301,0.0271));
#4101=CARTESIAN_POINT('',(0.,0.1301,1.65939641284466E-18));
#4102=CARTESIAN_POINT('',(0.,0.1143,1.65939641284466E-18));
#4103=CARTESIAN_POINT('',(0.,0.1143,0.0271));
#4104=CARTESIAN_POINT('',(0.,0.1143,1.65939641284466E-18));
#4105=CARTESIAN_POINT('',(0.,0.1143,0.0271));
#4106=CARTESIAN_POINT('',(0.,-0.1301,0.0271));
#4107=CARTESIAN_POINT('',(0.,-0.1301,1.65939641284466E-18));
#4108=CARTESIAN_POINT('',(0.,-0.1301,1.65939641284466E-18));
#4109=CARTESIAN_POINT('',(0.,-0.1301,1.65939641284466E-18));
#4110=CARTESIAN_POINT('',(4.28626379701576E-18,0.0350000000000002,0.114));
#4111=CARTESIAN_POINT('',(-5.38844591624834E-18,0.0350000000000002,0.0350000000000002));
#4112=CARTESIAN_POINT('',(4.28626379701576E-18,0.114,0.0350000000000002));
#4113=CARTESIAN_POINT('',(-0.00149834679742193,0.0350000000000002,0.114000000000136));
#4114=CARTESIAN_POINT('',(0.00188363597479493,0.035000000000198,0.035000000000198));
#4115=CARTESIAN_POINT('',(-0.00149834679742193,0.114000000000136,0.0350000000000002));
#4116=CARTESIAN_POINT('',(-0.00449503253193438,0.0348073030853154,0.113372358620678));
#4117=CARTESIAN_POINT('',(0.00561560412611745,0.0356931070538433,0.0356931070538433));
#4118=CARTESIAN_POINT('',(-0.00449503253193438,0.113372358620678,0.0348073030853154));
#4119=CARTESIAN_POINT('',(-0.00891602734666179,0.0339449279934954,0.110563479750259));
#4120=CARTESIAN_POINT('',(0.00925015383162643,0.0383662834003182,0.0383662834003182));
#4121=CARTESIAN_POINT('',(-0.00891602734666179,0.110563479750259,0.0339449279934954));
#4122=CARTESIAN_POINT('',(-0.0131901598181789,0.0325234278140336,0.105933450594275));
#4123=CARTESIAN_POINT('',(0.00974172836218754,0.0415696378982168,0.0415696378982168));
#4124=CARTESIAN_POINT('',(-0.0131901598181789,0.105933450594275,0.0325234278140336));
#4125=CARTESIAN_POINT('',(-0.0172470305420797,0.0305662168726341,0.0995585349565836));
#4126=CARTESIAN_POINT('',(0.00700346844548313,0.0441010475993157,0.0441010475993157));
#4127=CARTESIAN_POINT('',(-0.0172470305420797,0.0995585349565836,0.0305662168726341));
#4128=CARTESIAN_POINT('',(-0.0210198161348007,0.0281055333068607,0.0915437370566195));
#4129=CARTESIAN_POINT('',(0.00171908515693869,0.045068223063927,0.045068223063927));
#4130=CARTESIAN_POINT('',(-0.0210198161348007,0.0915437370566195,0.0281055333068607));
#4131=CARTESIAN_POINT('',(-0.0244463728823824,0.0251819088439532,0.0820210745203494));
#4132=CARTESIAN_POINT('',(-0.0051100098476717,0.0440128139348275,0.0440128139348275));
#4133=CARTESIAN_POINT('',(-0.0244463728823824,0.0820210745203494,0.0251819088439532));
#4134=CARTESIAN_POINT('',(-0.0274702611998827,0.0218434982351055,0.0711473942513183));
#4135=CARTESIAN_POINT('',(-0.012493645582632,0.0408428374038055,0.0408428374038055));
#4136=CARTESIAN_POINT('',(-0.0274702611998827,0.0711473942513183,0.0218434982351055));
#4137=CARTESIAN_POINT('',(-0.0291845329898421,0.0193780307897805,0.0631170145727896));
#4138=CARTESIAN_POINT('',(-0.0172908317740609,0.0373802357535089,0.0373802357535089));
#4139=CARTESIAN_POINT('',(-0.0291845329898421,0.0631170145727896,0.0193780307897805));
#4140=CARTESIAN_POINT('',(-0.0299591988425749,0.0180954802288048,0.0589395641738213));
#4141=CARTESIAN_POINT('',(-0.0195271213717251,0.0353670131938616,0.0353670131938616));
#4142=CARTESIAN_POINT('',(-0.0299591988425749,0.0589395641738213,0.0180954802288048));
#4143=CARTESIAN_POINT('',(7.12292075690225E-18,0.101736842105263,0.0359576079399874));
#4144=CARTESIAN_POINT('',(-0.00133726325593079,0.101736842105263,0.0359576079399874));
#4145=CARTESIAN_POINT('',(-0.0040378319050398,0.101800128342379,0.0356719477302261));
#4146=CARTESIAN_POINT('',(-0.00926203132919353,0.102035620142149,0.0342457758635374));
#4147=CARTESIAN_POINT('',(-0.0129820778829953,0.102227194400912,0.0326159562522637));
#4148=CARTESIAN_POINT('',(-0.0154136184940469,0.10235,0.031423245614035));
#4149=CARTESIAN_POINT('',(5.11894211818256E-18,0.101736842105263,0.0359576079399872));
#4150=CARTESIAN_POINT('',(-0.0154136184940469,0.10235,0.0314232456140351));
#4151=CARTESIAN_POINT('',(0.,0.114,0.114));
#4152=CARTESIAN_POINT('',(-3.66787719800645E-18,0.0359576079399872,0.101736842105263));
#4153=CARTESIAN_POINT('',(-0.0154136184940469,0.031423245614035,0.10235));
#4154=CARTESIAN_POINT('',(-0.0129816942929159,0.0326161444095029,0.102227175027594));
#4155=CARTESIAN_POINT('',(-0.00928567872079558,0.0342377826008132,0.102036735244083));
#4156=CARTESIAN_POINT('',(-0.00403812452264448,0.0356722817491134,0.101800136284929));
#4157=CARTESIAN_POINT('',(-0.00134142842820195,0.0359576079399874,0.101736842105263));
#4158=CARTESIAN_POINT('',(-1.01714608865146E-17,0.0359576079399874,0.101736842105263));
#4159=CARTESIAN_POINT('',(-0.0154136184940469,0.0314232456140351,0.10235));
#4160=CARTESIAN_POINT('',(0.,1.07156594925393E-18,1.07156594925393E-18));
#4161=CARTESIAN_POINT('',(-0.0299591988425748,0.0180954802288048,0.0589395641738213));
#4162=CARTESIAN_POINT('',(-0.097581390515815,0.0589395641738214,0.0589395641738213));
#4163=CARTESIAN_POINT('',(-0.0299591988425748,0.0589395641738213,0.0180954802288048));
#4164=CARTESIAN_POINT('',(0.,1.07156594925393E-18,1.07156594925393E-18));
#4165=CARTESIAN_POINT('',(0.,0.,0.1143));
#4166=CARTESIAN_POINT('',(0.,0.,0.1143));
#4167=CARTESIAN_POINT('',(0.,-0.0762,0.1143));
#4168=CARTESIAN_POINT('',(0.,-0.0271,0.1143));
#4169=CARTESIAN_POINT('',(-1.10282294006581E-17,-1.38777878078145E-17,0.1143));
#4170=CARTESIAN_POINT('',(1.46384973877337E-26,0.0762,0.1143));
#4171=CARTESIAN_POINT('',(0.,0.,0.1143));
#4172=CARTESIAN_POINT('',(0.,0.0271,0.1143));
#4173=CARTESIAN_POINT('',(0.,1.65939641284466E-18,0.1143));
#4174=CARTESIAN_POINT('',(-1.10282294006581E-17,-1.38777878078145E-17,0.1063));
#4175=CARTESIAN_POINT('',(0.,-0.0762,0.1063));
#4176=CARTESIAN_POINT('',(0.,-0.0762,0.1063));
#4177=CARTESIAN_POINT('',(-1.10282294006581E-17,-1.38777878078145E-17,0.1063));
#4178=CARTESIAN_POINT('',(0.,0.0762,0.1063));
#4179=CARTESIAN_POINT('',(0.,0.0762,0.1063));
#4180=CARTESIAN_POINT('',(-0.00105735268414102,0.0762,0.1063));
#4181=CARTESIAN_POINT('',(-0.00312969007989716,0.0761474676817941,0.107167135870865));
#4182=CARTESIAN_POINT('',(-0.00443371347749046,0.076068678949675,0.110297557302926));
#4183=CARTESIAN_POINT('',(-0.00313545448345666,0.0761474607943751,0.113434074494218));
#4184=CARTESIAN_POINT('',(-0.00104433497903456,0.0762,0.1143));
#4185=CARTESIAN_POINT('',(-3.88154603253145E-18,0.0762,0.1143));
#4186=CARTESIAN_POINT('',(-1.38777878078145E-17,0.,0.1063));
#4187=CARTESIAN_POINT('',(0.,0.,0.1063));
#4188=CARTESIAN_POINT('',(2.22015182069042E-18,-0.0398597275429878,0.1063));
#4189=CARTESIAN_POINT('',(-0.0171531554383751,-0.0349695833333334,0.1063));
#4190=CARTESIAN_POINT('',(-0.0144517497747887,-0.0362946672157436,0.1063));
#4191=CARTESIAN_POINT('',(-0.0103371237136672,-0.0380725735415601,0.1063));
#4192=CARTESIAN_POINT('',(-0.00449789451454726,-0.039575152933803,0.1063));
#4193=CARTESIAN_POINT('',(-0.00149062214983987,-0.039859727542988,0.1063));
#4194=CARTESIAN_POINT('',(4.88411795960342E-18,-0.039859727542988,0.1063));
#4195=CARTESIAN_POINT('',(-0.0171531554383751,-0.0349695833333334,0.1063));
#4196=CARTESIAN_POINT('',(0.,2.14313189850787E-18,0.1063));
#4197=CARTESIAN_POINT('',(-0.0171531554383751,0.0349695833333334,0.1063));
#4198=CARTESIAN_POINT('',(2.3290848017741E-14,0.039859727542988,0.1063));
#4199=CARTESIAN_POINT('',(-0.00297957134923412,0.0398597275429909,0.1063));
#4200=CARTESIAN_POINT('',(-0.0089703790604951,0.0386776043267201,0.1063));
#4201=CARTESIAN_POINT('',(-0.0144513713091857,0.0362948528593429,0.1063));
#4202=CARTESIAN_POINT('',(-0.0171531554383751,0.0349695833333333,0.1063));
#4203=CARTESIAN_POINT('',(2.3293442257915E-14,0.0398597275429878,0.1063));
#4204=CARTESIAN_POINT('',(0.,0.,0.1063));
#4205=CARTESIAN_POINT('',(-0.0154136184940469,-0.10235,0.0314232456140351));
#4206=CARTESIAN_POINT('',(-0.0154136184940469,-0.1063,0.031423245614035));
#4207=CARTESIAN_POINT('',(-0.0171531554383751,-0.1063,0.0349695833333333));
#4208=CARTESIAN_POINT('',(-0.0128351257064108,-0.102219772542498,0.0326880387104084));
#4209=CARTESIAN_POINT('',(-0.0127335961572913,-0.106299999999975,0.0325903588510971));
#4210=CARTESIAN_POINT('',(-0.0144513713099286,-0.1063,0.0362948528609899));
#4211=CARTESIAN_POINT('',(-0.00896966996532843,-0.102020010247445,0.0343607151288391));
#4212=CARTESIAN_POINT('',(-0.00874912148040708,-0.106300000000012,0.0340564504136176));
#4213=CARTESIAN_POINT('',(-0.0103385264415464,-0.1063,0.0380736696369893));
#4214=CARTESIAN_POINT('',(-0.00377122915633118,-0.101791067844827,0.0357152167323095));
#4215=CARTESIAN_POINT('',(-0.00361875778235749,-0.106299999999988,0.0350853586062897));
#4216=CARTESIAN_POINT('',(-0.00448077441203764,-0.1063,0.0395779414431745));
#4217=CARTESIAN_POINT('',(-0.00125132907250458,-0.101736842105274,0.0359576079399857));
#4218=CARTESIAN_POINT('',(-0.00120751172957534,-0.106300000000024,0.035240578076024));
#4219=CARTESIAN_POINT('',(-0.00148978567462379,-0.1063,0.0398597275429777));
#4220=CARTESIAN_POINT('',(3.22313502813692E-18,-0.101736842105263,0.0359576079399874));
#4221=CARTESIAN_POINT('',(3.25274821668407E-18,-0.1063,0.0352405780760291));
#4222=CARTESIAN_POINT('',(3.06197827673007E-18,-0.1063,0.039859727542988));
#4223=CARTESIAN_POINT('',(-1.59611819326937E-16,-0.10235,0.039859727542988));
#4224=CARTESIAN_POINT('',(-0.0171531554383751,-0.10235,0.0349695833333334));
#4225=CARTESIAN_POINT('',(1.63430129854611E-16,-0.0359576079399876,0.101736842105263));
#4226=CARTESIAN_POINT('',(1.64931676394679E-16,-0.0352405780760293,0.1063));
#4227=CARTESIAN_POINT('',(1.5525862336188E-16,-0.0398597275429882,0.1063));
#4228=CARTESIAN_POINT('',(-0.00125203166073323,-0.0359576079399764,0.101736842105335));
#4229=CARTESIAN_POINT('',(-0.00120818971554305,-0.0352405780754734,0.10630000000004));
#4230=CARTESIAN_POINT('',(-0.00149062214984531,-0.0398597275424659,0.1063));
#4231=CARTESIAN_POINT('',(-0.00378596987463502,-0.03571275846841,0.101791544853832));
#4232=CARTESIAN_POINT('',(-0.00363315908094015,-0.0350836029930296,0.106299999999983));
#4233=CARTESIAN_POINT('',(-0.00449789451457052,-0.0395751529341178,0.1063));
#4234=CARTESIAN_POINT('',(-0.00896884540640781,-0.0343596482112244,0.102020097114925));
#4235=CARTESIAN_POINT('',(-0.00874890062504871,-0.0340553739162177,0.106300000000007));
#4236=CARTESIAN_POINT('',(-0.0103371237135391,-0.0380725735410299,0.1063));
#4237=CARTESIAN_POINT('',(-0.0128354869012348,-0.03268786153841,0.102219790784745));
#4238=CARTESIAN_POINT('',(-0.0127339778657506,-0.0325901926222549,0.106300000000014));
#4239=CARTESIAN_POINT('',(-0.0144517497753588,-0.0362946672174506,0.1063));
#4240=CARTESIAN_POINT('',(-0.0154136184940469,-0.0314232456140351,0.10235));
#4241=CARTESIAN_POINT('',(-0.0154136184940469,-0.031423245614035,0.1063));
#4242=CARTESIAN_POINT('',(-0.0171531554383751,-0.0349695833333333,0.1063));
#4243=CARTESIAN_POINT('',(1.29096210622814E-18,-0.0398597275429878,0.10235));
#4244=CARTESIAN_POINT('',(-0.0171531554383751,-0.0349695833333334,0.10235));
#4245=CARTESIAN_POINT('',(-0.0154136184940469,0.0314232456140351,0.10235));
#4246=CARTESIAN_POINT('',(-0.0154136184940469,0.031423245614035,0.1063));
#4247=CARTESIAN_POINT('',(-0.0171531554383751,0.0349695833333333,0.1063));
#4248=CARTESIAN_POINT('',(-0.0128351257062108,0.0326880387105065,0.102219772542519));
#4249=CARTESIAN_POINT('',(-0.0127335961571333,0.0325903588512455,0.10629999999999));
#4250=CARTESIAN_POINT('',(-0.0144513713098207,0.036294852861096,0.1063));
#4251=CARTESIAN_POINT('',(-0.00896966996536577,0.0343607151288208,0.10202001024744));
#4252=CARTESIAN_POINT('',(-0.00874912148043291,0.0340564504135871,0.106300000000009));
#4253=CARTESIAN_POINT('',(-0.0103385264415626,0.0380736696369691,0.1063));
#4254=CARTESIAN_POINT('',(-0.0037712291563053,0.035715216732317,0.101791067844827));
#4255=CARTESIAN_POINT('',(-0.00361875778233456,0.0350853586062991,0.106299999999989));
#4256=CARTESIAN_POINT('',(-0.00448077441201295,0.0395779414431834,0.1063));
#4257=CARTESIAN_POINT('',(-0.00125132907249009,0.0359576079399868,0.101736842105274));
#4258=CARTESIAN_POINT('',(-0.00120751172956116,0.035240578076024,0.106300000000024));
#4259=CARTESIAN_POINT('',(-0.0014897856746076,0.0398597275429777,0.1063));
#4260=CARTESIAN_POINT('',(1.95642846103085E-14,0.0359576079399874,0.101736842105263));
#4261=CARTESIAN_POINT('',(1.88792156743375E-14,0.0352405780760291,0.1063));
#4262=CARTESIAN_POINT('',(2.32924709228028E-14,0.039859727542988,0.1063));
#4263=CARTESIAN_POINT('',(1.88269402156166E-14,0.039859727542988,0.10235));
#4264=CARTESIAN_POINT('',(-0.0171531554383751,0.0349695833333334,0.10235));
#4265=CARTESIAN_POINT('',(2.5705916108778E-14,0.101736842105263,0.0359576079399874));
#4266=CARTESIAN_POINT('',(2.48056340791711E-14,0.1063,0.035240578076029));
#4267=CARTESIAN_POINT('',(3.06053050080977E-14,0.1063,0.039859727542988));
#4268=CARTESIAN_POINT('',(-0.00125203166062668,0.101736842105258,0.0359576079399898));
#4269=CARTESIAN_POINT('',(-0.00120818971542285,0.106300000000037,0.035240578075971));
#4270=CARTESIAN_POINT('',(-0.00149062214981388,0.1063,0.0398597275429622));
#4271=CARTESIAN_POINT('',(-0.00378596987465022,0.101791544853866,0.0357127584684101));
#4272=CARTESIAN_POINT('',(-0.00363315908096045,0.106299999999984,0.0350836029928062));
#4273=CARTESIAN_POINT('',(-0.004497894514549,0.1063,0.0395751529338954));
#4274=CARTESIAN_POINT('',(-0.00896884540638682,0.102020097114903,0.0343596482112261));
#4275=CARTESIAN_POINT('',(-0.00874890062503035,0.106300000000006,0.034055373916364));
#4276=CARTESIAN_POINT('',(-0.0103371237135267,0.1063,0.0380725735411815));
#4277=CARTESIAN_POINT('',(-0.0128354869011756,0.102219790784745,0.0326878615384391));
#4278=CARTESIAN_POINT('',(-0.0127339778656672,0.106300000000014,0.0325901926222044));
#4279=CARTESIAN_POINT('',(-0.0144517497753542,0.1063,0.0362946672174007));
#4280=CARTESIAN_POINT('',(-0.0154136184940469,0.10235,0.0314232456140351));
#4281=CARTESIAN_POINT('',(-0.0154136184940469,0.1063,0.031423245614035));
#4282=CARTESIAN_POINT('',(-0.0171531554383751,0.1063,0.0349695833333333));
#4283=CARTESIAN_POINT('',(1.69424869496162E-18,0.10235,0.0398597275429878));
#4284=CARTESIAN_POINT('',(-0.0171531554383751,0.10235,0.0349695833333334));
#4285=CARTESIAN_POINT('',(0.,1.65939641284466E-18,0.1301));
#4286=CARTESIAN_POINT('',(0.,1.65939641284466E-18,0.1301));
#4287=CARTESIAN_POINT('',(0.,-0.0271,0.1301));
#4288=CARTESIAN_POINT('',(0.,0.0271,0.1301));
#4289=CARTESIAN_POINT('',(0.,1.65939641284466E-18,0.1301));
#4290=CARTESIAN_POINT('',(0.,1.65939641284466E-18,0.1143));
#4291=CARTESIAN_POINT('',(0.,-0.0271,0.1143));
#4292=CARTESIAN_POINT('',(0.,0.0271,0.1143));
#4293=CARTESIAN_POINT('',(0.,-0.132447459959984,0.07225));
#4294=CARTESIAN_POINT('',(0.,-0.132447459959984,0.0683));
#4295=CARTESIAN_POINT('',(0.,-0.139871244592689,0.0683));
#4296=CARTESIAN_POINT('',(0.,-0.132447459959984,0.0762));
#4297=CARTESIAN_POINT('',(0.,-0.11825,0.0762));
#4298=CARTESIAN_POINT('',(4.9320830785347E-18,-0.11825,0.0762));
#4299=CARTESIAN_POINT('',(-0.000712577948115779,-0.11825,0.0762));
#4300=CARTESIAN_POINT('',(-0.00210694400795483,-0.118456971704369,0.0758050250808079));
#4301=CARTESIAN_POINT('',(-0.00309230582784915,-0.118870401045375,0.0748038875108519));
#4302=CARTESIAN_POINT('',(-0.00343511280746354,-0.119035929435267,0.0742));
#4303=CARTESIAN_POINT('',(-0.00343511280746354,-0.119035929435267,0.0742));
#4304=CARTESIAN_POINT('',(-0.00343511280746354,-0.132447459959984,0.0742));
#4305=CARTESIAN_POINT('',(-0.00343511280746354,-0.133264070564733,0.0742));
#4306=CARTESIAN_POINT('',(-0.00343511280746354,-0.133264070564733,0.0742));
#4307=CARTESIAN_POINT('',(-0.00309138017996261,-0.133430045914616,0.0748055181287546));
#4308=CARTESIAN_POINT('',(-0.00211128744493164,-0.133841519235633,0.0758013229306194));
#4309=CARTESIAN_POINT('',(-0.000714610980312988,-0.13405,0.0762));
#4310=CARTESIAN_POINT('',(-2.08347847403732E-18,-0.13405,0.0762));
#4311=CARTESIAN_POINT('',(0.,-0.13405,0.0762));
#4312=CARTESIAN_POINT('',(0.,-0.132447459959984,0.0762));
#4313=CARTESIAN_POINT('',(0.,-0.139457744410137,0.0762));
#4314=CARTESIAN_POINT('',(9.72092088639993E-18,-0.139457744410137,0.0762));
#4315=CARTESIAN_POINT('',(-0.00104914799976382,-0.139457744410137,0.0762));
#4316=CARTESIAN_POINT('',(-0.00308657959303099,-0.139853610354279,0.0753332015800461));
#4317=CARTESIAN_POINT('',(-0.00415778267897912,-0.140459023003167,0.0728070973176938));
#4318=CARTESIAN_POINT('',(-0.00374843586194796,-0.14040823526701,0.0707059082023479));
#4319=CARTESIAN_POINT('',(-0.00258110717688297,-0.140104619300014,0.0689492880860947));
#4320=CARTESIAN_POINT('',(-0.0010385071413608,-0.139871244592689,0.0683));
#4321=CARTESIAN_POINT('',(-1.09802248078564E-17,-0.139871244592689,0.0683));
#4322=CARTESIAN_POINT('',(-9.18485099360515E-19,-0.150594919919968,0.15));
#4323=CARTESIAN_POINT('',(0.,-0.150594919919968,-0.136577866226434));
#4324=CARTESIAN_POINT('',(-0.0115272037660756,-0.140996817329592,0.15));
#4325=CARTESIAN_POINT('',(-0.011487128960419,-0.141036445398272,0.148927173825867));
#4326=CARTESIAN_POINT('',(-0.0118854759859508,-0.1416080751478,0.147359340918797));
#4327=CARTESIAN_POINT('',(-0.0128501966023733,-0.143193417546736,0.146226807714927));
#4328=CARTESIAN_POINT('',(-0.0133261933545115,-0.144149716176462,0.14605));
#4329=CARTESIAN_POINT('',(-0.0135421290457082,-0.144640847047442,0.14605));
#4330=CARTESIAN_POINT('',(-0.0135421290457082,-0.144640847047442,0.14605));
#4331=CARTESIAN_POINT('',(-9.18485099360515E-19,-0.150594919919968,0.14605));
#4332=CARTESIAN_POINT('',(-0.0129042216796051,-0.157828266704518,0.14605));
#4333=CARTESIAN_POINT('',(-0.0129042216796051,-0.157828266704518,0.14605));
#4334=CARTESIAN_POINT('',(-0.0126418979196224,-0.15829624979056,0.14605));
#4335=CARTESIAN_POINT('',(-0.0120788861059238,-0.159197491678018,0.146225458553631));
#4336=CARTESIAN_POINT('',(-0.0109643509214123,-0.160685124470485,0.147354764331153));
#4337=CARTESIAN_POINT('',(-0.0105109021536816,-0.161217468484202,0.148926557043598));
#4338=CARTESIAN_POINT('',(-0.010546985727632,-0.161260804414989,0.15));
#4339=CARTESIAN_POINT('',(0.,-0.150594919919968,-0.136577866226434));
#4340=CARTESIAN_POINT('',(0.,-0.160594919919967,0.0544740445911884));
#4341=CARTESIAN_POINT('',(0.,-0.150594919919968,0.0544740445911884));
#4342=CARTESIAN_POINT('',(0.,-0.140594919919968,0.0544740445911884));
#4343=CARTESIAN_POINT('',(0.,-0.150594919919968,-0.136577866226434));
#4344=CARTESIAN_POINT('',(0.,-0.150594919919968,0.0544740445911884));
#4345=CARTESIAN_POINT('',(0.,-0.150594919919968,0.0544740445911884));
#4346=CARTESIAN_POINT('',(0.,0.132447459959984,0.07225));
#4347=CARTESIAN_POINT('',(0.,0.132447459959984,0.0762));
#4348=CARTESIAN_POINT('',(0.,0.132447459959984,0.0683));
#4349=CARTESIAN_POINT('',(0.,0.150594919919968,0.0544740445911884));
#4350=CARTESIAN_POINT('',(0.,0.150594919919968,0.0544740445911884));
#4351=CARTESIAN_POINT('',(0.,0.0799654676421721,0.1103));
#4352=CARTESIAN_POINT('',(0.,0.0799654676421721,0.1143));
#4353=CARTESIAN_POINT('',(-1.3036018417593E-17,0.0816014307849814,0.1143));
#4354=CARTESIAN_POINT('',(0.,0.0799654676421721,0.1063));
#4355=CARTESIAN_POINT('',(-5.0130332661204E-17,0.082468768712295,0.1063));
#4356=CARTESIAN_POINT('',(-4.94343711471896E-17,0.0824687687122951,0.1063));
#4357=CARTESIAN_POINT('',(-0.00105974952338118,0.0824687687122951,0.1063));
#4358=CARTESIAN_POINT('',(-0.00263159970961645,0.0826878290292665,0.106966254255238));
#4359=CARTESIAN_POINT('',(-0.00380986869599579,0.0829107773807392,0.108768615458004));
#4360=CARTESIAN_POINT('',(-0.00410540055083714,0.0828473503105087,0.110364383953335));
#4361=CARTESIAN_POINT('',(-0.00376605691319494,0.0825258345012943,0.111918317720587));
#4362=CARTESIAN_POINT('',(-0.00260334409296834,0.0819349674043235,0.113636124637932));
#4363=CARTESIAN_POINT('',(-0.00106097016815832,0.0816014307849814,0.1143));
#4364=CARTESIAN_POINT('',(-1.39593804898464E-17,0.0816014307849814,0.1143));
#4365=CARTESIAN_POINT('',(0.,0.0927309352843442,0.15));
#4366=CARTESIAN_POINT('',(0.,0.0927309352843442,0.0116456213650587));
#4367=CARTESIAN_POINT('',(0.,0.102730935284344,0.103881873788353));
#4368=CARTESIAN_POINT('',(-0.0113880590227899,0.102493727492184,0.15));
#4369=CARTESIAN_POINT('',(-0.0113057842635423,0.102409997066858,0.148921209367606));
#4370=CARTESIAN_POINT('',(-0.0116567734805916,0.101773826316547,0.147348968733809));
#4371=CARTESIAN_POINT('',(-0.0126002658628129,0.100142754737898,0.146224466479877));
#4372=CARTESIAN_POINT('',(-0.0130799510673902,0.0991764276700396,0.14605));
#4373=CARTESIAN_POINT('',(-0.0133012128727775,0.0986818755042808,0.14605));
#4374=CARTESIAN_POINT('',(-0.0133012128727775,0.0986818755042808,0.14605));
#4375=CARTESIAN_POINT('',(0.,0.0927309352843442,0.14605));
#4376=CARTESIAN_POINT('',(-0.0128666510424994,0.0858909612830231,0.14605));
#4377=CARTESIAN_POINT('',(-0.0128666510424994,0.0858909612830231,0.14605));
#4378=CARTESIAN_POINT('',(-0.0126122864004175,0.0854124768492248,0.14605));
#4379=CARTESIAN_POINT('',(-0.0120712771490563,0.084486114417116,0.146223093520975));
#4380=CARTESIAN_POINT('',(-0.0110179740986051,0.082920145657507,0.147343970708161));
#4381=CARTESIAN_POINT('',(-0.0106227262712372,0.0823069467784667,0.148920234765986));
#4382=CARTESIAN_POINT('',(-0.0106991975425861,0.0822177449053622,0.15));
#4383=CARTESIAN_POINT('',(0.,0.0927309352843442,0.0116456213650587));
#4384=CARTESIAN_POINT('',(0.,0.0927309352843442,0.0116456213650587));
#4385=CARTESIAN_POINT('',(0.,0.0827309352843443,0.103881873788353));
#4386=CARTESIAN_POINT('',(0.,0.0927309352843442,0.103881873788353));
#4387=CARTESIAN_POINT('',(0.,0.0927309352843442,0.103881873788353));
#4388=CARTESIAN_POINT('',(0.,0.0927309352843442,0.103881873788353));
#4389=CARTESIAN_POINT('',(0.,-0.0973825117994891,-2.000000000002E-6));
#4390=CARTESIAN_POINT('',(0.,-0.0948825117994891,-2.000000000002E-6));
#4391=CARTESIAN_POINT('',(0.,-0.0998825117994891,-2.000000000002E-6));
#4392=CARTESIAN_POINT('',(0.,-0.12615,0.1242));
#4393=CARTESIAN_POINT('',(0.,-0.13405,0.1242));
#4394=CARTESIAN_POINT('',(0.,-0.13405,0.1242));
#4395=CARTESIAN_POINT('',(0.,-0.12615,0.0742));
#4396=CARTESIAN_POINT('',(0.,-0.11825,0.1242));
#4397=CARTESIAN_POINT('',(0.,-0.11825,0.1242));
#4398=CARTESIAN_POINT('',(0.,-0.12615,0.1242));
#4399=CARTESIAN_POINT('',(0.,-0.12615,0.1242));
#4400=CARTESIAN_POINT('',(0.,-0.12615,0.1242));
#4401=CARTESIAN_POINT('',(-0.15,-5.55111512312578E-17,0.15));
#4402=CARTESIAN_POINT('',(0.,0.1143,2.14313189850787E-18));
#4403=CARTESIAN_POINT('',(0.,0.10235,2.14313189850787E-18));
#4404=CARTESIAN_POINT('',(0.,0.0589395641738213,2.14313189850787E-18));
#4405=CARTESIAN_POINT('',(0.,0.1143,2.14313189850787E-18));
#4406=CARTESIAN_POINT('',(0.,-0.0589395641738213,2.14313189850787E-18));
#4407=CARTESIAN_POINT('',(0.,-0.10235,2.14313189850787E-18));
#4408=CARTESIAN_POINT('',(3.02089749179674E-18,0.,0.));
#4409=CARTESIAN_POINT('',(3.02089749179674E-18,0.0226577581993648,0.));
#4410=CARTESIAN_POINT('',(-0.0375125873775465,0.0226577581993687,0.0226577581993648));
#4411=CARTESIAN_POINT('',(3.02089749179674E-18,0.,0.0226577581993648));
#4412=CARTESIAN_POINT('',(-0.0375125873775489,-0.0226577581993648,0.0226577581993648));
#4413=CARTESIAN_POINT('',(3.02089749179674E-18,-0.0226577581993648,0.));
#4414=CARTESIAN_POINT('',(0.,-0.0589395641738213,2.14313189850787E-18));
#4415=CARTESIAN_POINT('',(-0.0975813905158151,-0.0589395641738213,0.0589395641738213));
#4416=CARTESIAN_POINT('',(0.,0.0589395641738213,2.14313189850787E-18));
#4417=CARTESIAN_POINT('',(-0.097581390515815,0.0589395641738213,0.0589395641738214));
#4418=CARTESIAN_POINT('',(0.,-0.10235,2.14313189850787E-18));
#4419=CARTESIAN_POINT('',(0.,0.10235,2.14313189850787E-18));
#4420=CARTESIAN_POINT('',(0.,2.14313189850787E-18,0.1143));
#4421=CARTESIAN_POINT('',(0.,2.14313189850787E-18,0.0589395641738213));
#4422=CARTESIAN_POINT('',(0.,2.14313189850787E-18,0.10235));
#4423=CARTESIAN_POINT('',(-0.097581390515815,-0.0589395641738213,0.0589395641738214));
#4424=CARTESIAN_POINT('',(-0.097581390515815,-0.0589395641738214,0.0589395641738213));
#4425=CARTESIAN_POINT('',(0.,2.14313189850787E-18,0.0589395641738213));
#4426=CARTESIAN_POINT('',(-0.0975813905158089,0.0589395641738315,0.0589395641738213));
#4427=CARTESIAN_POINT('',(-0.097581390515815,0.0589395641738214,0.0589395641738214));
#4428=CARTESIAN_POINT('',(0.,2.14313189850787E-18,0.10235));
#4429=CARTESIAN_POINT('',(2.77555756156289E-17,-2.77555756156289E-17,0.14605));
#4430=CARTESIAN_POINT('',(-0.0220741894937076,-0.151662701824613,0.14605));
#4431=CARTESIAN_POINT('',(-0.0220741894937076,-0.151662701824613,0.15));
#4432=CARTESIAN_POINT('',(2.77555756156289E-17,2.77555756156289E-17,0.14605));
#4433=CARTESIAN_POINT('',(-0.0220741894937076,0.151662701824613,0.14605));
#4434=CARTESIAN_POINT('',(-0.0220741894937076,0.151662701824613,0.15));
#4435=CARTESIAN_POINT('',(2.77555756156289E-17,-2.77555756156289E-17,0.14605));
#4436=CARTESIAN_POINT('',(-0.022087256565376,0.0919805371132018,0.14605));
#4437=CARTESIAN_POINT('',(-0.022087256565376,0.0919805371132018,0.15));
#4438=CARTESIAN_POINT('',(-0.0878898232609384,-0.165979227275823,0.05));
#4439=CARTESIAN_POINT('',(-0.0878898232609384,-0.165979227275823,0.05));
#4440=CARTESIAN_POINT('',(-0.0979398232609384,-0.165979227275823,0.05));
#4441=CARTESIAN_POINT('',(-0.0878898232609384,-0.165979227275823,0.05));
#4442=CARTESIAN_POINT('',(-0.0878898232609384,0.165979227275823,0.05));
#4443=CARTESIAN_POINT('',(-0.0878898232609384,0.165979227275823,0.05));
#4444=CARTESIAN_POINT('',(-0.0979398232609384,0.165979227275823,0.05));
#4445=CARTESIAN_POINT('',(-0.0878898232609384,0.165979227275823,0.05));
#4446=CARTESIAN_POINT('',(0.,-0.12615,0.0742));
#4447=CARTESIAN_POINT('',(0.,0.,0.));
#4448=CARTESIAN_POINT('',(0.,0.,0.));
#4449=CARTESIAN_POINT('',(0.,0.,0.));
#4450=CARTESIAN_POINT('',(0.,0.,0.));
#4451=CARTESIAN_POINT('',(0.,0.,0.));
#4452=CARTESIAN_POINT('',(0.,0.,0.));
#4453=CARTESIAN_POINT('',(0.,0.,0.));
#4454=CARTESIAN_POINT('',(0.,-0.144952752898668,-0.0519583948445939));
#4455=CARTESIAN_POINT('',(0.,-0.148678508383167,-0.0552928732250494));
#4456=CARTESIAN_POINT('',(0.,-0.141226997414169,-0.0486239164641385));
#4457=CARTESIAN_POINT('',(0.,-0.141226997414169,-0.0486239164641385));
#4458=CARTESIAN_POINT('',(0.,-0.12542156989081,-0.0662839974606642));
#4459=CARTESIAN_POINT('',(0.,-0.123260631709801,-0.06435));
#4460=CARTESIAN_POINT('',(0.,-0.123260631709801,-0.06725));
#4461=CARTESIAN_POINT('',(0.,-0.123260631709801,-0.06725));
#4462=CARTESIAN_POINT('',(0.,-0.1143,-0.06725));
#4463=CARTESIAN_POINT('',(0.,-0.1143,0.));
#4464=CARTESIAN_POINT('',(0.,-0.1143,-0.0271));
#4465=CARTESIAN_POINT('',(0.,0.1143,-0.0271));
#4466=CARTESIAN_POINT('',(0.,-0.1301,-0.0271));
#4467=CARTESIAN_POINT('',(0.,-0.1301,1.65939641284466E-18));
#4468=CARTESIAN_POINT('',(0.,-0.1301,0.));
#4469=CARTESIAN_POINT('',(0.,-2.77555756156289E-17,0.));
#4470=CARTESIAN_POINT('',(0.,-0.2,0.));
#4471=CARTESIAN_POINT('',(0.,-0.2,-0.15));
#4472=CARTESIAN_POINT('',(0.,-0.2,-0.15));
#4473=CARTESIAN_POINT('',(0.,-2.77555756156289E-17,-0.15));
#4474=CARTESIAN_POINT('',(0.,0.2,-0.15));
#4475=CARTESIAN_POINT('',(0.,0.2,-0.15));
#4476=CARTESIAN_POINT('',(0.,0.2,0.));
#4477=CARTESIAN_POINT('',(0.,-2.77555756156289E-17,0.));
#4478=CARTESIAN_POINT('',(0.,0.1301,0.));
#4479=CARTESIAN_POINT('',(0.,0.1301,1.65939641284466E-18));
#4480=CARTESIAN_POINT('',(0.,0.1301,-0.0271));
#4481=CARTESIAN_POINT('',(0.,0.1143,-0.0271));
#4482=CARTESIAN_POINT('',(0.,0.1143,-0.0271));
#4483=CARTESIAN_POINT('',(0.,0.1143,0.));
#4484=CARTESIAN_POINT('',(0.,0.1143,-0.06725));
#4485=CARTESIAN_POINT('',(0.,0.123260631709801,-0.06725));
#4486=CARTESIAN_POINT('',(0.,0.123260631709801,-0.06725));
#4487=CARTESIAN_POINT('',(0.,0.123260631709801,-0.06435));
#4488=CARTESIAN_POINT('',(0.,0.12542156989081,-0.0662839974606642));
#4489=CARTESIAN_POINT('',(0.,0.141226997414169,-0.0486239164641385));
#4490=CARTESIAN_POINT('',(0.,0.141226997414169,-0.0486239164641385));
#4491=CARTESIAN_POINT('',(0.,0.144952752898668,-0.0519583948445939));
#4492=CARTESIAN_POINT('',(0.,0.148678508383167,-0.0552928732250494));
#4493=CARTESIAN_POINT('',(0.,0.148678508383167,-0.0552928732250494));
#4494=CARTESIAN_POINT('',(0.,0.132873080859808,-0.0729529542215751));
#4495=CARTESIAN_POINT('',(0.,0.123260631709801,-0.06435));
#4496=CARTESIAN_POINT('',(0.,0.123260631709801,-0.07725));
#4497=CARTESIAN_POINT('',(0.,0.123260631709801,-0.07725));
#4498=CARTESIAN_POINT('',(0.,0.1143,-0.07725));
#4499=CARTESIAN_POINT('',(0.,0.1143,-0.07225));
#4500=CARTESIAN_POINT('',(0.,0.1143,-0.0762));
#4501=CARTESIAN_POINT('',(0.,0.1063,-0.0762));
#4502=CARTESIAN_POINT('',(0.,0.1063,-0.0762));
#4503=CARTESIAN_POINT('',(0.,0.1063,0.000133533074533093));
#4504=CARTESIAN_POINT('',(0.,0.1063,-0.03895));
#4505=CARTESIAN_POINT('',(0.,0.10235,-0.03895));
#4506=CARTESIAN_POINT('',(0.,0.10235,-0.035));
#4507=CARTESIAN_POINT('',(0.,0.1143,-0.035));
#4508=CARTESIAN_POINT('',(0.,0.0589395641738213,-0.035));
#4509=CARTESIAN_POINT('',(0.,0.0589395641738213,-0.114));
#4510=CARTESIAN_POINT('',(0.,0.0226577581993648,-0.0438242879962598));
#4511=CARTESIAN_POINT('',(0.,0.,0.));
#4512=CARTESIAN_POINT('',(0.,-0.0226577581993648,-0.0438242879962598));
#4513=CARTESIAN_POINT('',(0.,-0.0589395641738213,-0.114));
#4514=CARTESIAN_POINT('',(0.,-0.0589395641738213,-0.035));
#4515=CARTESIAN_POINT('',(0.,0.1143,-0.035));
#4516=CARTESIAN_POINT('',(0.,-0.10235,-0.035));
#4517=CARTESIAN_POINT('',(0.,-0.10235,-0.03895));
#4518=CARTESIAN_POINT('',(0.,-0.1063,-0.03895));
#4519=CARTESIAN_POINT('',(0.,-0.1063,0.000133533074533093));
#4520=CARTESIAN_POINT('',(0.,-0.1063,-0.0762));
#4521=CARTESIAN_POINT('',(0.,-0.1063,-0.0762));
#4522=CARTESIAN_POINT('',(0.,-0.1143,-0.0762));
#4523=CARTESIAN_POINT('',(0.,-0.1143,-0.07225));
#4524=CARTESIAN_POINT('',(0.,-0.1143,-0.07725));
#4525=CARTESIAN_POINT('',(0.,-0.123260631709801,-0.07725));
#4526=CARTESIAN_POINT('',(0.,-0.123260631709801,-0.07725));
#4527=CARTESIAN_POINT('',(0.,-0.123260631709801,-0.06435));
#4528=CARTESIAN_POINT('',(0.,-0.132873080859808,-0.0729529542215751));
#4529=CARTESIAN_POINT('',(0.,-0.148678508383167,-0.0552928732250494));
#4530=CARTESIAN_POINT('',(0.,0.1143,0.));
#4531=CARTESIAN_POINT('',(0.,0.1143,-0.07225));
#4532=CARTESIAN_POINT('',(-0.00314754568782322,0.1143,-0.076134965397924));
#4533=CARTESIAN_POINT('',(0.,0.1143,1.65939641284466E-18));
#4534=CARTESIAN_POINT('',(-0.0271,0.1143,0.));
#4535=CARTESIAN_POINT('',(2.77555756156289E-17,0.1143,0.));
#4536=CARTESIAN_POINT('',(-0.0762,0.1143,0.));
#4537=CARTESIAN_POINT('',(5.93760482826907E-17,0.1143,-3.81639164714897E-17));
#4538=CARTESIAN_POINT('',(0.,-0.1143,0.));
#4539=CARTESIAN_POINT('',(0.,-0.1143,-0.07225));
#4540=CARTESIAN_POINT('',(-0.00314754568782322,-0.1143,-0.076134965397924));
#4541=CARTESIAN_POINT('',(5.93760482826907E-17,-0.1143,-3.81639164714897E-17));
#4542=CARTESIAN_POINT('',(-0.0762,-0.1143,0.));
#4543=CARTESIAN_POINT('',(2.77555756156289E-17,-0.1143,0.));
#4544=CARTESIAN_POINT('',(-0.0271,-0.1143,0.));
#4545=CARTESIAN_POINT('',(0.,-0.1143,1.65939641284466E-18));
#4546=CARTESIAN_POINT('',(2.77555756156289E-17,-2.77555756156289E-17,0.));
#4547=CARTESIAN_POINT('',(-0.0878898232609384,-0.165979227275823,0.));
#4548=CARTESIAN_POINT('',(-0.0979398232609384,-0.165979227275823,0.));
#4549=CARTESIAN_POINT('',(-0.0878898232609384,0.165979227275823,0.));
#4550=CARTESIAN_POINT('',(-0.0979398232609384,0.165979227275823,0.));
#4551=CARTESIAN_POINT('',(2.77555756156289E-17,-0.2,0.));
#4552=CARTESIAN_POINT('',(-0.15,-0.2,0.));
#4553=CARTESIAN_POINT('',(2.77555756156289E-17,-0.1301,0.));
#4554=CARTESIAN_POINT('',(-0.0271,-0.1301,0.));
#4555=CARTESIAN_POINT('',(-0.0271,0.1143,0.));
#4556=CARTESIAN_POINT('',(-0.0762,-0.1063,0.));
#4557=CARTESIAN_POINT('',(-0.0762,-0.1063,0.));
#4558=CARTESIAN_POINT('',(2.77555756156289E-17,-0.1063,0.));
#4559=CARTESIAN_POINT('',(-0.03895,-0.1063,2.14313189850787E-18));
#4560=CARTESIAN_POINT('',(-0.03895,-0.10235,2.14313189850787E-18));
#4561=CARTESIAN_POINT('',(-0.035,-0.10235,2.14313189850787E-18));
#4562=CARTESIAN_POINT('',(-0.035,0.1143,0.));
#4563=CARTESIAN_POINT('',(-0.035,-0.0589395641738213,2.14313189850787E-18));
#4564=CARTESIAN_POINT('',(-0.114,-0.0589395641738213,2.14313189850787E-18));
#4565=CARTESIAN_POINT('',(-0.0438242879962598,-0.0226577581993648,2.14313189850787E-18));
#4566=CARTESIAN_POINT('',(3.02089749179674E-18,0.,0.));
#4567=CARTESIAN_POINT('',(-0.0438242879962598,0.0226577581993648,2.14313189850787E-18));
#4568=CARTESIAN_POINT('',(-0.114,0.0589395641738213,2.14313189850787E-18));
#4569=CARTESIAN_POINT('',(-0.035,0.0589395641738213,2.14313189850787E-18));
#4570=CARTESIAN_POINT('',(-0.035,0.1143,0.));
#4571=CARTESIAN_POINT('',(-0.035,0.10235,2.14313189850787E-18));
#4572=CARTESIAN_POINT('',(-0.03895,0.10235,2.14313189850787E-18));
#4573=CARTESIAN_POINT('',(-0.03895,0.1063,2.14313189850787E-18));
#4574=CARTESIAN_POINT('',(2.77555756156289E-17,0.1063,0.));
#4575=CARTESIAN_POINT('',(-0.0762,0.1063,0.));
#4576=CARTESIAN_POINT('',(-0.0762,0.1063,0.));
#4577=CARTESIAN_POINT('',(-0.0271,0.1143,0.));
#4578=CARTESIAN_POINT('',(-0.0271,0.1301,0.));
#4579=CARTESIAN_POINT('',(2.77555756156289E-17,0.1301,0.));
#4580=CARTESIAN_POINT('',(5.55111512312578E-17,0.2,0.));
#4581=CARTESIAN_POINT('',(-0.15,0.2,0.));
#4582=CARTESIAN_POINT('',(-0.15,-5.55111512312578E-17,0.));
#4583=CARTESIAN_POINT('',(2.77555756156289E-17,-0.2,-0.15));
#4584=CARTESIAN_POINT('',(-0.15,-0.2,-0.15));
#4585=CARTESIAN_POINT('',(-0.15,-0.2,-0.15));
#4586=CARTESIAN_POINT('',(2.77555756156289E-17,-0.2,-0.15));
#4587=CARTESIAN_POINT('',(5.55111512312578E-17,0.2,-0.15));
#4588=CARTESIAN_POINT('',(5.55111512312578E-17,0.2,-0.15));
#4589=CARTESIAN_POINT('',(-0.15,0.2,-0.15));
#4590=CARTESIAN_POINT('',(-0.15,0.2,-0.15));
#4591=CARTESIAN_POINT('',(2.77555756156289E-17,-2.77555756156289E-17,-0.15));
#4592=CARTESIAN_POINT('',(-0.15,-5.55111512312578E-17,-0.15));
#4593=CARTESIAN_POINT('',(0.,0.1143,2.14313189850787E-18));
#4594=CARTESIAN_POINT('',(0.,0.10235,2.14313189850787E-18));
#4595=CARTESIAN_POINT('',(0.,0.0589395641738213,2.14313189850787E-18));
#4596=CARTESIAN_POINT('',(0.,0.1143,2.14313189850787E-18));
#4597=CARTESIAN_POINT('',(0.,-0.0589395641738213,2.14313189850787E-18));
#4598=CARTESIAN_POINT('',(0.,-0.10235,2.14313189850787E-18));
#4599=CARTESIAN_POINT('',(3.02089749179674E-18,0.,0.));
#4600=CARTESIAN_POINT('',(3.02089749179674E-18,-0.0226577581993648,0.));
#4601=CARTESIAN_POINT('',(3.02089749179674E-18,0.0226577581993648,0.));
#4602=CARTESIAN_POINT('',(0.,-0.0589395641738213,2.14313189850787E-18));
#4603=CARTESIAN_POINT('',(0.,0.0589395641738213,2.14313189850787E-18));
#4604=CARTESIAN_POINT('',(-0.00441742500968223,-0.1063,0.000133533074533093));
#4605=CARTESIAN_POINT('',(5.93760482826907E-17,-0.1063,-3.81639164714897E-17));
#4606=CARTESIAN_POINT('',(0.,-0.1063,2.14313189850787E-18));
#4607=CARTESIAN_POINT('',(5.93760482826907E-17,-0.1063,-3.81639164714897E-17));
#4608=CARTESIAN_POINT('',(5.93760482826907E-17,-0.1143,-3.81639164714897E-17));
#4609=CARTESIAN_POINT('',(-0.00441742500968223,0.1063,0.000133533074533093));
#4610=CARTESIAN_POINT('',(0.,0.1063,2.14313189850787E-18));
#4611=CARTESIAN_POINT('',(5.93760482826907E-17,0.1063,-3.81639164714897E-17));
#4612=CARTESIAN_POINT('',(5.93760482826907E-17,0.1063,-3.81639164714897E-17));
#4613=CARTESIAN_POINT('',(5.93760482826907E-17,0.1143,-3.81639164714897E-17));
#4614=CARTESIAN_POINT('',(0.,-0.10235,2.14313189850787E-18));
#4615=CARTESIAN_POINT('',(0.,0.10235,2.14313189850787E-18));
#4616=CARTESIAN_POINT('',(0.,0.1301,1.65939641284466E-18));
#4617=CARTESIAN_POINT('',(0.,0.1301,1.65939641284466E-18));
#4618=CARTESIAN_POINT('',(0.,0.1143,1.65939641284466E-18));
#4619=CARTESIAN_POINT('',(0.,0.1143,1.65939641284466E-18));
#4620=CARTESIAN_POINT('',(0.,-0.1301,1.65939641284466E-18));
#4621=CARTESIAN_POINT('',(0.,-0.1301,1.65939641284466E-18));
#4622=CARTESIAN_POINT('',(0.,-0.144952752898668,-0.0519583948445939));
#4623=CARTESIAN_POINT('',(0.,-0.144952752898668,-0.0519583948445939));
#4624=CARTESIAN_POINT('',(0.,-0.1143,-0.07225));
#4625=CARTESIAN_POINT('',(0.,-0.1143,-0.07225));
#4626=CARTESIAN_POINT('',(0.,-0.144952752898668,-0.0519583948445939));
#4627=CARTESIAN_POINT('',(0.,-0.129147325375309,-0.0696184758411197));
#4628=CARTESIAN_POINT('',(0.,-0.123260631709801,-0.06435));
#4629=CARTESIAN_POINT('',(0.,-0.123260631709801,-0.07225));
#4630=CARTESIAN_POINT('',(0.,-0.123260631709801,-0.07225));
#4631=CARTESIAN_POINT('',(0.,0.1143,-0.07225));
#4632=CARTESIAN_POINT('',(0.,0.1143,-0.07225));
#4633=CARTESIAN_POINT('',(0.,0.144952752898668,-0.0519583948445939));
#4634=CARTESIAN_POINT('',(0.,0.144952752898668,-0.0519583948445939));
#4635=CARTESIAN_POINT('',(0.,0.144952752898668,-0.0519583948445939));
#4636=CARTESIAN_POINT('',(0.,0.129147325375309,-0.0696184758411197));
#4637=CARTESIAN_POINT('',(0.,0.123260631709801,-0.06435));
#4638=CARTESIAN_POINT('',(0.,0.123260631709801,-0.07225));
#4639=CARTESIAN_POINT('',(0.,0.123260631709801,-0.07225));
#4640=CARTESIAN_POINT('',(-0.15,-5.55111512312578E-17,-0.15));
#4641=CARTESIAN_POINT('',(-0.0878898232609384,-0.165979227275823,-0.05));
#4642=CARTESIAN_POINT('',(-0.0878898232609384,-0.165979227275823,-0.05));
#4643=CARTESIAN_POINT('',(-0.0978898232609384,-0.165979227275823,-0.05));
#4644=CARTESIAN_POINT('',(-0.0878898232609384,-0.165979227275823,0.));
#4645=CARTESIAN_POINT('',(-0.0978898232609384,-0.165979227275823,0.));
#4646=CARTESIAN_POINT('',(-0.0878898232609384,-0.165979227275823,-0.05));
#4647=CARTESIAN_POINT('',(-0.0878898232609384,-0.165979227275823,-0.05));
#4648=CARTESIAN_POINT('',(-0.0979398232609384,-0.165979227275823,-0.05));
#4649=CARTESIAN_POINT('',(-0.0878898232609384,-0.165979227275823,-0.05));
#4650=CARTESIAN_POINT('',(2.77555756156289E-17,-2.77555756156289E-17,0.));
#4651=CARTESIAN_POINT('',(-0.0878898232609384,0.165979227275823,-0.05));
#4652=CARTESIAN_POINT('',(-0.0878898232609384,0.165979227275823,-0.05));
#4653=CARTESIAN_POINT('',(-0.0978898232609384,0.165979227275823,-0.05));
#4654=CARTESIAN_POINT('',(-0.0878898232609384,0.165979227275823,0.));
#4655=CARTESIAN_POINT('',(-0.0978898232609384,0.165979227275823,0.));
#4656=CARTESIAN_POINT('',(-0.0878898232609384,0.165979227275823,-0.05));
#4657=CARTESIAN_POINT('',(-0.0878898232609384,0.165979227275823,-0.05));
#4658=CARTESIAN_POINT('',(-0.0979398232609384,0.165979227275823,-0.05));
#4659=CARTESIAN_POINT('',(-0.0878898232609384,0.165979227275823,-0.05));
#4660=CARTESIAN_POINT('',(2.77555756156289E-17,-2.77555756156289E-17,0.));
#4661=CARTESIAN_POINT('',(0.,0.,0.));
#4662=CARTESIAN_POINT('',(0.,0.,0.));
#4663=CARTESIAN_POINT('',(0.,0.2579,-0.0372832572248521));
#4664=CARTESIAN_POINT('',(0.,0.2579,-0.0472832572248521));
#4665=CARTESIAN_POINT('',(-0.0612333333333333,0.2579,-0.0372832572248521));
#4666=CARTESIAN_POINT('',(-0.0612333333333333,0.2579,-0.0372832572248521));
#4667=CARTESIAN_POINT('',(-0.0612333333333333,0.2479,-0.0372832572248521));
#4668=CARTESIAN_POINT('',(-5.55111512312578E-17,-0.2079,2.000000000002E-6));
#4669=CARTESIAN_POINT('',(-0.0812333333333333,-0.2079,-0.0372832572248521));
#4670=CARTESIAN_POINT('',(-0.0712333333333333,-0.2079,-0.0372832572248521));
#4671=CARTESIAN_POINT('',(-5.55111512312578E-17,-0.2079,-0.1421));
#4672=CARTESIAN_POINT('',(-0.1421,-0.2079,-0.1421));
#4673=CARTESIAN_POINT('',(0.,-0.2079,-0.1421));
#4674=CARTESIAN_POINT('',(0.,-0.2079,2.000000000002E-6));
#4675=CARTESIAN_POINT('',(0.,-0.2079,0.));
#4676=CARTESIAN_POINT('',(-5.55111512312578E-17,-0.2079,0.));
#4677=CARTESIAN_POINT('',(-0.1421,-0.2079,0.));
#4678=CARTESIAN_POINT('',(-0.1421,-0.2079,-0.1579));
#4679=CARTESIAN_POINT('',(2.77555756156289E-17,-2.77555756156289E-17,0.));
#4680=CARTESIAN_POINT('',(0.,-2.77555756156289E-17,0.));
#4681=CARTESIAN_POINT('',(0.,-0.2,0.));
#4682=CARTESIAN_POINT('',(2.77555756156289E-17,-0.2,0.));
#4683=CARTESIAN_POINT('',(-0.15,-0.2,0.));
#4684=CARTESIAN_POINT('',(-0.15,-5.55111512312578E-17,0.));
#4685=CARTESIAN_POINT('',(-0.15,0.2,0.));
#4686=CARTESIAN_POINT('',(5.55111512312578E-17,0.2,0.));
#4687=CARTESIAN_POINT('',(0.,0.2,0.));
#4688=CARTESIAN_POINT('',(0.,-2.77555756156289E-17,0.));
#4689=CARTESIAN_POINT('',(0.,0.2079,0.));
#4690=CARTESIAN_POINT('',(5.55111512312578E-17,0.2079,0.));
#4691=CARTESIAN_POINT('',(-0.1421,0.2079,0.));
#4692=CARTESIAN_POINT('',(-0.1421,0.1921,0.));
#4693=CARTESIAN_POINT('',(-0.1579,0.1921,0.));
#4694=CARTESIAN_POINT('',(-0.1579,0.00395,0.));
#4695=CARTESIAN_POINT('',(-0.1579,-0.1921,0.));
#4696=CARTESIAN_POINT('',(-0.1421,-0.1921,0.));
#4697=CARTESIAN_POINT('',(2.77555756156289E-17,-0.2,2.000000000002E-6));
#4698=CARTESIAN_POINT('',(0.,-0.2,2.000000000002E-6));
#4699=CARTESIAN_POINT('',(0.,-0.2,-0.15));
#4700=CARTESIAN_POINT('',(2.77555756156289E-17,-0.2,-0.15));
#4701=CARTESIAN_POINT('',(-0.15,-0.2,-0.15));
#4702=CARTESIAN_POINT('',(-0.15,-0.2,2.000000000002E-6));
#4703=CARTESIAN_POINT('',(5.55111512312578E-17,0.2,2.000000000002E-6));
#4704=CARTESIAN_POINT('',(5.55111512312578E-17,0.2,-0.15));
#4705=CARTESIAN_POINT('',(0.,0.2,-0.15));
#4706=CARTESIAN_POINT('',(-0.15,0.2,-0.15));
#4707=CARTESIAN_POINT('',(0.,0.2,2.000000000002E-6));
#4708=CARTESIAN_POINT('',(-0.15,0.2,2.000000000002E-6));
#4709=CARTESIAN_POINT('',(5.55111512312578E-17,0.2079,2.000000000002E-6));
#4710=CARTESIAN_POINT('',(-0.0812333333333333,0.2079,-0.0372832572248521));
#4711=CARTESIAN_POINT('',(-0.0712333333333333,0.2079,-0.0372832572248521));
#4712=CARTESIAN_POINT('',(0.,0.2079,2.000000000002E-6));
#4713=CARTESIAN_POINT('',(0.,0.2079,-0.1421));
#4714=CARTESIAN_POINT('',(-0.1579,0.2079,-0.1421));
#4715=CARTESIAN_POINT('',(-0.1421,0.2079,-0.1421));
#4716=CARTESIAN_POINT('',(-0.1421,0.2079,2.000000000002E-6));
#4717=CARTESIAN_POINT('',(-2.77555756156289E-17,2.77555756156289E-17,-0.1579));
#4718=CARTESIAN_POINT('',(0.1579,0.1921,-0.1579));
#4719=CARTESIAN_POINT('',(-0.1421,0.1921,-0.1579));
#4720=CARTESIAN_POINT('',(0.,0.1921,-0.1579));
#4721=CARTESIAN_POINT('',(0.,2.77555756156289E-17,-0.1579));
#4722=CARTESIAN_POINT('',(0.,-0.1921,-0.1579));
#4723=CARTESIAN_POINT('',(-6.15228085210267E-17,-0.1921,-0.1579));
#4724=CARTESIAN_POINT('',(-0.1421,-0.1921,-0.1579));
#4725=CARTESIAN_POINT('',(-0.1421,0.2079,-0.1579));
#4726=CARTESIAN_POINT('',(-2.77555756156289E-17,2.77555756156289E-17,-0.15));
#4727=CARTESIAN_POINT('',(0.,2.77555756156289E-17,-0.15));
#4728=CARTESIAN_POINT('',(-0.15,-5.55111512312578E-17,-0.15));
#4729=CARTESIAN_POINT('',(-0.0612333333333333,-0.2579,-0.0372832572248521));
#4730=CARTESIAN_POINT('',(-0.0612333333333333,-0.2579,-0.0372832572248521));
#4731=CARTESIAN_POINT('',(-0.0612333333333333,-0.2479,-0.0372832572248521));
#4732=CARTESIAN_POINT('',(0.,-0.2579,-0.0372832572248521));
#4733=CARTESIAN_POINT('',(0.,-0.2579,-0.0472832572248521));
#4734=CARTESIAN_POINT('',(-6.15228085210267E-17,-0.1921,-0.1421));
#4735=CARTESIAN_POINT('',(0.,-0.1921,-0.1421));
#4736=CARTESIAN_POINT('',(-0.1421,-0.1921,-0.1421));
#4737=CARTESIAN_POINT('',(5.82884665873499E-17,0.1921,-0.1421));
#4738=CARTESIAN_POINT('',(0.,0.1921,-0.1421));
#4739=CARTESIAN_POINT('',(-0.1421,0.1921,-0.1421));
#4740=CARTESIAN_POINT('',(-0.0612333333333333,0.2379,-0.0372832572248521));
#4741=CARTESIAN_POINT('',(-0.0812333333333333,0.2379,-0.0372832572248521));
#4742=CARTESIAN_POINT('',(-0.0712333333333333,0.2379,-0.0372832572248521));
#4743=CARTESIAN_POINT('',(-0.0812333333333333,0.2079,-0.0372832572248521));
#4744=CARTESIAN_POINT('',(-0.1579,0.00395,2.000000000002E-6));
#4745=CARTESIAN_POINT('',(-0.1579,-0.2079,-0.1421));
#4746=CARTESIAN_POINT('',(-0.1579,0.1921,-0.1421));
#4747=CARTESIAN_POINT('',(-0.1579,-0.1921,-0.1421));
#4748=CARTESIAN_POINT('',(-0.1579,-0.1921,0.));
#4749=CARTESIAN_POINT('',(-0.1579,0.1921,2.000000000002E-6));
#4750=CARTESIAN_POINT('',(-0.15,-5.55111512312578E-17,2.000000000002E-6));
#4751=CARTESIAN_POINT('',(-0.0612333333333333,-0.2379,-0.0372832572248521));
#4752=CARTESIAN_POINT('',(-0.0812333333333333,-0.2379,-0.0372832572248521));
#4753=CARTESIAN_POINT('',(-0.0712333333333333,-0.2379,-0.0372832572248521));
#4754=CARTESIAN_POINT('',(-0.0812333333333333,-0.2079,-0.0372832572248521));
#4755=CARTESIAN_POINT('',(-0.1421,-0.1921,2.000000000002E-6));
#4756=CARTESIAN_POINT('',(-0.1421,-0.1921,-0.1421));
#4757=CARTESIAN_POINT('',(-0.1421,-0.1921,-0.1421));
#4758=CARTESIAN_POINT('',(-0.1421,-0.1921,-0.1421));
#4759=CARTESIAN_POINT('',(-0.1421,0.1921,2.000000000002E-6));
#4760=CARTESIAN_POINT('',(-0.1421,0.1921,-0.1421));
#4761=CARTESIAN_POINT('',(-0.1421,0.00395,-0.1421));
#4762=CARTESIAN_POINT('',(-0.1421,0.1921,-0.1421));
#4763=CARTESIAN_POINT('',(-0.1421,0.1921,-0.1421));
#4764=CARTESIAN_POINT('',(0.,0.,0.));
#4765=CARTESIAN_POINT('',(0.,0.,0.));
#4766=CARTESIAN_POINT('',(0.,0.,0.));
#4767=CARTESIAN_POINT('',(0.,0.,0.));
#4768=CARTESIAN_POINT('',(0.,0.2579,0.0372832572248521));
#4769=CARTESIAN_POINT('',(0.,0.2579,0.0272832572248521));
#4770=CARTESIAN_POINT('',(-0.0612333333333333,0.2579,0.0372832572248521));
#4771=CARTESIAN_POINT('',(-0.0612333333333333,0.2579,0.0372832572248521));
#4772=CARTESIAN_POINT('',(-0.0612333333333333,0.2479,0.0372832572248521));
#4773=CARTESIAN_POINT('',(5.55111512312578E-17,0.2079,-2.000000000002E-6));
#4774=CARTESIAN_POINT('',(-0.0812333333333333,0.2079,0.0372832572248521));
#4775=CARTESIAN_POINT('',(-0.0712333333333333,0.2079,0.0372832572248521));
#4776=CARTESIAN_POINT('',(5.55111512312578E-17,0.2079,0.15));
#4777=CARTESIAN_POINT('',(0.,0.2079,0.15));
#4778=CARTESIAN_POINT('',(-0.1421,0.2079,0.15));
#4779=CARTESIAN_POINT('',(0.,0.2079,-2.000000000002E-6));
#4780=CARTESIAN_POINT('',(0.,0.2079,0.));
#4781=CARTESIAN_POINT('',(5.55111512312578E-17,0.2079,0.));
#4782=CARTESIAN_POINT('',(-0.1421,0.2079,0.));
#4783=CARTESIAN_POINT('',(-0.1421,0.2079,-2.000000000002E-6));
#4784=CARTESIAN_POINT('',(-0.0612333333333333,-0.2579,0.0372832572248521));
#4785=CARTESIAN_POINT('',(-0.0612333333333333,-0.2579,0.0372832572248521));
#4786=CARTESIAN_POINT('',(-0.0612333333333333,-0.2479,0.0372832572248521));
#4787=CARTESIAN_POINT('',(0.,-0.2579,0.0372832572248521));
#4788=CARTESIAN_POINT('',(0.,-0.2579,0.0272832572248521));
#4789=CARTESIAN_POINT('',(0.,-0.2079,-2.000000000002E-6));
#4790=CARTESIAN_POINT('',(-0.0812333333333333,-0.2079,0.0372832572248521));
#4791=CARTESIAN_POINT('',(-0.0712333333333333,-0.2079,0.0372832572248521));
#4792=CARTESIAN_POINT('',(0.,-0.2079,-2.000000000002E-6));
#4793=CARTESIAN_POINT('',(0.,-0.2079,0.15));
#4794=CARTESIAN_POINT('',(0.,-0.2079,0.));
#4795=CARTESIAN_POINT('',(0.,-0.2079,0.15));
#4796=CARTESIAN_POINT('',(-0.1421,-0.2079,0.15));
#4797=CARTESIAN_POINT('',(-0.1421,-0.2079,0.));
#4798=CARTESIAN_POINT('',(-0.1421,-0.2079,0.));
#4799=CARTESIAN_POINT('',(0.,-0.2079,0.));
#4800=CARTESIAN_POINT('',(2.77555756156289E-17,-2.77555756156289E-17,0.));
#4801=CARTESIAN_POINT('',(0.,-2.77555756156289E-17,0.));
#4802=CARTESIAN_POINT('',(0.,-0.2,0.));
#4803=CARTESIAN_POINT('',(-0.1421,-0.1921,0.));
#4804=CARTESIAN_POINT('',(-0.1579,-0.1921,0.));
#4805=CARTESIAN_POINT('',(-0.1579,2.77555756156289E-17,0.));
#4806=CARTESIAN_POINT('',(-0.1579,0.1921,0.));
#4807=CARTESIAN_POINT('',(-0.1421,0.1921,0.));
#4808=CARTESIAN_POINT('',(0.,-2.77555756156289E-17,0.));
#4809=CARTESIAN_POINT('',(0.,0.2,0.));
#4810=CARTESIAN_POINT('',(5.55111512312578E-17,0.2,0.));
#4811=CARTESIAN_POINT('',(-0.15,0.2,0.));
#4812=CARTESIAN_POINT('',(-0.15,-5.55111512312578E-17,0.));
#4813=CARTESIAN_POINT('',(-0.15,-0.2,0.));
#4814=CARTESIAN_POINT('',(2.77555756156289E-17,-0.2,0.));
#4815=CARTESIAN_POINT('',(2.77555756156289E-17,-0.2,-2.000000000002E-6));
#4816=CARTESIAN_POINT('',(2.77555756156289E-17,-0.2,0.15));
#4817=CARTESIAN_POINT('',(0.,-0.2,0.15));
#4818=CARTESIAN_POINT('',(-0.15,-0.2,0.15));
#4819=CARTESIAN_POINT('',(0.,-0.2,-2.000000000002E-6));
#4820=CARTESIAN_POINT('',(-0.15,-0.2,-2.000000000002E-6));
#4821=CARTESIAN_POINT('',(2.77555756156289E-17,2.77555756156289E-17,0.15));
#4822=CARTESIAN_POINT('',(0.,2.77555756156289E-17,0.15));
#4823=CARTESIAN_POINT('',(-0.15,-5.55111512312578E-17,0.15));
#4824=CARTESIAN_POINT('',(-0.15,0.2,0.15));
#4825=CARTESIAN_POINT('',(5.55111512312578E-17,0.2,0.15));
#4826=CARTESIAN_POINT('',(0.,0.2,0.15));
#4827=CARTESIAN_POINT('',(0.,2.77555756156289E-17,0.15));
#4828=CARTESIAN_POINT('',(-0.1421,0.1921,0.15));
#4829=CARTESIAN_POINT('',(-0.1579,0.1921,0.15));
#4830=CARTESIAN_POINT('',(-0.1579,2.77555756156289E-17,0.15));
#4831=CARTESIAN_POINT('',(-0.1579,-0.1921,0.15));
#4832=CARTESIAN_POINT('',(-0.1421,-0.1921,0.15));
#4833=CARTESIAN_POINT('',(5.55111512312578E-17,0.2,-2.000000000002E-6));
#4834=CARTESIAN_POINT('',(0.,0.2,-2.000000000002E-6));
#4835=CARTESIAN_POINT('',(-0.15,0.2,-2.000000000002E-6));
#4836=CARTESIAN_POINT('',(-0.0612333333333333,0.2379,0.0372832572248521));
#4837=CARTESIAN_POINT('',(-0.0812333333333333,0.2379,0.0372832572248521));
#4838=CARTESIAN_POINT('',(-0.0712333333333333,0.2379,0.0372832572248521));
#4839=CARTESIAN_POINT('',(-0.0812333333333333,0.2079,0.0372832572248521));
#4840=CARTESIAN_POINT('',(-0.0812333333333333,-0.2079,0.0372832572248521));
#4841=CARTESIAN_POINT('',(-0.0812333333333333,-0.2379,0.0372832572248521));
#4842=CARTESIAN_POINT('',(-0.0712333333333333,-0.2379,0.0372832572248521));
#4843=CARTESIAN_POINT('',(-0.0612333333333333,-0.2379,0.0372832572248521));
#4844=CARTESIAN_POINT('',(-0.15,-5.55111512312578E-17,-2.000000000002E-6));
#4845=CARTESIAN_POINT('',(-0.1579,2.77555756156289E-17,-2.000000000002E-6));
#4846=CARTESIAN_POINT('',(-0.1579,-0.1921,0.15));
#4847=CARTESIAN_POINT('',(-0.1579,0.1921,-2.000000000002E-6));
#4848=CARTESIAN_POINT('',(-0.1421,-0.1921,-2.000000000002E-6));
#4849=CARTESIAN_POINT('',(-0.1421,0.1921,-2.000000000002E-6));
#4850=CARTESIAN_POINT('',(0.,0.,0.));
#4851=CARTESIAN_POINT('',(0.,0.,0.));
#4852=CARTESIAN_POINT('',(0.,0.,0.));
#4853=MECHANICAL_DESIGN_GEOMETRIC_PRESENTATION_REPRESENTATION('',(#2614),
#4859);
#4854=MECHANICAL_DESIGN_GEOMETRIC_PRESENTATION_REPRESENTATION('',(#2615),
#4860);
#4855=MECHANICAL_DESIGN_GEOMETRIC_PRESENTATION_REPRESENTATION('',(#2616),
#4861);
#4856=MECHANICAL_DESIGN_GEOMETRIC_PRESENTATION_REPRESENTATION('',(#2617),
#4862);
#4857=MECHANICAL_DESIGN_GEOMETRIC_PRESENTATION_REPRESENTATION('',(#2618),
#4863);
#4858=MECHANICAL_DESIGN_GEOMETRIC_PRESENTATION_REPRESENTATION('',(#2619),
#4864);
#4859=(
GEOMETRIC_REPRESENTATION_CONTEXT(3)
GLOBAL_UNCERTAINTY_ASSIGNED_CONTEXT((#4865))
GLOBAL_UNIT_ASSIGNED_CONTEXT((#4883,#4877,#4871))
REPRESENTATION_CONTEXT('Pin 4','TOP_LEVEL_ASSEMBLY_PART')
);
#4860=(
GEOMETRIC_REPRESENTATION_CONTEXT(3)
GLOBAL_UNCERTAINTY_ASSIGNED_CONTEXT((#4866))
GLOBAL_UNIT_ASSIGNED_CONTEXT((#4884,#4878,#4872))
REPRESENTATION_CONTEXT('Pin 3','TOP_LEVEL_ASSEMBLY_PART')
);
#4861=(
GEOMETRIC_REPRESENTATION_CONTEXT(3)
GLOBAL_UNCERTAINTY_ASSIGNED_CONTEXT((#4867))
GLOBAL_UNIT_ASSIGNED_CONTEXT((#4885,#4879,#4873))
REPRESENTATION_CONTEXT('Cope_Sand','TOP_LEVEL_ASSEMBLY_PART')
);
#4862=(
GEOMETRIC_REPRESENTATION_CONTEXT(3)
GLOBAL_UNCERTAINTY_ASSIGNED_CONTEXT((#4868))
GLOBAL_UNIT_ASSIGNED_CONTEXT((#4886,#4880,#4874))
REPRESENTATION_CONTEXT('Drag_Sand','TOP_LEVEL_ASSEMBLY_PART')
);
#4863=(
GEOMETRIC_REPRESENTATION_CONTEXT(3)
GLOBAL_UNCERTAINTY_ASSIGNED_CONTEXT((#4869))
GLOBAL_UNIT_ASSIGNED_CONTEXT((#4887,#4881,#4875))
REPRESENTATION_CONTEXT('Drag_Wooden_Casing','TOP_LEVEL_ASSEMBLY_PART')
);
#4864=(
GEOMETRIC_REPRESENTATION_CONTEXT(3)
GLOBAL_UNCERTAINTY_ASSIGNED_CONTEXT((#4870))
GLOBAL_UNIT_ASSIGNED_CONTEXT((#4888,#4882,#4876))
REPRESENTATION_CONTEXT('Cope_Wood_Casing','TOP_LEVEL_ASSEMBLY_PART')
);
#4865=UNCERTAINTY_MEASURE_WITH_UNIT(LENGTH_MEASURE(1.E-8),#4883,
'DISTANCE_ACCURACY_VALUE','Maximum Tolerance applied to model');
#4866=UNCERTAINTY_MEASURE_WITH_UNIT(LENGTH_MEASURE(1.E-8),#4884,
'DISTANCE_ACCURACY_VALUE','Maximum Tolerance applied to model');
#4867=UNCERTAINTY_MEASURE_WITH_UNIT(LENGTH_MEASURE(2.E-5),#4885,
'DISTANCE_ACCURACY_VALUE','Maximum Tolerance applied to model');
#4868=UNCERTAINTY_MEASURE_WITH_UNIT(LENGTH_MEASURE(1.E-8),#4886,
'DISTANCE_ACCURACY_VALUE','Maximum Tolerance applied to model');
#4869=UNCERTAINTY_MEASURE_WITH_UNIT(LENGTH_MEASURE(1.E-8),#4887,
'DISTANCE_ACCURACY_VALUE','Maximum Tolerance applied to model');
#4870=UNCERTAINTY_MEASURE_WITH_UNIT(LENGTH_MEASURE(1.E-8),#4888,
'DISTANCE_ACCURACY_VALUE','Maximum Tolerance applied to model');
#4871=(
NAMED_UNIT(*)
SI_UNIT($,.STERADIAN.)
SOLID_ANGLE_UNIT()
);
#4872=(
NAMED_UNIT(*)
SI_UNIT($,.STERADIAN.)
SOLID_ANGLE_UNIT()
);
#4873=(
NAMED_UNIT(*)
SI_UNIT($,.STERADIAN.)
SOLID_ANGLE_UNIT()
);
#4874=(
NAMED_UNIT(*)
SI_UNIT($,.STERADIAN.)
SOLID_ANGLE_UNIT()
);
#4875=(
NAMED_UNIT(*)
SI_UNIT($,.STERADIAN.)
SOLID_ANGLE_UNIT()
);
#4876=(
NAMED_UNIT(*)
SI_UNIT($,.STERADIAN.)
SOLID_ANGLE_UNIT()
);
#4877=(
NAMED_UNIT(*)
PLANE_ANGLE_UNIT()
SI_UNIT($,.RADIAN.)
);
#4878=(
NAMED_UNIT(*)
PLANE_ANGLE_UNIT()
SI_UNIT($,.RADIAN.)
);
#4879=(
NAMED_UNIT(*)
PLANE_ANGLE_UNIT()
SI_UNIT($,.RADIAN.)
);
#4880=(
NAMED_UNIT(*)
PLANE_ANGLE_UNIT()
SI_UNIT($,.RADIAN.)
);
#4881=(
NAMED_UNIT(*)
PLANE_ANGLE_UNIT()
SI_UNIT($,.RADIAN.)
);
#4882=(
NAMED_UNIT(*)
PLANE_ANGLE_UNIT()
SI_UNIT($,.RADIAN.)
);
#4883=(
LENGTH_UNIT()
NAMED_UNIT(*)
SI_UNIT($,.METRE.)
);
#4884=(
LENGTH_UNIT()
NAMED_UNIT(*)
SI_UNIT($,.METRE.)
);
#4885=(
LENGTH_UNIT()
NAMED_UNIT(*)
SI_UNIT($,.METRE.)
);
#4886=(
LENGTH_UNIT()
NAMED_UNIT(*)
SI_UNIT($,.METRE.)
);
#4887=(
LENGTH_UNIT()
NAMED_UNIT(*)
SI_UNIT($,.METRE.)
);
#4888=(
LENGTH_UNIT()
NAMED_UNIT(*)
SI_UNIT($,.METRE.)
);
#4889=PRODUCT_DEFINITION_SHAPE('','',#4895);
#4890=PRODUCT_DEFINITION_SHAPE('','',#4896);
#4891=PRODUCT_DEFINITION_SHAPE('','',#4897);
#4892=PRODUCT_DEFINITION_SHAPE('','',#4898);
#4893=PRODUCT_DEFINITION_SHAPE('','',#4899);
#4894=PRODUCT_DEFINITION_SHAPE('','',#4900);
#4895=PRODUCT_DEFINITION('','',#4907,#4901);
#4896=PRODUCT_DEFINITION('','',#4908,#4902);
#4897=PRODUCT_DEFINITION('','',#4909,#4903);
#4898=PRODUCT_DEFINITION('','',#4910,#4904);
#4899=PRODUCT_DEFINITION('','',#4911,#4905);
#4900=PRODUCT_DEFINITION('','',#4912,#4906);
#4901=PRODUCT_DEFINITION_CONTEXT('',#4943,'design');
#4902=PRODUCT_DEFINITION_CONTEXT('',#4944,'design');
#4903=PRODUCT_DEFINITION_CONTEXT('',#4945,'design');
#4904=PRODUCT_DEFINITION_CONTEXT('',#4946,'design');
#4905=PRODUCT_DEFINITION_CONTEXT('',#4947,'design');
#4906=PRODUCT_DEFINITION_CONTEXT('',#4948,'design');
#4907=PRODUCT_DEFINITION_FORMATION_WITH_SPECIFIED_SOURCE('','',#4919,
 .NOT_KNOWN.);
#4908=PRODUCT_DEFINITION_FORMATION_WITH_SPECIFIED_SOURCE('','',#4920,
 .NOT_KNOWN.);
#4909=PRODUCT_DEFINITION_FORMATION_WITH_SPECIFIED_SOURCE('','',#4921,
 .NOT_KNOWN.);
#4910=PRODUCT_DEFINITION_FORMATION_WITH_SPECIFIED_SOURCE('','',#4922,
 .NOT_KNOWN.);
#4911=PRODUCT_DEFINITION_FORMATION_WITH_SPECIFIED_SOURCE('','',#4923,
 .NOT_KNOWN.);
#4912=PRODUCT_DEFINITION_FORMATION_WITH_SPECIFIED_SOURCE('','',#4924,
 .NOT_KNOWN.);
#4913=PRODUCT_RELATED_PRODUCT_CATEGORY('','',(#4919));
#4914=PRODUCT_RELATED_PRODUCT_CATEGORY('','',(#4920));
#4915=PRODUCT_RELATED_PRODUCT_CATEGORY('','',(#4921));
#4916=PRODUCT_RELATED_PRODUCT_CATEGORY('','',(#4922));
#4917=PRODUCT_RELATED_PRODUCT_CATEGORY('','',(#4923));
#4918=PRODUCT_RELATED_PRODUCT_CATEGORY('','',(#4924));
#4919=PRODUCT('Pin 4','Pin 4','Pin 4',(#4931));
#4920=PRODUCT('Pin 3','Pin 3','Pin 3',(#4932));
#4921=PRODUCT('Cope_Sand','Cope_Sand','Cope_Sand',(#4933));
#4922=PRODUCT('Drag_Sand','Drag_Sand','Drag_Sand',(#4934));
#4923=PRODUCT('Drag_Wooden_Casing','Drag_Wooden_Casing',
'Drag_Wooden_Casing',(#4935));
#4924=PRODUCT('Cope_Wood_Casing','Cope_Wood_Casing','Cope_Wood_Casing',
(#4936));
#4925=PRODUCT_CATEGORY('','');
#4926=PRODUCT_CATEGORY('','');
#4927=PRODUCT_CATEGORY('','');
#4928=PRODUCT_CATEGORY('','');
#4929=PRODUCT_CATEGORY('','');
#4930=PRODUCT_CATEGORY('','');
#4931=PRODUCT_CONTEXT('',#4943,'mechanical');
#4932=PRODUCT_CONTEXT('',#4944,'mechanical');
#4933=PRODUCT_CONTEXT('',#4945,'mechanical');
#4934=PRODUCT_CONTEXT('',#4946,'mechanical');
#4935=PRODUCT_CONTEXT('',#4947,'mechanical');
#4936=PRODUCT_CONTEXT('',#4948,'mechanical');
#4937=APPLICATION_PROTOCOL_DEFINITION('international standard',
'ap242_managed_model_based_3d_engineering',2020,#4943);
#4938=APPLICATION_PROTOCOL_DEFINITION('international standard',
'ap242_managed_model_based_3d_engineering',2020,#4944);
#4939=APPLICATION_PROTOCOL_DEFINITION('international standard',
'ap242_managed_model_based_3d_engineering',2020,#4945);
#4940=APPLICATION_PROTOCOL_DEFINITION('international standard',
'ap242_managed_model_based_3d_engineering',2020,#4946);
#4941=APPLICATION_PROTOCOL_DEFINITION('international standard',
'ap242_managed_model_based_3d_engineering',2020,#4947);
#4942=APPLICATION_PROTOCOL_DEFINITION('international standard',
'ap242_managed_model_based_3d_engineering',2020,#4948);
#4943=APPLICATION_CONTEXT('managed model based 3d engineering');
#4944=APPLICATION_CONTEXT('managed model based 3d engineering');
#4945=APPLICATION_CONTEXT('managed model based 3d engineering');
#4946=APPLICATION_CONTEXT('managed model based 3d engineering');
#4947=APPLICATION_CONTEXT('managed model based 3d engineering');
#4948=APPLICATION_CONTEXT('managed model based 3d engineering');
ENDSEC;
END-ISO-10303-21;
