ISO-10303-21;
HEADER;
/* Generated by software containing ST-Developer
 * from STEP Tools, Inc. (www.steptools.com) 
 */
/* OPTION: using custom renumber hook */

FILE_DESCRIPTION(
/* description */ ('STEP AP242 Edition 2',
'CAx-IF Rec.Pracs.---Representation and Presentation of Product Manufa
cturing Information (PMI)---4.0---2014-10-13',
'CAx-IF Rec.Pracs.---3D Tessellated Geometry---0.4---2014-09-14','2;1',
'CAx-IF Rec.Pracs.---User Defined Attributes---1.5---2016-08-15'),
/* implementation_level */ '2;1');

FILE_NAME(
/* name */ 'Design 2 Copy 1',
/* time_stamp */ '2026-07-29T00:19:56Z',
/* author */ (''),
/* organization */ (''),
/* preprocessor_version */ 'ST-DEVELOPER v20',
/* originating_system */ 'ONSHAPE BY PTC INC, 1.218',
/* authorisation */ '  ');

FILE_SCHEMA (('AP242_MANAGED_MODEL_BASED_3D_ENGINEERING_MIM_LF { 1 0 10303 442 3 1 4 }'));
ENDSEC;

DATA;
#10=TOROIDAL_SURFACE('',#2634,0.114,0.079);
#11=TOROIDAL_SURFACE('',#2636,0.114,0.079);
#12=TOROIDAL_SURFACE('',#2646,0.03895,0.00395);
#13=TOROIDAL_SURFACE('',#2648,0.03895,0.00395);
#14=TOROIDAL_SURFACE('',#2667,0.114,0.079);
#15=TOROIDAL_SURFACE('',#2677,0.03895,0.00395);
#16=TOROIDAL_SURFACE('',#2741,0.114,0.079);
#17=TOROIDAL_SURFACE('',#2743,0.114,0.079);
#18=TOROIDAL_SURFACE('',#2755,0.03895,0.00395);
#19=TOROIDAL_SURFACE('',#2757,0.03895,0.00395);
#20=TOROIDAL_SURFACE('',#2768,0.00789999999999987,0.005);
#21=TOROIDAL_SURFACE('',#2782,0.00789999999999987,0.005);
#22=TOROIDAL_SURFACE('',#2806,0.02,0.01);
#23=TOROIDAL_SURFACE('',#2824,0.02,0.01);
#24=TOROIDAL_SURFACE('',#2850,0.02,0.01);
#25=TOROIDAL_SURFACE('',#2858,0.02,0.01);
#26=SPHERICAL_SURFACE('',#2630,0.049335);
#27=SPHERICAL_SURFACE('',#2665,0.079);
#28=SPHERICAL_SURFACE('',#2669,0.079);
#29=SPHERICAL_SURFACE('',#2737,0.049335);
#30=SPHERICAL_SURFACE('',#2833,0.0158);
#31=SPHERICAL_SURFACE('',#2839,0.0158);
#32=CONICAL_SURFACE('',#2597,0.015,0.0522940740433951);
#33=CONICAL_SURFACE('',#2685,0.015,0.0522940740433951);
#34=CONICAL_SURFACE('',#2691,0.015,0.107995422326607);
#35=ELLIPSE('',#2593,0.119251834367443,0.035);
#36=ELLIPSE('',#2595,0.119251834367443,0.035);
#37=ELLIPSE('',#2617,0.119251834367443,0.035);
#38=ELLIPSE('',#2658,0.119251834367443,0.035);
#39=B_SPLINE_CURVE_WITH_KNOTS('',3,(#3759,#3760,#3761,#3762,#3763,#3764),
 .UNSPECIFIED.,.F.,.F.,(4,1,1,4),(0.,0.00808999301052982,0.0121349895157947,
0.0161799860210596),.UNSPECIFIED.);
#40=B_SPLINE_CURVE_WITH_KNOTS('',3,(#3772,#3773,#3774,#3775,#3776,#3777),
 .UNSPECIFIED.,.F.,.F.,(4,1,1,4),(0.0161799860210597,0.0202124227005997,
0.0242448593801397,0.0323097327392198),.UNSPECIFIED.);
#41=B_SPLINE_CURVE_WITH_KNOTS('',3,(#3781,#3782,#3783,#3784,#3785,#3786,
#3787),.UNSPECIFIED.,.F.,.F.,(4,1,1,1,4),(0.011905916350106,0.0138844204064026,
0.0158629244626992,0.0178414285189958,0.0198199325752924),.UNSPECIFIED.);
#42=B_SPLINE_CURVE_WITH_KNOTS('',3,(#3798,#3799,#3800,#3801,#3802,#3803,
#3804,#3805),.UNSPECIFIED.,.F.,.F.,(4,1,1,1,1,4),(0.00925362696731349,0.012370246655947,
0.0154868663445805,0.0170451761888972,0.0186034860332139,0.0217201057218474),
 .UNSPECIFIED.);
#43=B_SPLINE_CURVE_WITH_KNOTS('',3,(#3915,#3916,#3917,#3918,#3919,#3920),
 .UNSPECIFIED.,.F.,.F.,(4,1,1,4),(1.55158384577955E-17,0.00896563413536578,
0.0134484512030487,0.0179312682707315),.UNSPECIFIED.);
#44=B_SPLINE_CURVE_WITH_KNOTS('',3,(#3933,#3934,#3935,#3936,#3937),
 .UNSPECIFIED.,.F.,.F.,(4,1,4),(0.0179312682707315,0.0268918712647548,0.035852474258778),
 .UNSPECIFIED.);
#45=B_SPLINE_CURVE_WITH_KNOTS('',3,(#3989,#3990,#3991,#3992,#3993,#3994),
 .UNSPECIFIED.,.F.,.F.,(4,1,1,4),(1.7085044840333E-17,0.00808999301052984,
0.0121349895157947,0.0161799860210597),.UNSPECIFIED.);
#46=B_SPLINE_CURVE_WITH_KNOTS('',3,(#3999,#4000,#4001,#4002,#4003,#4004),
 .UNSPECIFIED.,.F.,.F.,(4,1,1,4),(0.0161799860210597,0.0202124227005997,
0.0242448593801397,0.0323097327392198),.UNSPECIFIED.);
#47=B_SPLINE_CURVE_WITH_KNOTS('',3,(#4027,#4028,#4029,#4030,#4031,#4032,
#4033),.UNSPECIFIED.,.F.,.F.,(4,1,1,1,4),(0.0125079744186795,0.0156342547051826,
0.0187605349916857,0.0218868152781887,0.0250130955646918),.UNSPECIFIED.);
#48=B_SPLINE_CURVE_WITH_KNOTS('',3,(#4039,#4040,#4041,#4042,#4043,#4044),
 .UNSPECIFIED.,.F.,.F.,(4,1,1,4),(1.55158384577955E-17,0.00896563413536577,
0.0134484512030487,0.0179312682707315),.UNSPECIFIED.);
#49=B_SPLINE_CURVE_WITH_KNOTS('',3,(#4048,#4049,#4050,#4051,#4052),
 .UNSPECIFIED.,.F.,.F.,(4,1,4),(0.0179312682707315,0.0268918712647548,0.0358524742587781),
 .UNSPECIFIED.);
#50=B_SPLINE_CURVE_WITH_KNOTS('',3,(#4141,#4142,#4143,#4144,#4145,#4146,
#4147,#4148),.UNSPECIFIED.,.F.,.F.,(4,1,1,1,1,4),(0.00321606740987998,0.00633291978314348,
0.00789134596977523,0.00944977215640698,0.0125666245296705,0.015683476902934),
 .UNSPECIFIED.);
#51=B_SPLINE_CURVE_WITH_KNOTS('',3,(#4152,#4153,#4154,#4155,#4156),
 .UNSPECIFIED.,.F.,.F.,(4,1,4),(0.00423344650401193,0.00634414778512396,
0.008454849066236),.UNSPECIFIED.);
#52=B_SPLINE_CURVE_WITH_KNOTS('',3,(#4160,#4161,#4162,#4163,#4164),
 .UNSPECIFIED.,.F.,.F.,(4,1,4),(0.,0.00211672325200597,0.00423344650401194),
 .UNSPECIFIED.);
#53=B_SPLINE_CURVE_WITH_KNOTS('',3,(#4179,#4180,#4181,#4182,#4183,#4184,
#4185,#4186),.UNSPECIFIED.,.F.,.F.,(4,1,1,1,1,4),(0.00958491046023228,0.0127500479207321,
0.0159151853812319,0.0174977541114818,0.0190803228417317,0.0222454603022315),
 .UNSPECIFIED.);
#54=(
BOUNDED_SURFACE()
B_SPLINE_SURFACE(3,2,((#3723,#3724,#3725),(#3726,#3727,#3728),(#3729,#3730,
#3731),(#3732,#3733,#3734),(#3735,#3736,#3737),(#3738,#3739,#3740),(#3741,
#3742,#3743),(#3744,#3745,#3746),(#3747,#3748,#3749),(#3750,#3751,#3752),
(#3753,#3754,#3755)),.UNSPECIFIED.,.F.,.F.,.F.)
B_SPLINE_SURFACE_WITH_KNOTS((4,1,1,1,1,1,1,1,4),(3,3),(5.25574750325948,
5.38417722874949,5.51260695423951,5.64103667972952,5.76946640521953,5.89789613070955,
6.02632585619956,6.15475558168957,6.28318530717959),(0.,1.),
 .UNSPECIFIED.)
GEOMETRIC_REPRESENTATION_ITEM()
RATIONAL_B_SPLINE_SURFACE(((1.,0.930778387286889,1.),(1.,0.920601095328584,
1.),(1.,0.89852732732842,1.),(1.,0.86196346745247,1.),(1.,0.824042621851696,
1.),(1.,0.787231387568017,1.),(1.,0.75428013028146,1.),(1.,0.728023689231211,
1.),(1.,0.71103222882827,1.),(1.,0.707106781187631,1.),(1.,0.707106781186547,
1.)))
REPRESENTATION_ITEM('')
SURFACE()
);
#55=(
BOUNDED_SURFACE()
B_SPLINE_SURFACE(3,2,((#3953,#3954,#3955),(#3956,#3957,#3958),(#3959,#3960,
#3961),(#3962,#3963,#3964),(#3965,#3966,#3967),(#3968,#3969,#3970),(#3971,
#3972,#3973),(#3974,#3975,#3976),(#3977,#3978,#3979),(#3980,#3981,#3982),
(#3983,#3984,#3985)),.UNSPECIFIED.,.F.,.F.,.F.)
B_SPLINE_SURFACE_WITH_KNOTS((4,1,1,1,1,1,1,1,4),(3,3),(2.11415484966968,
2.2425845751597,2.37101430064971,2.49944402613972,2.62787375162974,2.75630347711975,
2.88473320260977,3.01316292809978,3.14159265358979),(0.,1.),
 .UNSPECIFIED.)
GEOMETRIC_REPRESENTATION_ITEM()
RATIONAL_B_SPLINE_SURFACE(((1.,0.930778387286889,1.),(1.,0.920601095327514,
1.),(1.,0.898527327328916,1.),(1.,0.861963467452339,1.),(1.,0.824042621851732,
1.),(1.,0.787231387568007,1.),(1.,0.754280130281463,1.),(1.,0.728023689231212,
1.),(1.,0.71103222882827,1.),(1.,0.707106781187631,1.),(1.,0.707106781186547,
1.)))
REPRESENTATION_ITEM('')
SURFACE()
);
#56=(
BOUNDED_SURFACE()
B_SPLINE_SURFACE(3,2,((#4053,#4054,#4055),(#4056,#4057,#4058),(#4059,#4060,
#4061),(#4062,#4063,#4064),(#4065,#4066,#4067),(#4068,#4069,#4070)),
 .UNSPECIFIED.,.F.,.F.,.F.)
B_SPLINE_SURFACE_WITH_KNOTS((4,1,1,4),(3,3),(0.0179471078452298,0.0224364040130104,
0.0269257001807909,0.035904292516352),(0.,1.),.UNSPECIFIED.)
GEOMETRIC_REPRESENTATION_ITEM()
RATIONAL_B_SPLINE_SURFACE(((1.,0.649911591384234,1.),(1.,0.649911591383407,
1.),(1.,0.655259119637788,1.),(1.,0.677114638736835,1.),(1.,0.695452120557303,
1.),(1.,0.707106781186545,1.)))
REPRESENTATION_ITEM('')
SURFACE()
);
#57=(
BOUNDED_SURFACE()
B_SPLINE_SURFACE(3,2,((#4072,#4073,#4074),(#4075,#4076,#4077),(#4078,#4079,
#4080),(#4081,#4082,#4083),(#4084,#4085,#4086),(#4087,#4088,#4089)),
 .UNSPECIFIED.,.F.,.F.,.F.)
B_SPLINE_SURFACE_WITH_KNOTS((4,1,1,4),(3,3),(-4.85722573273506E-17,0.00897355392261492,
0.0134603308839224,0.0179471078452299),(0.,1.),.UNSPECIFIED.)
GEOMETRIC_REPRESENTATION_ITEM()
RATIONAL_B_SPLINE_SURFACE(((1.,0.707106781186545,1.),(1.,0.695450487739054,
1.),(1.,0.677107171976956,1.),(1.,0.655212961205446,1.),(1.,0.649911591385061,
1.),(1.,0.649911591384234,1.)))
REPRESENTATION_ITEM('')
SURFACE()
);
#58=(
BOUNDED_SURFACE()
B_SPLINE_SURFACE(3,2,((#4094,#4095,#4096),(#4097,#4098,#4099),(#4100,#4101,
#4102),(#4103,#4104,#4105),(#4106,#4107,#4108),(#4109,#4110,#4111)),
 .UNSPECIFIED.,.F.,.F.,.F.)
B_SPLINE_SURFACE_WITH_KNOTS((4,1,1,4),(3,3),(0.0179471078452298,0.0224364040130103,
0.0269257001807909,0.0359042925163519),(0.,1.),.UNSPECIFIED.)
GEOMETRIC_REPRESENTATION_ITEM()
RATIONAL_B_SPLINE_SURFACE(((1.,0.649911591384234,1.),(1.,0.649911591383407,
1.),(1.,0.655259119637446,1.),(1.,0.677114638738545,1.),(1.,0.695452120549788,
1.),(1.,0.707106781186546,1.)))
REPRESENTATION_ITEM('')
SURFACE()
);
#59=(
BOUNDED_SURFACE()
B_SPLINE_SURFACE(3,2,((#4113,#4114,#4115),(#4116,#4117,#4118),(#4119,#4120,
#4121),(#4122,#4123,#4124),(#4125,#4126,#4127),(#4128,#4129,#4130)),
 .UNSPECIFIED.,.F.,.F.,.F.)
B_SPLINE_SURFACE_WITH_KNOTS((4,1,1,4),(3,3),(6.93889390390723E-18,0.00897355392261497,
0.0134603308839225,0.0179471078452299),(0.,1.),.UNSPECIFIED.)
GEOMETRIC_REPRESENTATION_ITEM()
RATIONAL_B_SPLINE_SURFACE(((1.,0.707106781186546,1.),(1.,0.695450487733543,
1.),(1.,0.677107171978209,1.),(1.,0.655212961205195,1.),(1.,0.649911591385061,
1.),(1.,0.649911591384234,1.)))
REPRESENTATION_ITEM('')
SURFACE()
);
#60=LINE('',#3703,#236);
#61=LINE('',#3706,#237);
#62=LINE('',#3708,#238);
#63=LINE('',#3710,#239);
#64=LINE('',#3712,#240);
#65=LINE('',#3714,#241);
#66=LINE('',#3716,#242);
#67=LINE('',#3718,#243);
#68=LINE('',#3720,#244);
#69=LINE('',#3722,#245);
#70=LINE('',#3792,#246);
#71=LINE('',#3796,#247);
#72=LINE('',#3807,#248);
#73=LINE('',#3813,#249);
#74=LINE('',#3815,#250);
#75=LINE('',#3817,#251);
#76=LINE('',#3819,#252);
#77=LINE('',#3821,#253);
#78=LINE('',#3823,#254);
#79=LINE('',#3827,#255);
#80=LINE('',#3835,#256);
#81=LINE('',#3839,#257);
#82=LINE('',#3841,#258);
#83=LINE('',#3843,#259);
#84=LINE('',#3845,#260);
#85=LINE('',#3847,#261);
#86=LINE('',#3849,#262);
#87=LINE('',#3851,#263);
#88=LINE('',#3853,#264);
#89=LINE('',#3855,#265);
#90=LINE('',#3857,#266);
#91=LINE('',#3859,#267);
#92=LINE('',#3861,#268);
#93=LINE('',#3863,#269);
#94=LINE('',#3865,#270);
#95=LINE('',#3867,#271);
#96=LINE('',#3868,#272);
#97=LINE('',#3872,#273);
#98=LINE('',#3876,#274);
#99=LINE('',#3891,#275);
#100=LINE('',#3912,#276);
#101=LINE('',#3925,#277);
#102=LINE('',#3927,#278);
#103=LINE('',#3939,#279);
#104=LINE('',#3945,#280);
#105=LINE('',#3949,#281);
#106=LINE('',#4012,#282);
#107=LINE('',#4016,#283);
#108=LINE('',#4026,#284);
#109=LINE('',#4035,#285);
#110=LINE('',#4037,#286);
#111=LINE('',#4136,#287);
#112=LINE('',#4138,#288);
#113=LINE('',#4139,#289);
#114=LINE('',#4150,#290);
#115=LINE('',#4158,#291);
#116=LINE('',#4166,#292);
#117=LINE('',#4168,#293);
#118=LINE('',#4172,#294);
#119=LINE('',#4173,#295);
#120=LINE('',#4175,#296);
#121=LINE('',#4177,#297);
#122=LINE('',#4188,#298);
#123=LINE('',#4190,#299);
#124=LINE('',#4194,#300);
#125=LINE('',#4195,#301);
#126=LINE('',#4197,#302);
#127=LINE('',#4199,#303);
#128=LINE('',#4200,#304);
#129=LINE('',#4210,#305);
#130=LINE('',#4214,#306);
#131=LINE('',#4218,#307);
#132=LINE('',#4225,#308);
#133=LINE('',#4232,#309);
#134=LINE('',#4239,#310);
#135=LINE('',#4243,#311);
#136=LINE('',#4247,#312);
#137=LINE('',#4250,#313);
#138=LINE('',#4252,#314);
#139=LINE('',#4254,#315);
#140=LINE('',#4256,#316);
#141=LINE('',#4258,#317);
#142=LINE('',#4260,#318);
#143=LINE('',#4261,#319);
#144=LINE('',#4263,#320);
#145=LINE('',#4267,#321);
#146=LINE('',#4275,#322);
#147=LINE('',#4279,#323);
#148=LINE('',#4281,#324);
#149=LINE('',#4282,#325);
#150=LINE('',#4284,#326);
#151=LINE('',#4290,#327);
#152=LINE('',#4292,#328);
#153=LINE('',#4294,#329);
#154=LINE('',#4296,#330);
#155=LINE('',#4298,#331);
#156=LINE('',#4300,#332);
#157=LINE('',#4302,#333);
#158=LINE('',#4304,#334);
#159=LINE('',#4308,#335);
#160=LINE('',#4314,#336);
#161=LINE('',#4328,#337);
#162=LINE('',#4334,#338);
#163=LINE('',#4338,#339);
#164=LINE('',#4344,#340);
#165=LINE('',#4352,#341);
#166=LINE('',#4356,#342);
#167=LINE('',#4358,#343);
#168=LINE('',#4362,#344);
#169=LINE('',#4366,#345);
#170=LINE('',#4370,#346);
#171=LINE('',#4378,#347);
#172=LINE('',#4382,#348);
#173=LINE('',#4384,#349);
#174=LINE('',#4386,#350);
#175=LINE('',#4388,#351);
#176=LINE('',#4395,#352);
#177=LINE('',#4400,#353);
#178=LINE('',#4401,#354);
#179=LINE('',#4409,#355);
#180=LINE('',#4410,#356);
#181=LINE('',#4445,#357);
#182=LINE('',#4448,#358);
#183=LINE('',#4450,#359);
#184=LINE('',#4452,#360);
#185=LINE('',#4456,#361);
#186=LINE('',#4459,#362);
#187=LINE('',#4461,#363);
#188=LINE('',#4463,#364);
#189=LINE('',#4465,#365);
#190=LINE('',#4467,#366);
#191=LINE('',#4469,#367);
#192=LINE('',#4471,#368);
#193=LINE('',#4474,#369);
#194=LINE('',#4475,#370);
#195=LINE('',#4477,#371);
#196=LINE('',#4480,#372);
#197=LINE('',#4482,#373);
#198=LINE('',#4484,#374);
#199=LINE('',#4486,#375);
#200=LINE('',#4489,#376);
#201=LINE('',#4491,#377);
#202=LINE('',#4493,#378);
#203=LINE('',#4495,#379);
#204=LINE('',#4498,#380);
#205=LINE('',#4500,#381);
#206=LINE('',#4502,#382);
#207=LINE('',#4504,#383);
#208=LINE('',#4507,#384);
#209=LINE('',#4509,#385);
#210=LINE('',#4550,#386);
#211=LINE('',#4553,#387);
#212=LINE('',#4555,#388);
#213=LINE('',#4557,#389);
#214=LINE('',#4570,#390);
#215=LINE('',#4573,#391);
#216=LINE('',#4575,#392);
#217=LINE('',#4577,#393);
#218=LINE('',#4579,#394);
#219=LINE('',#4581,#395);
#220=LINE('',#4583,#396);
#221=LINE('',#4585,#397);
#222=LINE('',#4587,#398);
#223=LINE('',#4590,#399);
#224=LINE('',#4594,#400);
#225=LINE('',#4597,#401);
#226=LINE('',#4598,#402);
#227=LINE('',#4600,#403);
#228=LINE('',#4602,#404);
#229=LINE('',#4604,#405);
#230=LINE('',#4606,#406);
#231=LINE('',#4608,#407);
#232=LINE('',#4610,#408);
#233=LINE('',#4614,#409);
#234=LINE('',#4615,#410);
#235=LINE('',#4617,#411);
#236=VECTOR('',#2923,1.);
#237=VECTOR('',#2924,1.);
#238=VECTOR('',#2925,1.);
#239=VECTOR('',#2926,1.);
#240=VECTOR('',#2927,1.);
#241=VECTOR('',#2928,1.);
#242=VECTOR('',#2929,1.);
#243=VECTOR('',#2930,1.);
#244=VECTOR('',#2931,1.);
#245=VECTOR('',#2932,1.);
#246=VECTOR('',#2947,1.);
#247=VECTOR('',#2950,1.);
#248=VECTOR('',#2951,1.);
#249=VECTOR('',#2958,1.);
#250=VECTOR('',#2959,1.);
#251=VECTOR('',#2960,1.);
#252=VECTOR('',#2961,1.);
#253=VECTOR('',#2962,1.);
#254=VECTOR('',#2963,1.);
#255=VECTOR('',#2966,1.);
#256=VECTOR('',#2973,1.);
#257=VECTOR('',#2976,1.);
#258=VECTOR('',#2977,1.);
#259=VECTOR('',#2978,1.);
#260=VECTOR('',#2979,1.);
#261=VECTOR('',#2980,1.);
#262=VECTOR('',#2981,1.);
#263=VECTOR('',#2982,1.);
#264=VECTOR('',#2983,1.);
#265=VECTOR('',#2986,1.);
#266=VECTOR('',#2987,1.);
#267=VECTOR('',#2990,1.);
#268=VECTOR('',#2991,1.);
#269=VECTOR('',#2994,1.);
#270=VECTOR('',#2995,1.);
#271=VECTOR('',#2998,1.);
#272=VECTOR('',#2999,1.);
#273=VECTOR('',#3002,1.);
#274=VECTOR('',#3005,1.);
#275=VECTOR('',#3026,1.);
#276=VECTOR('',#3057,1.);
#277=VECTOR('',#3064,1.);
#278=VECTOR('',#3067,1.);
#279=VECTOR('',#3074,1.);
#280=VECTOR('',#3085,1.);
#281=VECTOR('',#3090,1.);
#282=VECTOR('',#3113,1.);
#283=VECTOR('',#3116,1.);
#284=VECTOR('',#3131,1.);
#285=VECTOR('',#3134,1.);
#286=VECTOR('',#3135,1.);
#287=VECTOR('',#3156,1.);
#288=VECTOR('',#3159,1.);
#289=VECTOR('',#3160,1.);
#290=VECTOR('',#3163,1.);
#291=VECTOR('',#3164,1.);
#292=VECTOR('',#3165,1.);
#293=VECTOR('',#3168,1.);
#294=VECTOR('',#3175,1.);
#295=VECTOR('',#3176,1.);
#296=VECTOR('',#3179,1.);
#297=VECTOR('',#3182,1.);
#298=VECTOR('',#3183,1.);
#299=VECTOR('',#3186,1.);
#300=VECTOR('',#3189,1.);
#301=VECTOR('',#3190,1.);
#302=VECTOR('',#3193,1.);
#303=VECTOR('',#3196,1.);
#304=VECTOR('',#3197,1.);
#305=VECTOR('',#3212,1.);
#306=VECTOR('',#3215,1.);
#307=VECTOR('',#3222,1.);
#308=VECTOR('',#3235,1.);
#309=VECTOR('',#3240,1.);
#310=VECTOR('',#3247,1.);
#311=VECTOR('',#3250,1.);
#312=VECTOR('',#3255,1.);
#313=VECTOR('',#3256,1.);
#314=VECTOR('',#3257,1.);
#315=VECTOR('',#3258,1.);
#316=VECTOR('',#3259,1.);
#317=VECTOR('',#3260,1.);
#318=VECTOR('',#3261,1.);
#319=VECTOR('',#3262,1.);
#320=VECTOR('',#3263,1.);
#321=VECTOR('',#3266,1.);
#322=VECTOR('',#3273,1.);
#323=VECTOR('',#3276,1.);
#324=VECTOR('',#3277,1.);
#325=VECTOR('',#3278,1.);
#326=VECTOR('',#3279,1.);
#327=VECTOR('',#3286,1.);
#328=VECTOR('',#3287,1.);
#329=VECTOR('',#3288,1.);
#330=VECTOR('',#3291,1.);
#331=VECTOR('',#3292,1.);
#332=VECTOR('',#3295,1.);
#333=VECTOR('',#3296,1.);
#334=VECTOR('',#3299,1.);
#335=VECTOR('',#3304,1.);
#336=VECTOR('',#3311,1.);
#337=VECTOR('',#3332,1.);
#338=VECTOR('',#3339,1.);
#339=VECTOR('',#3344,1.);
#340=VECTOR('',#3351,1.);
#341=VECTOR('',#3364,1.);
#342=VECTOR('',#3369,1.);
#343=VECTOR('',#3372,1.);
#344=VECTOR('',#3377,1.);
#345=VECTOR('',#3382,1.);
#346=VECTOR('',#3385,1.);
#347=VECTOR('',#3396,1.);
#348=VECTOR('',#3399,1.);
#349=VECTOR('',#3402,1.);
#350=VECTOR('',#3405,1.);
#351=VECTOR('',#3408,1.);
#352=VECTOR('',#3415,1.);
#353=VECTOR('',#3420,1.);
#354=VECTOR('',#3421,1.);
#355=VECTOR('',#3432,1.);
#356=VECTOR('',#3433,1.);
#357=VECTOR('',#3482,1.);
#358=VECTOR('',#3483,1.);
#359=VECTOR('',#3484,1.);
#360=VECTOR('',#3485,1.);
#361=VECTOR('',#3490,1.);
#362=VECTOR('',#3491,1.);
#363=VECTOR('',#3492,1.);
#364=VECTOR('',#3493,1.);
#365=VECTOR('',#3496,1.);
#366=VECTOR('',#3497,1.);
#367=VECTOR('',#3498,1.);
#368=VECTOR('',#3501,1.);
#369=VECTOR('',#3502,1.);
#370=VECTOR('',#3503,1.);
#371=VECTOR('',#3506,1.);
#372=VECTOR('',#3507,1.);
#373=VECTOR('',#3508,1.);
#374=VECTOR('',#3509,1.);
#375=VECTOR('',#3512,1.);
#376=VECTOR('',#3513,1.);
#377=VECTOR('',#3514,1.);
#378=VECTOR('',#3515,1.);
#379=VECTOR('',#3518,1.);
#380=VECTOR('',#3519,1.);
#381=VECTOR('',#3520,1.);
#382=VECTOR('',#3521,1.);
#383=VECTOR('',#3524,1.);
#384=VECTOR('',#3529,1.);
#385=VECTOR('',#3532,1.);
#386=VECTOR('',#3599,1.);
#387=VECTOR('',#3600,1.);
#388=VECTOR('',#3601,1.);
#389=VECTOR('',#3602,1.);
#390=VECTOR('',#3619,1.);
#391=VECTOR('',#3620,1.);
#392=VECTOR('',#3621,1.);
#393=VECTOR('',#3622,1.);
#394=VECTOR('',#3625,1.);
#395=VECTOR('',#3626,1.);
#396=VECTOR('',#3627,1.);
#397=VECTOR('',#3628,1.);
#398=VECTOR('',#3629,1.);
#399=VECTOR('',#3632,1.);
#400=VECTOR('',#3637,1.);
#401=VECTOR('',#3638,1.);
#402=VECTOR('',#3639,1.);
#403=VECTOR('',#3642,1.);
#404=VECTOR('',#3643,1.);
#405=VECTOR('',#3646,1.);
#406=VECTOR('',#3647,1.);
#407=VECTOR('',#3648,1.);
#408=VECTOR('',#3651,1.);
#409=VECTOR('',#3656,1.);
#410=VECTOR('',#3657,1.);
#411=VECTOR('',#3660,1.);
#412=SHAPE_REPRESENTATION_RELATIONSHIP('','',#2564,#418);
#413=SHAPE_REPRESENTATION_RELATIONSHIP('','',#2565,#419);
#414=SHAPE_REPRESENTATION_RELATIONSHIP('','',#2566,#420);
#415=SHAPE_REPRESENTATION_RELATIONSHIP('','',#2567,#421);
#416=SHAPE_REPRESENTATION_RELATIONSHIP('','',#2568,#422);
#417=SHAPE_REPRESENTATION_RELATIONSHIP('','',#2569,#423);
#418=ADVANCED_BREP_SHAPE_REPRESENTATION('',(#2552),#4630);
#419=ADVANCED_BREP_SHAPE_REPRESENTATION('',(#2553),#4631);
#420=ADVANCED_BREP_SHAPE_REPRESENTATION('',(#2554),#4632);
#421=ADVANCED_BREP_SHAPE_REPRESENTATION('',(#2555),#4633);
#422=ADVANCED_BREP_SHAPE_REPRESENTATION('',(#2556),#4634);
#423=ADVANCED_BREP_SHAPE_REPRESENTATION('',(#2557),#4635);
#424=DEGENERATE_TOROIDAL_SURFACE('',#2578,0.0021,0.0079,.T.);
#425=DEGENERATE_TOROIDAL_SURFACE('',#2579,0.0021,0.0079,.T.);
#426=DEGENERATE_TOROIDAL_SURFACE('',#2588,0.0021,0.0079,.T.);
#427=DEGENERATE_TOROIDAL_SURFACE('',#2589,0.0021,0.0079,.T.);
#428=PLANE('',#2574);
#429=PLANE('',#2576);
#430=PLANE('',#2584);
#431=PLANE('',#2586);
#432=PLANE('',#2591);
#433=PLANE('',#2600);
#434=PLANE('',#2608);
#435=PLANE('',#2609);
#436=PLANE('',#2610);
#437=PLANE('',#2611);
#438=PLANE('',#2619);
#439=PLANE('',#2623);
#440=PLANE('',#2638);
#441=PLANE('',#2642);
#442=PLANE('',#2650);
#443=PLANE('',#2655);
#444=PLANE('',#2662);
#445=PLANE('',#2672);
#446=PLANE('',#2681);
#447=PLANE('',#2687);
#448=PLANE('',#2689);
#449=PLANE('',#2693);
#450=PLANE('',#2697);
#451=PLANE('',#2700);
#452=PLANE('',#2704);
#453=PLANE('',#2705);
#454=PLANE('',#2706);
#455=PLANE('',#2707);
#456=PLANE('',#2708);
#457=PLANE('',#2709);
#458=PLANE('',#2711);
#459=PLANE('',#2715);
#460=PLANE('',#2719);
#461=PLANE('',#2727);
#462=PLANE('',#2728);
#463=PLANE('',#2729);
#464=PLANE('',#2730);
#465=PLANE('',#2745);
#466=PLANE('',#2750);
#467=PLANE('',#2759);
#468=PLANE('',#2764);
#469=PLANE('',#2774);
#470=PLANE('',#2775);
#471=PLANE('',#2776);
#472=PLANE('',#2778);
#473=PLANE('',#2792);
#474=PLANE('',#2793);
#475=PLANE('',#2799);
#476=PLANE('',#2800);
#477=PLANE('',#2801);
#478=PLANE('',#2810);
#479=PLANE('',#2812);
#480=PLANE('',#2813);
#481=PLANE('',#2814);
#482=PLANE('',#2815);
#483=PLANE('',#2816);
#484=PLANE('',#2817);
#485=PLANE('',#2818);
#486=PLANE('',#2821);
#487=PLANE('',#2843);
#488=PLANE('',#2844);
#489=PLANE('',#2845);
#490=PLANE('',#2854);
#491=PLANE('',#2862);
#492=PLANE('',#2863);
#493=PLANE('',#2866);
#494=PLANE('',#2867);
#495=PLANE('',#2868);
#496=PLANE('',#2869);
#497=PLANE('',#2872);
#498=PLANE('',#2875);
#499=PLANE('',#2876);
#500=PLANE('',#2877);
#501=PLANE('',#2878);
#502=ORIENTED_EDGE('',*,*,#1190,.T.);
#503=ORIENTED_EDGE('',*,*,#1191,.T.);
#504=ORIENTED_EDGE('',*,*,#1192,.T.);
#505=ORIENTED_EDGE('',*,*,#1193,.T.);
#506=ORIENTED_EDGE('',*,*,#1193,.F.);
#507=ORIENTED_EDGE('',*,*,#1190,.F.);
#508=ORIENTED_EDGE('',*,*,#1191,.F.);
#509=ORIENTED_EDGE('',*,*,#1192,.F.);
#510=ORIENTED_EDGE('',*,*,#1194,.T.);
#511=ORIENTED_EDGE('',*,*,#1195,.T.);
#512=ORIENTED_EDGE('',*,*,#1196,.T.);
#513=ORIENTED_EDGE('',*,*,#1197,.T.);
#514=ORIENTED_EDGE('',*,*,#1194,.F.);
#515=ORIENTED_EDGE('',*,*,#1197,.F.);
#516=ORIENTED_EDGE('',*,*,#1196,.F.);
#517=ORIENTED_EDGE('',*,*,#1195,.F.);
#518=ORIENTED_EDGE('',*,*,#1198,.F.);
#519=ORIENTED_EDGE('',*,*,#1199,.F.);
#520=ORIENTED_EDGE('',*,*,#1200,.F.);
#521=ORIENTED_EDGE('',*,*,#1201,.T.);
#522=ORIENTED_EDGE('',*,*,#1202,.T.);
#523=ORIENTED_EDGE('',*,*,#1203,.F.);
#524=ORIENTED_EDGE('',*,*,#1204,.T.);
#525=ORIENTED_EDGE('',*,*,#1205,.F.);
#526=ORIENTED_EDGE('',*,*,#1206,.F.);
#527=ORIENTED_EDGE('',*,*,#1207,.F.);
#528=ORIENTED_EDGE('',*,*,#1208,.F.);
#529=ORIENTED_EDGE('',*,*,#1209,.F.);
#530=ORIENTED_EDGE('',*,*,#1210,.T.);
#531=ORIENTED_EDGE('',*,*,#1211,.T.);
#532=ORIENTED_EDGE('',*,*,#1212,.T.);
#533=ORIENTED_EDGE('',*,*,#1213,.F.);
#534=ORIENTED_EDGE('',*,*,#1214,.F.);
#535=ORIENTED_EDGE('',*,*,#1215,.T.);
#536=ORIENTED_EDGE('',*,*,#1216,.T.);
#537=ORIENTED_EDGE('',*,*,#1217,.T.);
#538=ORIENTED_EDGE('',*,*,#1218,.F.);
#539=ORIENTED_EDGE('',*,*,#1219,.T.);
#540=ORIENTED_EDGE('',*,*,#1220,.F.);
#541=ORIENTED_EDGE('',*,*,#1221,.T.);
#542=ORIENTED_EDGE('',*,*,#1222,.F.);
#543=ORIENTED_EDGE('',*,*,#1223,.T.);
#544=ORIENTED_EDGE('',*,*,#1224,.T.);
#545=ORIENTED_EDGE('',*,*,#1200,.T.);
#546=ORIENTED_EDGE('',*,*,#1225,.T.);
#547=ORIENTED_EDGE('',*,*,#1226,.T.);
#548=ORIENTED_EDGE('',*,*,#1227,.T.);
#549=ORIENTED_EDGE('',*,*,#1228,.T.);
#550=ORIENTED_EDGE('',*,*,#1229,.F.);
#551=ORIENTED_EDGE('',*,*,#1230,.F.);
#552=ORIENTED_EDGE('',*,*,#1231,.T.);
#553=ORIENTED_EDGE('',*,*,#1232,.F.);
#554=ORIENTED_EDGE('',*,*,#1233,.F.);
#555=ORIENTED_EDGE('',*,*,#1234,.F.);
#556=ORIENTED_EDGE('',*,*,#1235,.T.);
#557=ORIENTED_EDGE('',*,*,#1236,.F.);
#558=ORIENTED_EDGE('',*,*,#1237,.F.);
#559=ORIENTED_EDGE('',*,*,#1238,.F.);
#560=ORIENTED_EDGE('',*,*,#1239,.F.);
#561=ORIENTED_EDGE('',*,*,#1240,.T.);
#562=ORIENTED_EDGE('',*,*,#1241,.F.);
#563=ORIENTED_EDGE('',*,*,#1242,.T.);
#564=ORIENTED_EDGE('',*,*,#1243,.F.);
#565=ORIENTED_EDGE('',*,*,#1244,.F.);
#566=ORIENTED_EDGE('',*,*,#1201,.F.);
#567=ORIENTED_EDGE('',*,*,#1224,.F.);
#568=ORIENTED_EDGE('',*,*,#1245,.F.);
#569=ORIENTED_EDGE('',*,*,#1246,.T.);
#570=ORIENTED_EDGE('',*,*,#1244,.T.);
#571=ORIENTED_EDGE('',*,*,#1247,.F.);
#572=ORIENTED_EDGE('',*,*,#1248,.F.);
#573=ORIENTED_EDGE('',*,*,#1245,.T.);
#574=ORIENTED_EDGE('',*,*,#1243,.T.);
#575=ORIENTED_EDGE('',*,*,#1249,.T.);
#576=ORIENTED_EDGE('',*,*,#1250,.F.);
#577=ORIENTED_EDGE('',*,*,#1247,.T.);
#578=ORIENTED_EDGE('',*,*,#1202,.F.);
#579=ORIENTED_EDGE('',*,*,#1246,.F.);
#580=ORIENTED_EDGE('',*,*,#1248,.T.);
#581=ORIENTED_EDGE('',*,*,#1250,.T.);
#582=ORIENTED_EDGE('',*,*,#1251,.F.);
#583=ORIENTED_EDGE('',*,*,#1216,.F.);
#584=ORIENTED_EDGE('',*,*,#1252,.F.);
#585=ORIENTED_EDGE('',*,*,#1253,.T.);
#586=ORIENTED_EDGE('',*,*,#1254,.F.);
#587=ORIENTED_EDGE('',*,*,#1255,.F.);
#588=ORIENTED_EDGE('',*,*,#1256,.F.);
#589=ORIENTED_EDGE('',*,*,#1257,.T.);
#590=ORIENTED_EDGE('',*,*,#1258,.F.);
#591=ORIENTED_EDGE('',*,*,#1259,.F.);
#592=ORIENTED_EDGE('',*,*,#1260,.F.);
#593=ORIENTED_EDGE('',*,*,#1235,.F.);
#594=ORIENTED_EDGE('',*,*,#1261,.T.);
#595=ORIENTED_EDGE('',*,*,#1207,.T.);
#596=ORIENTED_EDGE('',*,*,#1262,.F.);
#597=ORIENTED_EDGE('',*,*,#1263,.F.);
#598=ORIENTED_EDGE('',*,*,#1227,.F.);
#599=ORIENTED_EDGE('',*,*,#1264,.F.);
#600=ORIENTED_EDGE('',*,*,#1265,.F.);
#601=ORIENTED_EDGE('',*,*,#1239,.T.);
#602=ORIENTED_EDGE('',*,*,#1266,.T.);
#603=ORIENTED_EDGE('',*,*,#1267,.T.);
#604=ORIENTED_EDGE('',*,*,#1268,.F.);
#605=ORIENTED_EDGE('',*,*,#1212,.F.);
#606=ORIENTED_EDGE('',*,*,#1269,.F.);
#607=ORIENTED_EDGE('',*,*,#1231,.F.);
#608=ORIENTED_EDGE('',*,*,#1233,.T.);
#609=ORIENTED_EDGE('',*,*,#1270,.F.);
#610=ORIENTED_EDGE('',*,*,#1271,.F.);
#611=ORIENTED_EDGE('',*,*,#1272,.F.);
#612=ORIENTED_EDGE('',*,*,#1232,.T.);
#613=ORIENTED_EDGE('',*,*,#1269,.T.);
#614=ORIENTED_EDGE('',*,*,#1273,.T.);
#615=ORIENTED_EDGE('',*,*,#1270,.T.);
#616=ORIENTED_EDGE('',*,*,#1234,.T.);
#617=ORIENTED_EDGE('',*,*,#1272,.T.);
#618=ORIENTED_EDGE('',*,*,#1274,.T.);
#619=ORIENTED_EDGE('',*,*,#1258,.T.);
#620=ORIENTED_EDGE('',*,*,#1275,.F.);
#621=ORIENTED_EDGE('',*,*,#1276,.F.);
#622=ORIENTED_EDGE('',*,*,#1277,.F.);
#623=ORIENTED_EDGE('',*,*,#1229,.T.);
#624=ORIENTED_EDGE('',*,*,#1278,.T.);
#625=ORIENTED_EDGE('',*,*,#1263,.T.);
#626=ORIENTED_EDGE('',*,*,#1279,.T.);
#627=ORIENTED_EDGE('',*,*,#1278,.F.);
#628=ORIENTED_EDGE('',*,*,#1228,.F.);
#629=ORIENTED_EDGE('',*,*,#1280,.F.);
#630=ORIENTED_EDGE('',*,*,#1281,.F.);
#631=ORIENTED_EDGE('',*,*,#1237,.T.);
#632=ORIENTED_EDGE('',*,*,#1282,.F.);
#633=ORIENTED_EDGE('',*,*,#1283,.F.);
#634=ORIENTED_EDGE('',*,*,#1284,.F.);
#635=ORIENTED_EDGE('',*,*,#1266,.F.);
#636=ORIENTED_EDGE('',*,*,#1238,.T.);
#637=ORIENTED_EDGE('',*,*,#1281,.T.);
#638=ORIENTED_EDGE('',*,*,#1230,.T.);
#639=ORIENTED_EDGE('',*,*,#1277,.T.);
#640=ORIENTED_EDGE('',*,*,#1285,.T.);
#641=ORIENTED_EDGE('',*,*,#1268,.T.);
#642=ORIENTED_EDGE('',*,*,#1236,.T.);
#643=ORIENTED_EDGE('',*,*,#1260,.T.);
#644=ORIENTED_EDGE('',*,*,#1286,.T.);
#645=ORIENTED_EDGE('',*,*,#1282,.T.);
#646=ORIENTED_EDGE('',*,*,#1287,.F.);
#647=ORIENTED_EDGE('',*,*,#1241,.T.);
#648=ORIENTED_EDGE('',*,*,#1288,.T.);
#649=ORIENTED_EDGE('',*,*,#1265,.T.);
#650=ORIENTED_EDGE('',*,*,#1289,.T.);
#651=ORIENTED_EDGE('',*,*,#1288,.F.);
#652=ORIENTED_EDGE('',*,*,#1240,.F.);
#653=ORIENTED_EDGE('',*,*,#1290,.T.);
#654=ORIENTED_EDGE('',*,*,#1198,.T.);
#655=ORIENTED_EDGE('',*,*,#1261,.F.);
#656=ORIENTED_EDGE('',*,*,#1226,.F.);
#657=ORIENTED_EDGE('',*,*,#1225,.F.);
#658=ORIENTED_EDGE('',*,*,#1199,.T.);
#659=ORIENTED_EDGE('',*,*,#1290,.F.);
#660=ORIENTED_EDGE('',*,*,#1291,.F.);
#661=ORIENTED_EDGE('',*,*,#1292,.F.);
#662=ORIENTED_EDGE('',*,*,#1259,.T.);
#663=ORIENTED_EDGE('',*,*,#1293,.F.);
#664=ORIENTED_EDGE('',*,*,#1294,.T.);
#665=ORIENTED_EDGE('',*,*,#1295,.F.);
#666=ORIENTED_EDGE('',*,*,#1294,.F.);
#667=ORIENTED_EDGE('',*,*,#1296,.F.);
#668=ORIENTED_EDGE('',*,*,#1210,.F.);
#669=ORIENTED_EDGE('',*,*,#1297,.F.);
#670=ORIENTED_EDGE('',*,*,#1298,.F.);
#671=ORIENTED_EDGE('',*,*,#1299,.T.);
#672=ORIENTED_EDGE('',*,*,#1300,.T.);
#673=ORIENTED_EDGE('',*,*,#1301,.T.);
#674=ORIENTED_EDGE('',*,*,#1211,.F.);
#675=ORIENTED_EDGE('',*,*,#1302,.T.);
#676=ORIENTED_EDGE('',*,*,#1273,.F.);
#677=ORIENTED_EDGE('',*,*,#1302,.F.);
#678=ORIENTED_EDGE('',*,*,#1296,.T.);
#679=ORIENTED_EDGE('',*,*,#1303,.T.);
#680=ORIENTED_EDGE('',*,*,#1271,.T.);
#681=ORIENTED_EDGE('',*,*,#1303,.F.);
#682=ORIENTED_EDGE('',*,*,#1293,.T.);
#683=ORIENTED_EDGE('',*,*,#1274,.F.);
#684=ORIENTED_EDGE('',*,*,#1304,.F.);
#685=ORIENTED_EDGE('',*,*,#1305,.T.);
#686=ORIENTED_EDGE('',*,*,#1298,.T.);
#687=ORIENTED_EDGE('',*,*,#1306,.T.);
#688=ORIENTED_EDGE('',*,*,#1307,.F.);
#689=ORIENTED_EDGE('',*,*,#1304,.T.);
#690=ORIENTED_EDGE('',*,*,#1308,.F.);
#691=ORIENTED_EDGE('',*,*,#1309,.F.);
#692=ORIENTED_EDGE('',*,*,#1310,.F.);
#693=ORIENTED_EDGE('',*,*,#1311,.F.);
#694=ORIENTED_EDGE('',*,*,#1312,.F.);
#695=ORIENTED_EDGE('',*,*,#1213,.T.);
#696=ORIENTED_EDGE('',*,*,#1285,.F.);
#697=ORIENTED_EDGE('',*,*,#1276,.T.);
#698=ORIENTED_EDGE('',*,*,#1313,.F.);
#699=ORIENTED_EDGE('',*,*,#1311,.T.);
#700=ORIENTED_EDGE('',*,*,#1314,.T.);
#701=ORIENTED_EDGE('',*,*,#1209,.T.);
#702=ORIENTED_EDGE('',*,*,#1314,.F.);
#703=ORIENTED_EDGE('',*,*,#1310,.T.);
#704=ORIENTED_EDGE('',*,*,#1315,.T.);
#705=ORIENTED_EDGE('',*,*,#1297,.T.);
#706=ORIENTED_EDGE('',*,*,#1316,.F.);
#707=ORIENTED_EDGE('',*,*,#1295,.T.);
#708=ORIENTED_EDGE('',*,*,#1315,.F.);
#709=ORIENTED_EDGE('',*,*,#1309,.T.);
#710=ORIENTED_EDGE('',*,*,#1317,.F.);
#711=ORIENTED_EDGE('',*,*,#1283,.T.);
#712=ORIENTED_EDGE('',*,*,#1286,.F.);
#713=ORIENTED_EDGE('',*,*,#1292,.T.);
#714=ORIENTED_EDGE('',*,*,#1318,.F.);
#715=ORIENTED_EDGE('',*,*,#1319,.T.);
#716=ORIENTED_EDGE('',*,*,#1320,.F.);
#717=ORIENTED_EDGE('',*,*,#1318,.T.);
#718=ORIENTED_EDGE('',*,*,#1321,.F.);
#719=ORIENTED_EDGE('',*,*,#1300,.F.);
#720=ORIENTED_EDGE('',*,*,#1262,.T.);
#721=ORIENTED_EDGE('',*,*,#1206,.T.);
#722=ORIENTED_EDGE('',*,*,#1322,.T.);
#723=ORIENTED_EDGE('',*,*,#1323,.T.);
#724=ORIENTED_EDGE('',*,*,#1324,.T.);
#725=ORIENTED_EDGE('',*,*,#1325,.T.);
#726=ORIENTED_EDGE('',*,*,#1326,.T.);
#727=ORIENTED_EDGE('',*,*,#1327,.T.);
#728=ORIENTED_EDGE('',*,*,#1257,.F.);
#729=ORIENTED_EDGE('',*,*,#1328,.T.);
#730=ORIENTED_EDGE('',*,*,#1322,.F.);
#731=ORIENTED_EDGE('',*,*,#1205,.T.);
#732=ORIENTED_EDGE('',*,*,#1329,.T.);
#733=ORIENTED_EDGE('',*,*,#1203,.T.);
#734=ORIENTED_EDGE('',*,*,#1204,.F.);
#735=ORIENTED_EDGE('',*,*,#1329,.F.);
#736=ORIENTED_EDGE('',*,*,#1267,.F.);
#737=ORIENTED_EDGE('',*,*,#1330,.T.);
#738=ORIENTED_EDGE('',*,*,#1220,.T.);
#739=ORIENTED_EDGE('',*,*,#1331,.T.);
#740=ORIENTED_EDGE('',*,*,#1332,.F.);
#741=ORIENTED_EDGE('',*,*,#1218,.T.);
#742=ORIENTED_EDGE('',*,*,#1306,.F.);
#743=ORIENTED_EDGE('',*,*,#1333,.T.);
#744=ORIENTED_EDGE('',*,*,#1334,.T.);
#745=ORIENTED_EDGE('',*,*,#1335,.T.);
#746=ORIENTED_EDGE('',*,*,#1253,.F.);
#747=ORIENTED_EDGE('',*,*,#1336,.T.);
#748=ORIENTED_EDGE('',*,*,#1337,.T.);
#749=ORIENTED_EDGE('',*,*,#1338,.T.);
#750=ORIENTED_EDGE('',*,*,#1334,.F.);
#751=ORIENTED_EDGE('',*,*,#1339,.T.);
#752=ORIENTED_EDGE('',*,*,#1337,.F.);
#753=ORIENTED_EDGE('',*,*,#1340,.T.);
#754=ORIENTED_EDGE('',*,*,#1255,.T.);
#755=ORIENTED_EDGE('',*,*,#1341,.T.);
#756=ORIENTED_EDGE('',*,*,#1215,.F.);
#757=ORIENTED_EDGE('',*,*,#1342,.T.);
#758=ORIENTED_EDGE('',*,*,#1343,.T.);
#759=ORIENTED_EDGE('',*,*,#1223,.F.);
#760=ORIENTED_EDGE('',*,*,#1343,.F.);
#761=ORIENTED_EDGE('',*,*,#1344,.F.);
#762=ORIENTED_EDGE('',*,*,#1222,.T.);
#763=ORIENTED_EDGE('',*,*,#1344,.T.);
#764=ORIENTED_EDGE('',*,*,#1324,.F.);
#765=ORIENTED_EDGE('',*,*,#1345,.T.);
#766=ORIENTED_EDGE('',*,*,#1346,.F.);
#767=ORIENTED_EDGE('',*,*,#1347,.T.);
#768=ORIENTED_EDGE('',*,*,#1326,.F.);
#769=ORIENTED_EDGE('',*,*,#1348,.T.);
#770=ORIENTED_EDGE('',*,*,#1348,.F.);
#771=ORIENTED_EDGE('',*,*,#1325,.F.);
#772=ORIENTED_EDGE('',*,*,#1349,.F.);
#773=ORIENTED_EDGE('',*,*,#1346,.T.);
#774=ORIENTED_EDGE('',*,*,#1319,.F.);
#775=ORIENTED_EDGE('',*,*,#1320,.T.);
#776=ORIENTED_EDGE('',*,*,#1299,.F.);
#777=ORIENTED_EDGE('',*,*,#1305,.F.);
#778=ORIENTED_EDGE('',*,*,#1307,.T.);
#779=ORIENTED_EDGE('',*,*,#1313,.T.);
#780=ORIENTED_EDGE('',*,*,#1208,.T.);
#781=ORIENTED_EDGE('',*,*,#1341,.F.);
#782=ORIENTED_EDGE('',*,*,#1254,.T.);
#783=ORIENTED_EDGE('',*,*,#1339,.F.);
#784=ORIENTED_EDGE('',*,*,#1333,.F.);
#785=ORIENTED_EDGE('',*,*,#1301,.F.);
#786=ORIENTED_EDGE('',*,*,#1321,.T.);
#787=ORIENTED_EDGE('',*,*,#1280,.T.);
#788=ORIENTED_EDGE('',*,*,#1317,.T.);
#789=ORIENTED_EDGE('',*,*,#1291,.T.);
#790=ORIENTED_EDGE('',*,*,#1316,.T.);
#791=ORIENTED_EDGE('',*,*,#1308,.T.);
#792=ORIENTED_EDGE('',*,*,#1335,.F.);
#793=ORIENTED_EDGE('',*,*,#1338,.F.);
#794=ORIENTED_EDGE('',*,*,#1340,.F.);
#795=ORIENTED_EDGE('',*,*,#1336,.F.);
#796=ORIENTED_EDGE('',*,*,#1252,.T.);
#797=ORIENTED_EDGE('',*,*,#1221,.F.);
#798=ORIENTED_EDGE('',*,*,#1330,.F.);
#799=ORIENTED_EDGE('',*,*,#1284,.T.);
#800=ORIENTED_EDGE('',*,*,#1242,.F.);
#801=ORIENTED_EDGE('',*,*,#1287,.T.);
#802=ORIENTED_EDGE('',*,*,#1289,.F.);
#803=ORIENTED_EDGE('',*,*,#1264,.T.);
#804=ORIENTED_EDGE('',*,*,#1331,.F.);
#805=ORIENTED_EDGE('',*,*,#1219,.F.);
#806=ORIENTED_EDGE('',*,*,#1332,.T.);
#807=ORIENTED_EDGE('',*,*,#1217,.F.);
#808=ORIENTED_EDGE('',*,*,#1251,.T.);
#809=ORIENTED_EDGE('',*,*,#1249,.F.);
#810=ORIENTED_EDGE('',*,*,#1342,.F.);
#811=ORIENTED_EDGE('',*,*,#1214,.T.);
#812=ORIENTED_EDGE('',*,*,#1312,.T.);
#813=ORIENTED_EDGE('',*,*,#1275,.T.);
#814=ORIENTED_EDGE('',*,*,#1279,.F.);
#815=ORIENTED_EDGE('',*,*,#1327,.F.);
#816=ORIENTED_EDGE('',*,*,#1347,.F.);
#817=ORIENTED_EDGE('',*,*,#1349,.T.);
#818=ORIENTED_EDGE('',*,*,#1345,.F.);
#819=ORIENTED_EDGE('',*,*,#1323,.F.);
#820=ORIENTED_EDGE('',*,*,#1328,.F.);
#821=ORIENTED_EDGE('',*,*,#1256,.T.);
#822=ORIENTED_EDGE('',*,*,#1350,.F.);
#823=ORIENTED_EDGE('',*,*,#1351,.T.);
#824=ORIENTED_EDGE('',*,*,#1352,.T.);
#825=ORIENTED_EDGE('',*,*,#1353,.F.);
#826=ORIENTED_EDGE('',*,*,#1354,.F.);
#827=ORIENTED_EDGE('',*,*,#1355,.F.);
#828=ORIENTED_EDGE('',*,*,#1356,.T.);
#829=ORIENTED_EDGE('',*,*,#1357,.T.);
#830=ORIENTED_EDGE('',*,*,#1358,.T.);
#831=ORIENTED_EDGE('',*,*,#1359,.F.);
#832=ORIENTED_EDGE('',*,*,#1360,.F.);
#833=ORIENTED_EDGE('',*,*,#1361,.F.);
#834=ORIENTED_EDGE('',*,*,#1362,.T.);
#835=ORIENTED_EDGE('',*,*,#1363,.T.);
#836=ORIENTED_EDGE('',*,*,#1364,.F.);
#837=ORIENTED_EDGE('',*,*,#1365,.T.);
#838=ORIENTED_EDGE('',*,*,#1366,.F.);
#839=ORIENTED_EDGE('',*,*,#1353,.T.);
#840=ORIENTED_EDGE('',*,*,#1367,.T.);
#841=ORIENTED_EDGE('',*,*,#1368,.T.);
#842=ORIENTED_EDGE('',*,*,#1369,.T.);
#843=ORIENTED_EDGE('',*,*,#1370,.F.);
#844=ORIENTED_EDGE('',*,*,#1371,.T.);
#845=ORIENTED_EDGE('',*,*,#1372,.T.);
#846=ORIENTED_EDGE('',*,*,#1373,.T.);
#847=ORIENTED_EDGE('',*,*,#1374,.F.);
#848=ORIENTED_EDGE('',*,*,#1375,.T.);
#849=ORIENTED_EDGE('',*,*,#1376,.T.);
#850=ORIENTED_EDGE('',*,*,#1377,.F.);
#851=ORIENTED_EDGE('',*,*,#1358,.F.);
#852=ORIENTED_EDGE('',*,*,#1378,.F.);
#853=ORIENTED_EDGE('',*,*,#1379,.F.);
#854=ORIENTED_EDGE('',*,*,#1380,.T.);
#855=ORIENTED_EDGE('',*,*,#1381,.F.);
#856=ORIENTED_EDGE('',*,*,#1361,.T.);
#857=ORIENTED_EDGE('',*,*,#1382,.T.);
#858=ORIENTED_EDGE('',*,*,#1383,.F.);
#859=ORIENTED_EDGE('',*,*,#1384,.T.);
#860=ORIENTED_EDGE('',*,*,#1362,.F.);
#861=ORIENTED_EDGE('',*,*,#1384,.F.);
#862=ORIENTED_EDGE('',*,*,#1385,.T.);
#863=ORIENTED_EDGE('',*,*,#1386,.T.);
#864=ORIENTED_EDGE('',*,*,#1387,.F.);
#865=ORIENTED_EDGE('',*,*,#1363,.F.);
#866=ORIENTED_EDGE('',*,*,#1386,.F.);
#867=ORIENTED_EDGE('',*,*,#1388,.T.);
#868=ORIENTED_EDGE('',*,*,#1383,.T.);
#869=ORIENTED_EDGE('',*,*,#1389,.T.);
#870=ORIENTED_EDGE('',*,*,#1388,.F.);
#871=ORIENTED_EDGE('',*,*,#1385,.F.);
#872=ORIENTED_EDGE('',*,*,#1390,.F.);
#873=ORIENTED_EDGE('',*,*,#1391,.T.);
#874=ORIENTED_EDGE('',*,*,#1392,.F.);
#875=ORIENTED_EDGE('',*,*,#1370,.T.);
#876=ORIENTED_EDGE('',*,*,#1393,.F.);
#877=ORIENTED_EDGE('',*,*,#1394,.T.);
#878=ORIENTED_EDGE('',*,*,#1395,.F.);
#879=ORIENTED_EDGE('',*,*,#1374,.T.);
#880=ORIENTED_EDGE('',*,*,#1396,.F.);
#881=ORIENTED_EDGE('',*,*,#1397,.F.);
#882=ORIENTED_EDGE('',*,*,#1372,.F.);
#883=ORIENTED_EDGE('',*,*,#1398,.F.);
#884=ORIENTED_EDGE('',*,*,#1399,.F.);
#885=ORIENTED_EDGE('',*,*,#1393,.T.);
#886=ORIENTED_EDGE('',*,*,#1373,.F.);
#887=ORIENTED_EDGE('',*,*,#1397,.T.);
#888=ORIENTED_EDGE('',*,*,#1400,.F.);
#889=ORIENTED_EDGE('',*,*,#1398,.T.);
#890=ORIENTED_EDGE('',*,*,#1371,.F.);
#891=ORIENTED_EDGE('',*,*,#1392,.T.);
#892=ORIENTED_EDGE('',*,*,#1401,.F.);
#893=ORIENTED_EDGE('',*,*,#1402,.T.);
#894=ORIENTED_EDGE('',*,*,#1376,.F.);
#895=ORIENTED_EDGE('',*,*,#1403,.F.);
#896=ORIENTED_EDGE('',*,*,#1402,.F.);
#897=ORIENTED_EDGE('',*,*,#1404,.T.);
#898=ORIENTED_EDGE('',*,*,#1405,.T.);
#899=ORIENTED_EDGE('',*,*,#1359,.T.);
#900=ORIENTED_EDGE('',*,*,#1377,.T.);
#901=ORIENTED_EDGE('',*,*,#1406,.F.);
#902=ORIENTED_EDGE('',*,*,#1407,.F.);
#903=ORIENTED_EDGE('',*,*,#1368,.F.);
#904=ORIENTED_EDGE('',*,*,#1408,.F.);
#905=ORIENTED_EDGE('',*,*,#1409,.F.);
#906=ORIENTED_EDGE('',*,*,#1408,.T.);
#907=ORIENTED_EDGE('',*,*,#1367,.F.);
#908=ORIENTED_EDGE('',*,*,#1352,.F.);
#909=ORIENTED_EDGE('',*,*,#1410,.F.);
#910=ORIENTED_EDGE('',*,*,#1411,.F.);
#911=ORIENTED_EDGE('',*,*,#1403,.T.);
#912=ORIENTED_EDGE('',*,*,#1375,.F.);
#913=ORIENTED_EDGE('',*,*,#1395,.T.);
#914=ORIENTED_EDGE('',*,*,#1412,.F.);
#915=ORIENTED_EDGE('',*,*,#1390,.T.);
#916=ORIENTED_EDGE('',*,*,#1369,.F.);
#917=ORIENTED_EDGE('',*,*,#1407,.T.);
#918=ORIENTED_EDGE('',*,*,#1413,.F.);
#919=ORIENTED_EDGE('',*,*,#1414,.T.);
#920=ORIENTED_EDGE('',*,*,#1365,.F.);
#921=ORIENTED_EDGE('',*,*,#1414,.F.);
#922=ORIENTED_EDGE('',*,*,#1415,.T.);
#923=ORIENTED_EDGE('',*,*,#1354,.T.);
#924=ORIENTED_EDGE('',*,*,#1366,.T.);
#925=ORIENTED_EDGE('',*,*,#1357,.F.);
#926=ORIENTED_EDGE('',*,*,#1416,.T.);
#927=ORIENTED_EDGE('',*,*,#1417,.T.);
#928=ORIENTED_EDGE('',*,*,#1378,.T.);
#929=ORIENTED_EDGE('',*,*,#1417,.F.);
#930=ORIENTED_EDGE('',*,*,#1418,.T.);
#931=ORIENTED_EDGE('',*,*,#1379,.T.);
#932=ORIENTED_EDGE('',*,*,#1419,.T.);
#933=ORIENTED_EDGE('',*,*,#1420,.T.);
#934=ORIENTED_EDGE('',*,*,#1421,.F.);
#935=ORIENTED_EDGE('',*,*,#1422,.T.);
#936=ORIENTED_EDGE('',*,*,#1355,.T.);
#937=ORIENTED_EDGE('',*,*,#1421,.T.);
#938=ORIENTED_EDGE('',*,*,#1423,.T.);
#939=ORIENTED_EDGE('',*,*,#1424,.F.);
#940=ORIENTED_EDGE('',*,*,#1425,.T.);
#941=ORIENTED_EDGE('',*,*,#1424,.T.);
#942=ORIENTED_EDGE('',*,*,#1426,.T.);
#943=ORIENTED_EDGE('',*,*,#1427,.F.);
#944=ORIENTED_EDGE('',*,*,#1428,.T.);
#945=ORIENTED_EDGE('',*,*,#1429,.F.);
#946=ORIENTED_EDGE('',*,*,#1419,.F.);
#947=ORIENTED_EDGE('',*,*,#1405,.F.);
#948=ORIENTED_EDGE('',*,*,#1427,.T.);
#949=ORIENTED_EDGE('',*,*,#1430,.T.);
#950=ORIENTED_EDGE('',*,*,#1431,.F.);
#951=ORIENTED_EDGE('',*,*,#1410,.T.);
#952=ORIENTED_EDGE('',*,*,#1432,.T.);
#953=ORIENTED_EDGE('',*,*,#1433,.F.);
#954=ORIENTED_EDGE('',*,*,#1434,.T.);
#955=ORIENTED_EDGE('',*,*,#1435,.F.);
#956=ORIENTED_EDGE('',*,*,#1436,.T.);
#957=ORIENTED_EDGE('',*,*,#1433,.T.);
#958=ORIENTED_EDGE('',*,*,#1437,.T.);
#959=ORIENTED_EDGE('',*,*,#1435,.T.);
#960=ORIENTED_EDGE('',*,*,#1438,.T.);
#961=ORIENTED_EDGE('',*,*,#1439,.F.);
#962=ORIENTED_EDGE('',*,*,#1440,.T.);
#963=ORIENTED_EDGE('',*,*,#1351,.F.);
#964=ORIENTED_EDGE('',*,*,#1441,.T.);
#965=ORIENTED_EDGE('',*,*,#1439,.T.);
#966=ORIENTED_EDGE('',*,*,#1442,.T.);
#967=ORIENTED_EDGE('',*,*,#1432,.F.);
#968=ORIENTED_EDGE('',*,*,#1443,.T.);
#969=ORIENTED_EDGE('',*,*,#1444,.F.);
#970=ORIENTED_EDGE('',*,*,#1445,.F.);
#971=ORIENTED_EDGE('',*,*,#1381,.T.);
#972=ORIENTED_EDGE('',*,*,#1443,.F.);
#973=ORIENTED_EDGE('',*,*,#1445,.T.);
#974=ORIENTED_EDGE('',*,*,#1444,.T.);
#975=ORIENTED_EDGE('',*,*,#1446,.F.);
#976=ORIENTED_EDGE('',*,*,#1447,.T.);
#977=ORIENTED_EDGE('',*,*,#1448,.T.);
#978=ORIENTED_EDGE('',*,*,#1380,.F.);
#979=ORIENTED_EDGE('',*,*,#1446,.T.);
#980=ORIENTED_EDGE('',*,*,#1448,.F.);
#981=ORIENTED_EDGE('',*,*,#1447,.F.);
#982=ORIENTED_EDGE('',*,*,#1428,.F.);
#983=ORIENTED_EDGE('',*,*,#1430,.F.);
#984=ORIENTED_EDGE('',*,*,#1426,.F.);
#985=ORIENTED_EDGE('',*,*,#1423,.F.);
#986=ORIENTED_EDGE('',*,*,#1420,.F.);
#987=ORIENTED_EDGE('',*,*,#1429,.T.);
#988=ORIENTED_EDGE('',*,*,#1404,.F.);
#989=ORIENTED_EDGE('',*,*,#1401,.T.);
#990=ORIENTED_EDGE('',*,*,#1411,.T.);
#991=ORIENTED_EDGE('',*,*,#1394,.F.);
#992=ORIENTED_EDGE('',*,*,#1399,.T.);
#993=ORIENTED_EDGE('',*,*,#1396,.T.);
#994=ORIENTED_EDGE('',*,*,#1400,.T.);
#995=ORIENTED_EDGE('',*,*,#1391,.F.);
#996=ORIENTED_EDGE('',*,*,#1412,.T.);
#997=ORIENTED_EDGE('',*,*,#1406,.T.);
#998=ORIENTED_EDGE('',*,*,#1409,.T.);
#999=ORIENTED_EDGE('',*,*,#1431,.T.);
#1000=ORIENTED_EDGE('',*,*,#1442,.F.);
#1001=ORIENTED_EDGE('',*,*,#1438,.F.);
#1002=ORIENTED_EDGE('',*,*,#1437,.F.);
#1003=ORIENTED_EDGE('',*,*,#1434,.F.);
#1004=ORIENTED_EDGE('',*,*,#1436,.F.);
#1005=ORIENTED_EDGE('',*,*,#1440,.F.);
#1006=ORIENTED_EDGE('',*,*,#1441,.F.);
#1007=ORIENTED_EDGE('',*,*,#1350,.T.);
#1008=ORIENTED_EDGE('',*,*,#1415,.F.);
#1009=ORIENTED_EDGE('',*,*,#1413,.T.);
#1010=ORIENTED_EDGE('',*,*,#1364,.T.);
#1011=ORIENTED_EDGE('',*,*,#1387,.T.);
#1012=ORIENTED_EDGE('',*,*,#1389,.F.);
#1013=ORIENTED_EDGE('',*,*,#1382,.F.);
#1014=ORIENTED_EDGE('',*,*,#1360,.T.);
#1015=ORIENTED_EDGE('',*,*,#1418,.F.);
#1016=ORIENTED_EDGE('',*,*,#1416,.F.);
#1017=ORIENTED_EDGE('',*,*,#1356,.F.);
#1018=ORIENTED_EDGE('',*,*,#1422,.F.);
#1019=ORIENTED_EDGE('',*,*,#1425,.F.);
#1020=ORIENTED_EDGE('',*,*,#1449,.T.);
#1021=ORIENTED_EDGE('',*,*,#1450,.F.);
#1022=ORIENTED_EDGE('',*,*,#1450,.T.);
#1023=ORIENTED_EDGE('',*,*,#1451,.F.);
#1024=ORIENTED_EDGE('',*,*,#1452,.F.);
#1025=ORIENTED_EDGE('',*,*,#1451,.T.);
#1026=ORIENTED_EDGE('',*,*,#1453,.F.);
#1027=ORIENTED_EDGE('',*,*,#1454,.T.);
#1028=ORIENTED_EDGE('',*,*,#1455,.T.);
#1029=ORIENTED_EDGE('',*,*,#1456,.T.);
#1030=ORIENTED_EDGE('',*,*,#1457,.T.);
#1031=ORIENTED_EDGE('',*,*,#1458,.T.);
#1032=ORIENTED_EDGE('',*,*,#1459,.T.);
#1033=ORIENTED_EDGE('',*,*,#1460,.F.);
#1034=ORIENTED_EDGE('',*,*,#1461,.T.);
#1035=ORIENTED_EDGE('',*,*,#1462,.F.);
#1036=ORIENTED_EDGE('',*,*,#1461,.F.);
#1037=ORIENTED_EDGE('',*,*,#1463,.T.);
#1038=ORIENTED_EDGE('',*,*,#1464,.T.);
#1039=ORIENTED_EDGE('',*,*,#1465,.F.);
#1040=ORIENTED_EDGE('',*,*,#1466,.F.);
#1041=ORIENTED_EDGE('',*,*,#1464,.F.);
#1042=ORIENTED_EDGE('',*,*,#1467,.T.);
#1043=ORIENTED_EDGE('',*,*,#1468,.T.);
#1044=ORIENTED_EDGE('',*,*,#1469,.T.);
#1045=ORIENTED_EDGE('',*,*,#1470,.F.);
#1046=ORIENTED_EDGE('',*,*,#1471,.T.);
#1047=ORIENTED_EDGE('',*,*,#1449,.F.);
#1048=ORIENTED_EDGE('',*,*,#1472,.T.);
#1049=ORIENTED_EDGE('',*,*,#1473,.T.);
#1050=ORIENTED_EDGE('',*,*,#1474,.F.);
#1051=ORIENTED_EDGE('',*,*,#1475,.T.);
#1052=ORIENTED_EDGE('',*,*,#1476,.F.);
#1053=ORIENTED_EDGE('',*,*,#1477,.T.);
#1054=ORIENTED_EDGE('',*,*,#1478,.T.);
#1055=ORIENTED_EDGE('',*,*,#1479,.T.);
#1056=ORIENTED_EDGE('',*,*,#1480,.F.);
#1057=ORIENTED_EDGE('',*,*,#1456,.F.);
#1058=ORIENTED_EDGE('',*,*,#1481,.T.);
#1059=ORIENTED_EDGE('',*,*,#1470,.T.);
#1060=ORIENTED_EDGE('',*,*,#1482,.T.);
#1061=ORIENTED_EDGE('',*,*,#1474,.T.);
#1062=ORIENTED_EDGE('',*,*,#1483,.F.);
#1063=ORIENTED_EDGE('',*,*,#1467,.F.);
#1064=ORIENTED_EDGE('',*,*,#1463,.F.);
#1065=ORIENTED_EDGE('',*,*,#1460,.T.);
#1066=ORIENTED_EDGE('',*,*,#1466,.T.);
#1067=ORIENTED_EDGE('',*,*,#1484,.T.);
#1068=ORIENTED_EDGE('',*,*,#1458,.F.);
#1069=ORIENTED_EDGE('',*,*,#1462,.T.);
#1070=ORIENTED_EDGE('',*,*,#1457,.F.);
#1071=ORIENTED_EDGE('',*,*,#1485,.T.);
#1072=ORIENTED_EDGE('',*,*,#1485,.F.);
#1073=ORIENTED_EDGE('',*,*,#1486,.T.);
#1074=ORIENTED_EDGE('',*,*,#1487,.F.);
#1075=ORIENTED_EDGE('',*,*,#1486,.F.);
#1076=ORIENTED_EDGE('',*,*,#1481,.F.);
#1077=ORIENTED_EDGE('',*,*,#1455,.F.);
#1078=ORIENTED_EDGE('',*,*,#1488,.F.);
#1079=ORIENTED_EDGE('',*,*,#1471,.F.);
#1080=ORIENTED_EDGE('',*,*,#1489,.F.);
#1081=ORIENTED_EDGE('',*,*,#1479,.F.);
#1082=ORIENTED_EDGE('',*,*,#1490,.F.);
#1083=ORIENTED_EDGE('',*,*,#1454,.F.);
#1084=ORIENTED_EDGE('',*,*,#1488,.T.);
#1085=ORIENTED_EDGE('',*,*,#1490,.T.);
#1086=ORIENTED_EDGE('',*,*,#1491,.F.);
#1087=ORIENTED_EDGE('',*,*,#1491,.T.);
#1088=ORIENTED_EDGE('',*,*,#1478,.F.);
#1089=ORIENTED_EDGE('',*,*,#1492,.F.);
#1090=ORIENTED_EDGE('',*,*,#1468,.F.);
#1091=ORIENTED_EDGE('',*,*,#1482,.F.);
#1092=ORIENTED_EDGE('',*,*,#1469,.F.);
#1093=ORIENTED_EDGE('',*,*,#1493,.F.);
#1094=ORIENTED_EDGE('',*,*,#1475,.F.);
#1095=ORIENTED_EDGE('',*,*,#1493,.T.);
#1096=ORIENTED_EDGE('',*,*,#1492,.T.);
#1097=ORIENTED_EDGE('',*,*,#1494,.F.);
#1098=ORIENTED_EDGE('',*,*,#1495,.F.);
#1099=ORIENTED_EDGE('',*,*,#1472,.F.);
#1100=ORIENTED_EDGE('',*,*,#1494,.T.);
#1101=ORIENTED_EDGE('',*,*,#1477,.F.);
#1102=ORIENTED_EDGE('',*,*,#1453,.T.);
#1103=ORIENTED_EDGE('',*,*,#1480,.T.);
#1104=ORIENTED_EDGE('',*,*,#1459,.F.);
#1105=ORIENTED_EDGE('',*,*,#1484,.F.);
#1106=ORIENTED_EDGE('',*,*,#1465,.T.);
#1107=ORIENTED_EDGE('',*,*,#1483,.T.);
#1108=ORIENTED_EDGE('',*,*,#1473,.F.);
#1109=ORIENTED_EDGE('',*,*,#1495,.T.);
#1110=ORIENTED_EDGE('',*,*,#1476,.T.);
#1111=ORIENTED_EDGE('',*,*,#1489,.T.);
#1112=ORIENTED_EDGE('',*,*,#1487,.T.);
#1113=ORIENTED_EDGE('',*,*,#1452,.T.);
#1114=ORIENTED_EDGE('',*,*,#1496,.F.);
#1115=ORIENTED_EDGE('',*,*,#1497,.T.);
#1116=ORIENTED_EDGE('',*,*,#1497,.F.);
#1117=ORIENTED_EDGE('',*,*,#1498,.T.);
#1118=ORIENTED_EDGE('',*,*,#1499,.F.);
#1119=ORIENTED_EDGE('',*,*,#1498,.F.);
#1120=ORIENTED_EDGE('',*,*,#1500,.F.);
#1121=ORIENTED_EDGE('',*,*,#1501,.F.);
#1122=ORIENTED_EDGE('',*,*,#1502,.T.);
#1123=ORIENTED_EDGE('',*,*,#1503,.F.);
#1124=ORIENTED_EDGE('',*,*,#1496,.T.);
#1125=ORIENTED_EDGE('',*,*,#1504,.F.);
#1126=ORIENTED_EDGE('',*,*,#1505,.T.);
#1127=ORIENTED_EDGE('',*,*,#1506,.T.);
#1128=ORIENTED_EDGE('',*,*,#1505,.F.);
#1129=ORIENTED_EDGE('',*,*,#1507,.T.);
#1130=ORIENTED_EDGE('',*,*,#1506,.F.);
#1131=ORIENTED_EDGE('',*,*,#1508,.T.);
#1132=ORIENTED_EDGE('',*,*,#1509,.T.);
#1133=ORIENTED_EDGE('',*,*,#1510,.T.);
#1134=ORIENTED_EDGE('',*,*,#1511,.T.);
#1135=ORIENTED_EDGE('',*,*,#1507,.F.);
#1136=ORIENTED_EDGE('',*,*,#1510,.F.);
#1137=ORIENTED_EDGE('',*,*,#1512,.T.);
#1138=ORIENTED_EDGE('',*,*,#1513,.T.);
#1139=ORIENTED_EDGE('',*,*,#1514,.F.);
#1140=ORIENTED_EDGE('',*,*,#1515,.F.);
#1141=ORIENTED_EDGE('',*,*,#1516,.T.);
#1142=ORIENTED_EDGE('',*,*,#1503,.T.);
#1143=ORIENTED_EDGE('',*,*,#1517,.T.);
#1144=ORIENTED_EDGE('',*,*,#1518,.T.);
#1145=ORIENTED_EDGE('',*,*,#1519,.T.);
#1146=ORIENTED_EDGE('',*,*,#1520,.T.);
#1147=ORIENTED_EDGE('',*,*,#1521,.T.);
#1148=ORIENTED_EDGE('',*,*,#1515,.T.);
#1149=ORIENTED_EDGE('',*,*,#1522,.T.);
#1150=ORIENTED_EDGE('',*,*,#1522,.F.);
#1151=ORIENTED_EDGE('',*,*,#1514,.T.);
#1152=ORIENTED_EDGE('',*,*,#1523,.T.);
#1153=ORIENTED_EDGE('',*,*,#1524,.T.);
#1154=ORIENTED_EDGE('',*,*,#1518,.F.);
#1155=ORIENTED_EDGE('',*,*,#1525,.T.);
#1156=ORIENTED_EDGE('',*,*,#1526,.F.);
#1157=ORIENTED_EDGE('',*,*,#1527,.T.);
#1158=ORIENTED_EDGE('',*,*,#1528,.F.);
#1159=ORIENTED_EDGE('',*,*,#1508,.F.);
#1160=ORIENTED_EDGE('',*,*,#1529,.T.);
#1161=ORIENTED_EDGE('',*,*,#1526,.T.);
#1162=ORIENTED_EDGE('',*,*,#1530,.T.);
#1163=ORIENTED_EDGE('',*,*,#1501,.T.);
#1164=ORIENTED_EDGE('',*,*,#1531,.F.);
#1165=ORIENTED_EDGE('',*,*,#1520,.F.);
#1166=ORIENTED_EDGE('',*,*,#1524,.F.);
#1167=ORIENTED_EDGE('',*,*,#1532,.T.);
#1168=ORIENTED_EDGE('',*,*,#1533,.F.);
#1169=ORIENTED_EDGE('',*,*,#1532,.F.);
#1170=ORIENTED_EDGE('',*,*,#1523,.F.);
#1171=ORIENTED_EDGE('',*,*,#1513,.F.);
#1172=ORIENTED_EDGE('',*,*,#1517,.F.);
#1173=ORIENTED_EDGE('',*,*,#1502,.F.);
#1174=ORIENTED_EDGE('',*,*,#1530,.F.);
#1175=ORIENTED_EDGE('',*,*,#1525,.F.);
#1176=ORIENTED_EDGE('',*,*,#1519,.F.);
#1177=ORIENTED_EDGE('',*,*,#1527,.F.);
#1178=ORIENTED_EDGE('',*,*,#1529,.F.);
#1179=ORIENTED_EDGE('',*,*,#1511,.F.);
#1180=ORIENTED_EDGE('',*,*,#1531,.T.);
#1181=ORIENTED_EDGE('',*,*,#1500,.T.);
#1182=ORIENTED_EDGE('',*,*,#1516,.F.);
#1183=ORIENTED_EDGE('',*,*,#1521,.F.);
#1184=ORIENTED_EDGE('',*,*,#1509,.F.);
#1185=ORIENTED_EDGE('',*,*,#1528,.T.);
#1186=ORIENTED_EDGE('',*,*,#1533,.T.);
#1187=ORIENTED_EDGE('',*,*,#1512,.F.);
#1188=ORIENTED_EDGE('',*,*,#1504,.T.);
#1189=ORIENTED_EDGE('',*,*,#1499,.T.);
#1190=EDGE_CURVE('',#1534,#1534,#1768,.T.);
#1191=EDGE_CURVE('',#1535,#1535,#1769,.F.);
#1192=EDGE_CURVE('',#1536,#1536,#1770,.T.);
#1193=EDGE_CURVE('',#1537,#1537,#1771,.F.);
#1194=EDGE_CURVE('',#1538,#1538,#1772,.T.);
#1195=EDGE_CURVE('',#1539,#1539,#1773,.F.);
#1196=EDGE_CURVE('',#1540,#1540,#1774,.T.);
#1197=EDGE_CURVE('',#1541,#1541,#1775,.F.);
#1198=EDGE_CURVE('',#1542,#1543,#60,.F.);
#1199=EDGE_CURVE('',#1544,#1542,#61,.T.);
#1200=EDGE_CURVE('',#1545,#1544,#62,.T.);
#1201=EDGE_CURVE('',#1545,#1546,#63,.T.);
#1202=EDGE_CURVE('',#1546,#1547,#64,.T.);
#1203=EDGE_CURVE('',#1548,#1547,#65,.F.);
#1204=EDGE_CURVE('',#1548,#1549,#66,.T.);
#1205=EDGE_CURVE('',#1550,#1549,#67,.F.);
#1206=EDGE_CURVE('',#1551,#1550,#68,.F.);
#1207=EDGE_CURVE('',#1543,#1551,#69,.T.);
#1208=EDGE_CURVE('',#1552,#1553,#1776,.F.);
#1209=EDGE_CURVE('',#1554,#1552,#39,.T.);
#1210=EDGE_CURVE('',#1554,#1555,#35,.T.);
#1211=EDGE_CURVE('',#1555,#1556,#1777,.T.);
#1212=EDGE_CURVE('',#1556,#1557,#36,.F.);
#1213=EDGE_CURVE('',#1558,#1557,#40,.T.);
#1214=EDGE_CURVE('',#1559,#1558,#1778,.F.);
#1215=EDGE_CURVE('',#1559,#1553,#41,.T.);
#1216=EDGE_CURVE('',#1560,#1561,#1779,.F.);
#1217=EDGE_CURVE('',#1561,#1562,#70,.F.);
#1218=EDGE_CURVE('',#1563,#1562,#1780,.F.);
#1219=EDGE_CURVE('',#1563,#1564,#71,.F.);
#1220=EDGE_CURVE('',#1565,#1564,#42,.T.);
#1221=EDGE_CURVE('',#1565,#1560,#72,.F.);
#1222=EDGE_CURVE('',#1566,#1566,#1781,.T.);
#1223=EDGE_CURVE('',#1567,#1567,#1782,.T.);
#1224=EDGE_CURVE('',#1568,#1545,#73,.T.);
#1225=EDGE_CURVE('',#1544,#1569,#74,.T.);
#1226=EDGE_CURVE('',#1569,#1570,#75,.F.);
#1227=EDGE_CURVE('',#1570,#1571,#76,.T.);
#1228=EDGE_CURVE('',#1571,#1572,#77,.F.);
#1229=EDGE_CURVE('',#1573,#1572,#78,.T.);
#1230=EDGE_CURVE('',#1574,#1573,#1783,.T.);
#1231=EDGE_CURVE('',#1574,#1575,#79,.F.);
#1232=EDGE_CURVE('',#1576,#1575,#1784,.T.);
#1233=EDGE_CURVE('',#1577,#1576,#1785,.F.);
#1234=EDGE_CURVE('',#1578,#1577,#1786,.T.);
#1235=EDGE_CURVE('',#1578,#1579,#80,.F.);
#1236=EDGE_CURVE('',#1580,#1579,#1787,.T.);
#1237=EDGE_CURVE('',#1581,#1580,#81,.T.);
#1238=EDGE_CURVE('',#1582,#1581,#82,.F.);
#1239=EDGE_CURVE('',#1583,#1582,#83,.T.);
#1240=EDGE_CURVE('',#1583,#1584,#84,.F.);
#1241=EDGE_CURVE('',#1585,#1584,#85,.T.);
#1242=EDGE_CURVE('',#1585,#1586,#86,.T.);
#1243=EDGE_CURVE('',#1587,#1586,#87,.T.);
#1244=EDGE_CURVE('',#1568,#1587,#88,.T.);
#1245=EDGE_CURVE('',#1588,#1568,#89,.T.);
#1246=EDGE_CURVE('',#1588,#1546,#90,.T.);
#1247=EDGE_CURVE('',#1589,#1587,#91,.T.);
#1248=EDGE_CURVE('',#1588,#1589,#92,.T.);
#1249=EDGE_CURVE('',#1586,#1590,#93,.T.);
#1250=EDGE_CURVE('',#1589,#1590,#94,.T.);
#1251=EDGE_CURVE('',#1561,#1590,#95,.T.);
#1252=EDGE_CURVE('',#1591,#1560,#96,.T.);
#1253=EDGE_CURVE('',#1591,#1592,#1788,.F.);
#1254=EDGE_CURVE('',#1593,#1592,#97,.T.);
#1255=EDGE_CURVE('',#1594,#1593,#1789,.T.);
#1256=EDGE_CURVE('',#1595,#1594,#98,.T.);
#1257=EDGE_CURVE('',#1595,#1547,#1790,.F.);
#1258=EDGE_CURVE('',#1596,#1578,#1791,.F.);
#1259=EDGE_CURVE('',#1597,#1596,#37,.T.);
#1260=EDGE_CURVE('',#1579,#1597,#1792,.F.);
#1261=EDGE_CURVE('',#1570,#1543,#1793,.T.);
#1262=EDGE_CURVE('',#1598,#1551,#1794,.T.);
#1263=EDGE_CURVE('',#1571,#1598,#1795,.T.);
#1264=EDGE_CURVE('',#1599,#1600,#99,.T.);
#1265=EDGE_CURVE('',#1583,#1599,#1796,.T.);
#1266=EDGE_CURVE('',#1582,#1601,#1797,.T.);
#1267=EDGE_CURVE('',#1601,#1600,#1798,.T.);
#1268=EDGE_CURVE('',#1557,#1574,#1799,.F.);
#1269=EDGE_CURVE('',#1575,#1556,#1800,.F.);
#1270=EDGE_CURVE('',#1602,#1576,#1801,.T.);
#1271=EDGE_CURVE('',#1603,#1602,#1802,.T.);
#1272=EDGE_CURVE('',#1577,#1603,#1803,.T.);
#1273=EDGE_CURVE('',#1556,#1602,#1804,.T.);
#1274=EDGE_CURVE('',#1603,#1596,#1805,.T.);
#1275=EDGE_CURVE('',#1604,#1605,#100,.T.);
#1276=EDGE_CURVE('',#1606,#1604,#43,.T.);
#1277=EDGE_CURVE('',#1573,#1606,#1806,.T.);
#1278=EDGE_CURVE('',#1572,#1605,#1807,.T.);
#1279=EDGE_CURVE('',#1598,#1605,#101,.F.);
#1280=EDGE_CURVE('',#1607,#1608,#102,.T.);
#1281=EDGE_CURVE('',#1581,#1607,#1808,.T.);
#1282=EDGE_CURVE('',#1609,#1580,#1809,.T.);
#1283=EDGE_CURVE('',#1608,#1609,#44,.T.);
#1284=EDGE_CURVE('',#1601,#1607,#103,.F.);
#1285=EDGE_CURVE('',#1606,#1557,#1810,.T.);
#1286=EDGE_CURVE('',#1597,#1609,#1811,.T.);
#1287=EDGE_CURVE('',#1585,#1610,#104,.T.);
#1288=EDGE_CURVE('',#1584,#1610,#1812,.T.);
#1289=EDGE_CURVE('',#1599,#1610,#105,.F.);
#1290=EDGE_CURVE('',#1569,#1542,#1813,.T.);
#1291=EDGE_CURVE('',#1611,#1612,#1814,.F.);
#1292=EDGE_CURVE('',#1597,#1611,#45,.T.);
#1293=EDGE_CURVE('',#1613,#1596,#1815,.F.);
#1294=EDGE_CURVE('',#1613,#1614,#38,.F.);
#1295=EDGE_CURVE('',#1612,#1614,#46,.T.);
#1296=EDGE_CURVE('',#1555,#1613,#1816,.F.);
#1297=EDGE_CURVE('',#1614,#1554,#1817,.F.);
#1298=EDGE_CURVE('',#1615,#1616,#1818,.T.);
#1299=EDGE_CURVE('',#1615,#1617,#106,.T.);
#1300=EDGE_CURVE('',#1617,#1618,#1819,.T.);
#1301=EDGE_CURVE('',#1618,#1616,#107,.T.);
#1302=EDGE_CURVE('',#1555,#1602,#1820,.F.);
#1303=EDGE_CURVE('',#1613,#1603,#1821,.T.);
#1304=EDGE_CURVE('',#1619,#1620,#1822,.T.);
#1305=EDGE_CURVE('',#1619,#1615,#108,.T.);
#1306=EDGE_CURVE('',#1616,#1620,#47,.T.);
#1307=EDGE_CURVE('',#1619,#1621,#109,.T.);
#1308=EDGE_CURVE('',#1622,#1620,#110,.T.);
#1309=EDGE_CURVE('',#1623,#1622,#48,.T.);
#1310=EDGE_CURVE('',#1624,#1623,#1823,.T.);
#1311=EDGE_CURVE('',#1621,#1624,#49,.T.);
#1312=EDGE_CURVE('',#1558,#1604,#1824,.F.);
#1313=EDGE_CURVE('',#1621,#1552,#1825,.F.);
#1314=EDGE_CURVE('',#1624,#1554,#1826,.T.);
#1315=EDGE_CURVE('',#1623,#1614,#1827,.T.);
#1316=EDGE_CURVE('',#1612,#1622,#1828,.F.);
#1317=EDGE_CURVE('',#1608,#1611,#1829,.F.);
#1318=EDGE_CURVE('',#1625,#1626,#1830,.T.);
#1319=EDGE_CURVE('',#1625,#1626,#111,.T.);
#1320=EDGE_CURVE('',#1625,#1617,#112,.T.);
#1321=EDGE_CURVE('',#1618,#1626,#113,.F.);
#1322=EDGE_CURVE('',#1550,#1627,#50,.T.);
#1323=EDGE_CURVE('',#1627,#1628,#114,.T.);
#1324=EDGE_CURVE('',#1628,#1629,#51,.T.);
#1325=EDGE_CURVE('',#1629,#1630,#115,.T.);
#1326=EDGE_CURVE('',#1630,#1631,#52,.T.);
#1327=EDGE_CURVE('',#1631,#1598,#116,.T.);
#1328=EDGE_CURVE('',#1595,#1627,#117,.F.);
#1329=EDGE_CURVE('',#1549,#1548,#1831,.F.);
#1330=EDGE_CURVE('',#1601,#1565,#118,.F.);
#1331=EDGE_CURVE('',#1564,#1600,#119,.T.);
#1332=EDGE_CURVE('',#1563,#1562,#120,.T.);
#1333=EDGE_CURVE('',#1616,#1632,#121,.F.);
#1334=EDGE_CURVE('',#1632,#1633,#53,.T.);
#1335=EDGE_CURVE('',#1633,#1620,#122,.T.);
#1336=EDGE_CURVE('',#1591,#1634,#123,.F.);
#1337=EDGE_CURVE('',#1634,#1635,#1832,.T.);
#1338=EDGE_CURVE('',#1635,#1633,#124,.F.);
#1339=EDGE_CURVE('',#1632,#1592,#125,.F.);
#1340=EDGE_CURVE('',#1634,#1635,#126,.T.);
#1341=EDGE_CURVE('',#1593,#1553,#127,.F.);
#1342=EDGE_CURVE('',#1559,#1594,#128,.T.);
#1343=EDGE_CURVE('',#1636,#1636,#1833,.T.);
#1344=EDGE_CURVE('',#1637,#1637,#1834,.T.);
#1345=EDGE_CURVE('',#1628,#1638,#129,.F.);
#1346=EDGE_CURVE('',#1639,#1638,#1835,.T.);
#1347=EDGE_CURVE('',#1639,#1631,#130,.T.);
#1348=EDGE_CURVE('',#1630,#1629,#1836,.T.);
#1349=EDGE_CURVE('',#1639,#1638,#131,.T.);
#1350=EDGE_CURVE('',#1640,#1641,#132,.T.);
#1351=EDGE_CURVE('',#1640,#1642,#1837,.F.);
#1352=EDGE_CURVE('',#1642,#1643,#1838,.T.);
#1353=EDGE_CURVE('',#1644,#1643,#133,.T.);
#1354=EDGE_CURVE('',#1641,#1644,#1839,.T.);
#1355=EDGE_CURVE('',#1645,#1646,#1840,.F.);
#1356=EDGE_CURVE('',#1645,#1647,#134,.T.);
#1357=EDGE_CURVE('',#1647,#1648,#1841,.T.);
#1358=EDGE_CURVE('',#1648,#1649,#135,.T.);
#1359=EDGE_CURVE('',#1646,#1649,#1842,.T.);
#1360=EDGE_CURVE('',#1650,#1651,#136,.T.);
#1361=EDGE_CURVE('',#1652,#1650,#137,.T.);
#1362=EDGE_CURVE('',#1652,#1653,#138,.T.);
#1363=EDGE_CURVE('',#1653,#1654,#139,.T.);
#1364=EDGE_CURVE('',#1655,#1654,#140,.T.);
#1365=EDGE_CURVE('',#1655,#1656,#141,.T.);
#1366=EDGE_CURVE('',#1644,#1656,#142,.F.);
#1367=EDGE_CURVE('',#1643,#1657,#143,.F.);
#1368=EDGE_CURVE('',#1657,#1658,#144,.T.);
#1369=EDGE_CURVE('',#1658,#1659,#1843,.T.);
#1370=EDGE_CURVE('',#1660,#1659,#145,.F.);
#1371=EDGE_CURVE('',#1660,#1661,#1844,.T.);
#1372=EDGE_CURVE('',#1661,#1662,#1845,.F.);
#1373=EDGE_CURVE('',#1662,#1663,#1846,.T.);
#1374=EDGE_CURVE('',#1664,#1663,#146,.F.);
#1375=EDGE_CURVE('',#1664,#1665,#1847,.T.);
#1376=EDGE_CURVE('',#1665,#1666,#147,.T.);
#1377=EDGE_CURVE('',#1649,#1666,#148,.F.);
#1378=EDGE_CURVE('',#1667,#1648,#149,.F.);
#1379=EDGE_CURVE('',#1651,#1667,#150,.T.);
#1380=EDGE_CURVE('',#1668,#1668,#1848,.T.);
#1381=EDGE_CURVE('',#1669,#1669,#1849,.T.);
#1382=EDGE_CURVE('',#1650,#1670,#151,.T.);
#1383=EDGE_CURVE('',#1671,#1670,#152,.T.);
#1384=EDGE_CURVE('',#1671,#1652,#153,.T.);
#1385=EDGE_CURVE('',#1671,#1672,#154,.T.);
#1386=EDGE_CURVE('',#1672,#1653,#155,.T.);
#1387=EDGE_CURVE('',#1654,#1673,#156,.T.);
#1388=EDGE_CURVE('',#1672,#1673,#157,.T.);
#1389=EDGE_CURVE('',#1670,#1673,#158,.T.);
#1390=EDGE_CURVE('',#1674,#1659,#1850,.F.);
#1391=EDGE_CURVE('',#1674,#1675,#159,.T.);
#1392=EDGE_CURVE('',#1660,#1675,#1851,.F.);
#1393=EDGE_CURVE('',#1676,#1663,#1852,.F.);
#1394=EDGE_CURVE('',#1676,#1677,#160,.T.);
#1395=EDGE_CURVE('',#1664,#1677,#1853,.F.);
#1396=EDGE_CURVE('',#1678,#1679,#1854,.T.);
#1397=EDGE_CURVE('',#1662,#1678,#1855,.T.);
#1398=EDGE_CURVE('',#1679,#1661,#1856,.T.);
#1399=EDGE_CURVE('',#1676,#1678,#1857,.F.);
#1400=EDGE_CURVE('',#1679,#1675,#1858,.F.);
#1401=EDGE_CURVE('',#1680,#1681,#161,.T.);
#1402=EDGE_CURVE('',#1680,#1666,#1859,.T.);
#1403=EDGE_CURVE('',#1681,#1665,#1860,.T.);
#1404=EDGE_CURVE('',#1680,#1682,#162,.T.);
#1405=EDGE_CURVE('',#1682,#1646,#1861,.T.);
#1406=EDGE_CURVE('',#1683,#1684,#163,.T.);
#1407=EDGE_CURVE('',#1658,#1683,#1862,.T.);
#1408=EDGE_CURVE('',#1684,#1657,#1863,.T.);
#1409=EDGE_CURVE('',#1684,#1685,#164,.T.);
#1410=EDGE_CURVE('',#1685,#1642,#1864,.T.);
#1411=EDGE_CURVE('',#1681,#1677,#1865,.F.);
#1412=EDGE_CURVE('',#1674,#1683,#1866,.F.);
#1413=EDGE_CURVE('',#1686,#1655,#165,.T.);
#1414=EDGE_CURVE('',#1686,#1656,#1867,.T.);
#1415=EDGE_CURVE('',#1686,#1641,#166,.T.);
#1416=EDGE_CURVE('',#1647,#1687,#167,.T.);
#1417=EDGE_CURVE('',#1687,#1667,#1868,.T.);
#1418=EDGE_CURVE('',#1687,#1651,#168,.T.);
#1419=EDGE_CURVE('',#1646,#1688,#1869,.F.);
#1420=EDGE_CURVE('',#1688,#1689,#169,.F.);
#1421=EDGE_CURVE('',#1690,#1689,#1870,.F.);
#1422=EDGE_CURVE('',#1690,#1645,#170,.T.);
#1423=EDGE_CURVE('',#1689,#1691,#1871,.F.);
#1424=EDGE_CURVE('',#1692,#1691,#1872,.F.);
#1425=EDGE_CURVE('',#1692,#1690,#1873,.F.);
#1426=EDGE_CURVE('',#1691,#1693,#171,.F.);
#1427=EDGE_CURVE('',#1694,#1693,#1874,.F.);
#1428=EDGE_CURVE('',#1694,#1692,#172,.T.);
#1429=EDGE_CURVE('',#1688,#1682,#173,.T.);
#1430=EDGE_CURVE('',#1693,#1694,#174,.T.);
#1431=EDGE_CURVE('',#1685,#1695,#175,.T.);
#1432=EDGE_CURVE('',#1642,#1695,#1875,.F.);
#1433=EDGE_CURVE('',#1696,#1697,#1876,.F.);
#1434=EDGE_CURVE('',#1696,#1697,#176,.T.);
#1435=EDGE_CURVE('',#1698,#1699,#1877,.F.);
#1436=EDGE_CURVE('',#1698,#1696,#177,.F.);
#1437=EDGE_CURVE('',#1697,#1699,#178,.T.);
#1438=EDGE_CURVE('',#1699,#1700,#1878,.F.);
#1439=EDGE_CURVE('',#1701,#1700,#1879,.F.);
#1440=EDGE_CURVE('',#1701,#1698,#1880,.F.);
#1441=EDGE_CURVE('',#1640,#1701,#179,.F.);
#1442=EDGE_CURVE('',#1700,#1695,#180,.T.);
#1443=EDGE_CURVE('',#1702,#1702,#1881,.T.);
#1444=EDGE_CURVE('',#1703,#1703,#1882,.T.);
#1445=EDGE_CURVE('',#1704,#1704,#1883,.T.);
#1446=EDGE_CURVE('',#1705,#1705,#1884,.T.);
#1447=EDGE_CURVE('',#1706,#1706,#1885,.T.);
#1448=EDGE_CURVE('',#1707,#1707,#1886,.T.);
#1449=EDGE_CURVE('',#1708,#1708,#1887,.T.);
#1450=EDGE_CURVE('',#1709,#1709,#1888,.T.);
#1451=EDGE_CURVE('',#1710,#1710,#1889,.T.);
#1452=EDGE_CURVE('',#1711,#1711,#1890,.F.);
#1453=EDGE_CURVE('',#1712,#1713,#181,.T.);
#1454=EDGE_CURVE('',#1712,#1714,#182,.F.);
#1455=EDGE_CURVE('',#1714,#1715,#183,.F.);
#1456=EDGE_CURVE('',#1715,#1713,#184,.T.);
#1457=EDGE_CURVE('',#1716,#1716,#1891,.T.);
#1458=EDGE_CURVE('',#1717,#1718,#185,.T.);
#1459=EDGE_CURVE('',#1718,#1719,#186,.T.);
#1460=EDGE_CURVE('',#1720,#1719,#187,.T.);
#1461=EDGE_CURVE('',#1720,#1717,#188,.T.);
#1462=EDGE_CURVE('',#1717,#1721,#189,.T.);
#1463=EDGE_CURVE('',#1720,#1722,#190,.T.);
#1464=EDGE_CURVE('',#1722,#1721,#191,.T.);
#1465=EDGE_CURVE('',#1723,#1724,#192,.T.);
#1466=EDGE_CURVE('',#1721,#1723,#193,.T.);
#1467=EDGE_CURVE('',#1722,#1724,#194,.T.);
#1468=EDGE_CURVE('',#1725,#1726,#195,.T.);
#1469=EDGE_CURVE('',#1726,#1727,#196,.F.);
#1470=EDGE_CURVE('',#1728,#1727,#197,.T.);
#1471=EDGE_CURVE('',#1728,#1725,#198,.T.);
#1472=EDGE_CURVE('',#1729,#1730,#199,.T.);
#1473=EDGE_CURVE('',#1730,#1731,#200,.T.);
#1474=EDGE_CURVE('',#1732,#1731,#201,.T.);
#1475=EDGE_CURVE('',#1732,#1729,#202,.T.);
#1476=EDGE_CURVE('',#1733,#1734,#203,.T.);
#1477=EDGE_CURVE('',#1733,#1735,#204,.F.);
#1478=EDGE_CURVE('',#1735,#1736,#205,.F.);
#1479=EDGE_CURVE('',#1736,#1734,#206,.T.);
#1480=EDGE_CURVE('',#1713,#1719,#207,.T.);
#1481=EDGE_CURVE('',#1715,#1728,#1892,.T.);
#1482=EDGE_CURVE('',#1727,#1732,#1893,.T.);
#1483=EDGE_CURVE('',#1724,#1731,#208,.T.);
#1484=EDGE_CURVE('',#1723,#1718,#209,.T.);
#1485=EDGE_CURVE('',#1737,#1737,#1894,.T.);
#1486=EDGE_CURVE('',#1738,#1738,#1895,.T.);
#1487=EDGE_CURVE('',#1739,#1739,#1896,.F.);
#1488=EDGE_CURVE('',#1725,#1714,#1897,.T.);
#1489=EDGE_CURVE('',#1734,#1712,#1898,.F.);
#1490=EDGE_CURVE('',#1714,#1736,#1899,.T.);
#1491=EDGE_CURVE('',#1725,#1736,#1900,.F.);
#1492=EDGE_CURVE('',#1726,#1735,#1901,.T.);
#1493=EDGE_CURVE('',#1729,#1726,#1902,.T.);
#1494=EDGE_CURVE('',#1729,#1735,#1903,.F.);
#1495=EDGE_CURVE('',#1730,#1733,#1904,.F.);
#1496=EDGE_CURVE('',#1740,#1740,#1905,.T.);
#1497=EDGE_CURVE('',#1741,#1741,#1906,.T.);
#1498=EDGE_CURVE('',#1742,#1742,#1907,.T.);
#1499=EDGE_CURVE('',#1743,#1743,#1908,.F.);
#1500=EDGE_CURVE('',#1744,#1745,#210,.T.);
#1501=EDGE_CURVE('',#1746,#1744,#211,.T.);
#1502=EDGE_CURVE('',#1746,#1747,#212,.F.);
#1503=EDGE_CURVE('',#1745,#1747,#213,.T.);
#1504=EDGE_CURVE('',#1748,#1748,#1909,.F.);
#1505=EDGE_CURVE('',#1749,#1749,#1910,.T.);
#1506=EDGE_CURVE('',#1750,#1750,#1911,.T.);
#1507=EDGE_CURVE('',#1751,#1751,#1912,.T.);
#1508=EDGE_CURVE('',#1752,#1753,#214,.T.);
#1509=EDGE_CURVE('',#1753,#1754,#215,.T.);
#1510=EDGE_CURVE('',#1754,#1755,#216,.T.);
#1511=EDGE_CURVE('',#1755,#1752,#217,.T.);
#1512=EDGE_CURVE('',#1754,#1756,#218,.T.);
#1513=EDGE_CURVE('',#1756,#1757,#219,.T.);
#1514=EDGE_CURVE('',#1758,#1757,#220,.T.);
#1515=EDGE_CURVE('',#1759,#1758,#221,.T.);
#1516=EDGE_CURVE('',#1759,#1745,#222,.T.);
#1517=EDGE_CURVE('',#1747,#1760,#1913,.F.);
#1518=EDGE_CURVE('',#1760,#1761,#223,.T.);
#1519=EDGE_CURVE('',#1761,#1755,#1914,.F.);
#1520=EDGE_CURVE('',#1762,#1763,#224,.T.);
#1521=EDGE_CURVE('',#1763,#1759,#225,.T.);
#1522=EDGE_CURVE('',#1758,#1762,#226,.T.);
#1523=EDGE_CURVE('',#1757,#1764,#227,.T.);
#1524=EDGE_CURVE('',#1764,#1762,#228,.T.);
#1525=EDGE_CURVE('',#1760,#1765,#229,.T.);
#1526=EDGE_CURVE('',#1766,#1765,#230,.T.);
#1527=EDGE_CURVE('',#1766,#1761,#231,.F.);
#1528=EDGE_CURVE('',#1753,#1767,#232,.T.);
#1529=EDGE_CURVE('',#1752,#1766,#1915,.T.);
#1530=EDGE_CURVE('',#1765,#1746,#1916,.T.);
#1531=EDGE_CURVE('',#1763,#1744,#233,.T.);
#1532=EDGE_CURVE('',#1764,#1767,#234,.T.);
#1533=EDGE_CURVE('',#1767,#1756,#235,.T.);
#1534=VERTEX_POINT('',#3676);
#1535=VERTEX_POINT('',#3678);
#1536=VERTEX_POINT('',#3681);
#1537=VERTEX_POINT('',#3684);
#1538=VERTEX_POINT('',#3690);
#1539=VERTEX_POINT('',#3692);
#1540=VERTEX_POINT('',#3695);
#1541=VERTEX_POINT('',#3698);
#1542=VERTEX_POINT('',#3704);
#1543=VERTEX_POINT('',#3705);
#1544=VERTEX_POINT('',#3707);
#1545=VERTEX_POINT('',#3709);
#1546=VERTEX_POINT('',#3711);
#1547=VERTEX_POINT('',#3713);
#1548=VERTEX_POINT('',#3715);
#1549=VERTEX_POINT('',#3717);
#1550=VERTEX_POINT('',#3719);
#1551=VERTEX_POINT('',#3721);
#1552=VERTEX_POINT('',#3757);
#1553=VERTEX_POINT('',#3758);
#1554=VERTEX_POINT('',#3765);
#1555=VERTEX_POINT('',#3767);
#1556=VERTEX_POINT('',#3769);
#1557=VERTEX_POINT('',#3771);
#1558=VERTEX_POINT('',#3778);
#1559=VERTEX_POINT('',#3780);
#1560=VERTEX_POINT('',#3790);
#1561=VERTEX_POINT('',#3791);
#1562=VERTEX_POINT('',#3793);
#1563=VERTEX_POINT('',#3795);
#1564=VERTEX_POINT('',#3797);
#1565=VERTEX_POINT('',#3806);
#1566=VERTEX_POINT('',#3810);
#1567=VERTEX_POINT('',#3812);
#1568=VERTEX_POINT('',#3814);
#1569=VERTEX_POINT('',#3816);
#1570=VERTEX_POINT('',#3818);
#1571=VERTEX_POINT('',#3820);
#1572=VERTEX_POINT('',#3822);
#1573=VERTEX_POINT('',#3824);
#1574=VERTEX_POINT('',#3826);
#1575=VERTEX_POINT('',#3828);
#1576=VERTEX_POINT('',#3830);
#1577=VERTEX_POINT('',#3832);
#1578=VERTEX_POINT('',#3834);
#1579=VERTEX_POINT('',#3836);
#1580=VERTEX_POINT('',#3838);
#1581=VERTEX_POINT('',#3840);
#1582=VERTEX_POINT('',#3842);
#1583=VERTEX_POINT('',#3844);
#1584=VERTEX_POINT('',#3846);
#1585=VERTEX_POINT('',#3848);
#1586=VERTEX_POINT('',#3850);
#1587=VERTEX_POINT('',#3852);
#1588=VERTEX_POINT('',#3856);
#1589=VERTEX_POINT('',#3860);
#1590=VERTEX_POINT('',#3864);
#1591=VERTEX_POINT('',#3869);
#1592=VERTEX_POINT('',#3871);
#1593=VERTEX_POINT('',#3873);
#1594=VERTEX_POINT('',#3875);
#1595=VERTEX_POINT('',#3877);
#1596=VERTEX_POINT('',#3881);
#1597=VERTEX_POINT('',#3883);
#1598=VERTEX_POINT('',#3888);
#1599=VERTEX_POINT('',#3892);
#1600=VERTEX_POINT('',#3893);
#1601=VERTEX_POINT('',#3896);
#1602=VERTEX_POINT('',#3903);
#1603=VERTEX_POINT('',#3905);
#1604=VERTEX_POINT('',#3913);
#1605=VERTEX_POINT('',#3914);
#1606=VERTEX_POINT('',#3921);
#1607=VERTEX_POINT('',#3928);
#1608=VERTEX_POINT('',#3929);
#1609=VERTEX_POINT('',#3932);
#1610=VERTEX_POINT('',#3946);
#1611=VERTEX_POINT('',#3987);
#1612=VERTEX_POINT('',#3988);
#1613=VERTEX_POINT('',#3996);
#1614=VERTEX_POINT('',#3998);
#1615=VERTEX_POINT('',#4010);
#1616=VERTEX_POINT('',#4011);
#1617=VERTEX_POINT('',#4013);
#1618=VERTEX_POINT('',#4015);
#1619=VERTEX_POINT('',#4024);
#1620=VERTEX_POINT('',#4025);
#1621=VERTEX_POINT('',#4036);
#1622=VERTEX_POINT('',#4038);
#1623=VERTEX_POINT('',#4045);
#1624=VERTEX_POINT('',#4047);
#1625=VERTEX_POINT('',#4134);
#1626=VERTEX_POINT('',#4135);
#1627=VERTEX_POINT('',#4149);
#1628=VERTEX_POINT('',#4151);
#1629=VERTEX_POINT('',#4157);
#1630=VERTEX_POINT('',#4159);
#1631=VERTEX_POINT('',#4165);
#1632=VERTEX_POINT('',#4178);
#1633=VERTEX_POINT('',#4187);
#1634=VERTEX_POINT('',#4191);
#1635=VERTEX_POINT('',#4193);
#1636=VERTEX_POINT('',#4203);
#1637=VERTEX_POINT('',#4207);
#1638=VERTEX_POINT('',#4211);
#1639=VERTEX_POINT('',#4213);
#1640=VERTEX_POINT('',#4226);
#1641=VERTEX_POINT('',#4227);
#1642=VERTEX_POINT('',#4229);
#1643=VERTEX_POINT('',#4231);
#1644=VERTEX_POINT('',#4233);
#1645=VERTEX_POINT('',#4237);
#1646=VERTEX_POINT('',#4238);
#1647=VERTEX_POINT('',#4240);
#1648=VERTEX_POINT('',#4242);
#1649=VERTEX_POINT('',#4244);
#1650=VERTEX_POINT('',#4248);
#1651=VERTEX_POINT('',#4249);
#1652=VERTEX_POINT('',#4251);
#1653=VERTEX_POINT('',#4253);
#1654=VERTEX_POINT('',#4255);
#1655=VERTEX_POINT('',#4257);
#1656=VERTEX_POINT('',#4259);
#1657=VERTEX_POINT('',#4262);
#1658=VERTEX_POINT('',#4264);
#1659=VERTEX_POINT('',#4266);
#1660=VERTEX_POINT('',#4268);
#1661=VERTEX_POINT('',#4270);
#1662=VERTEX_POINT('',#4272);
#1663=VERTEX_POINT('',#4274);
#1664=VERTEX_POINT('',#4276);
#1665=VERTEX_POINT('',#4278);
#1666=VERTEX_POINT('',#4280);
#1667=VERTEX_POINT('',#4283);
#1668=VERTEX_POINT('',#4286);
#1669=VERTEX_POINT('',#4288);
#1670=VERTEX_POINT('',#4291);
#1671=VERTEX_POINT('',#4293);
#1672=VERTEX_POINT('',#4297);
#1673=VERTEX_POINT('',#4301);
#1674=VERTEX_POINT('',#4307);
#1675=VERTEX_POINT('',#4309);
#1676=VERTEX_POINT('',#4313);
#1677=VERTEX_POINT('',#4315);
#1678=VERTEX_POINT('',#4319);
#1679=VERTEX_POINT('',#4320);
#1680=VERTEX_POINT('',#4329);
#1681=VERTEX_POINT('',#4330);
#1682=VERTEX_POINT('',#4335);
#1683=VERTEX_POINT('',#4339);
#1684=VERTEX_POINT('',#4340);
#1685=VERTEX_POINT('',#4345);
#1686=VERTEX_POINT('',#4353);
#1687=VERTEX_POINT('',#4359);
#1688=VERTEX_POINT('',#4365);
#1689=VERTEX_POINT('',#4367);
#1690=VERTEX_POINT('',#4369);
#1691=VERTEX_POINT('',#4373);
#1692=VERTEX_POINT('',#4375);
#1693=VERTEX_POINT('',#4379);
#1694=VERTEX_POINT('',#4381);
#1695=VERTEX_POINT('',#4389);
#1696=VERTEX_POINT('',#4393);
#1697=VERTEX_POINT('',#4394);
#1698=VERTEX_POINT('',#4398);
#1699=VERTEX_POINT('',#4399);
#1700=VERTEX_POINT('',#4404);
#1701=VERTEX_POINT('',#4406);
#1702=VERTEX_POINT('',#4413);
#1703=VERTEX_POINT('',#4415);
#1704=VERTEX_POINT('',#4418);
#1705=VERTEX_POINT('',#4423);
#1706=VERTEX_POINT('',#4425);
#1707=VERTEX_POINT('',#4428);
#1708=VERTEX_POINT('',#4435);
#1709=VERTEX_POINT('',#4437);
#1710=VERTEX_POINT('',#4440);
#1711=VERTEX_POINT('',#4443);
#1712=VERTEX_POINT('',#4446);
#1713=VERTEX_POINT('',#4447);
#1714=VERTEX_POINT('',#4449);
#1715=VERTEX_POINT('',#4451);
#1716=VERTEX_POINT('',#4454);
#1717=VERTEX_POINT('',#4457);
#1718=VERTEX_POINT('',#4458);
#1719=VERTEX_POINT('',#4460);
#1720=VERTEX_POINT('',#4462);
#1721=VERTEX_POINT('',#4466);
#1722=VERTEX_POINT('',#4468);
#1723=VERTEX_POINT('',#4472);
#1724=VERTEX_POINT('',#4473);
#1725=VERTEX_POINT('',#4478);
#1726=VERTEX_POINT('',#4479);
#1727=VERTEX_POINT('',#4481);
#1728=VERTEX_POINT('',#4483);
#1729=VERTEX_POINT('',#4487);
#1730=VERTEX_POINT('',#4488);
#1731=VERTEX_POINT('',#4490);
#1732=VERTEX_POINT('',#4492);
#1733=VERTEX_POINT('',#4496);
#1734=VERTEX_POINT('',#4497);
#1735=VERTEX_POINT('',#4499);
#1736=VERTEX_POINT('',#4501);
#1737=VERTEX_POINT('',#4512);
#1738=VERTEX_POINT('',#4515);
#1739=VERTEX_POINT('',#4518);
#1740=VERTEX_POINT('',#4540);
#1741=VERTEX_POINT('',#4542);
#1742=VERTEX_POINT('',#4545);
#1743=VERTEX_POINT('',#4548);
#1744=VERTEX_POINT('',#4551);
#1745=VERTEX_POINT('',#4552);
#1746=VERTEX_POINT('',#4554);
#1747=VERTEX_POINT('',#4556);
#1748=VERTEX_POINT('',#4560);
#1749=VERTEX_POINT('',#4562);
#1750=VERTEX_POINT('',#4565);
#1751=VERTEX_POINT('',#4568);
#1752=VERTEX_POINT('',#4571);
#1753=VERTEX_POINT('',#4572);
#1754=VERTEX_POINT('',#4574);
#1755=VERTEX_POINT('',#4576);
#1756=VERTEX_POINT('',#4580);
#1757=VERTEX_POINT('',#4582);
#1758=VERTEX_POINT('',#4584);
#1759=VERTEX_POINT('',#4586);
#1760=VERTEX_POINT('',#4589);
#1761=VERTEX_POINT('',#4591);
#1762=VERTEX_POINT('',#4595);
#1763=VERTEX_POINT('',#4596);
#1764=VERTEX_POINT('',#4601);
#1765=VERTEX_POINT('',#4605);
#1766=VERTEX_POINT('',#4607);
#1767=VERTEX_POINT('',#4611);
#1768=CIRCLE('',#2572,0.01);
#1769=CIRCLE('',#2573,0.01);
#1770=CIRCLE('',#2575,0.0021);
#1771=CIRCLE('',#2577,0.0021);
#1772=CIRCLE('',#2582,0.01);
#1773=CIRCLE('',#2583,0.01);
#1774=CIRCLE('',#2585,0.0021);
#1775=CIRCLE('',#2587,0.0021);
#1776=CIRCLE('',#2592,0.079);
#1777=CIRCLE('',#2594,0.079);
#1778=CIRCLE('',#2596,0.079);
#1779=CIRCLE('',#2598,0.015);
#1780=CIRCLE('',#2599,0.01);
#1781=CIRCLE('',#2601,0.01005);
#1782=CIRCLE('',#2602,0.01005);
#1783=CIRCLE('',#2603,0.00395);
#1784=CIRCLE('',#2604,0.079);
#1785=CIRCLE('',#2605,0.049335);
#1786=CIRCLE('',#2606,0.079);
#1787=CIRCLE('',#2607,0.00395);
#1788=CIRCLE('',#2612,0.015);
#1789=CIRCLE('',#2613,0.0025);
#1790=CIRCLE('',#2614,0.015);
#1791=CIRCLE('',#2616,0.035);
#1792=CIRCLE('',#2618,0.035);
#1793=CIRCLE('',#2620,0.0271);
#1794=CIRCLE('',#2621,0.00395);
#1795=CIRCLE('',#2622,0.0762);
#1796=CIRCLE('',#2624,0.0271);
#1797=CIRCLE('',#2625,0.0762);
#1798=CIRCLE('',#2626,0.00395);
#1799=CIRCLE('',#2628,0.035);
#1800=CIRCLE('',#2629,0.035);
#1801=CIRCLE('',#2631,0.0438242879962598);
#1802=CIRCLE('',#2632,0.0438242879962598);
#1803=CIRCLE('',#2633,0.0438242879962598);
#1804=CIRCLE('',#2635,0.079);
#1805=CIRCLE('',#2637,0.079);
#1806=CIRCLE('',#2639,0.03895);
#1807=CIRCLE('',#2640,0.0762);
#1808=CIRCLE('',#2643,0.0762);
#1809=CIRCLE('',#2644,0.03895);
#1810=CIRCLE('',#2647,0.00395);
#1811=CIRCLE('',#2649,0.00395);
#1812=CIRCLE('',#2651,0.0271);
#1813=CIRCLE('',#2654,0.0271);
#1814=CIRCLE('',#2656,0.079);
#1815=CIRCLE('',#2657,0.079);
#1816=CIRCLE('',#2660,0.035);
#1817=CIRCLE('',#2661,0.035);
#1818=CIRCLE('',#2663,0.0762);
#1819=CIRCLE('',#2664,0.0271);
#1820=CIRCLE('',#2666,0.079);
#1821=CIRCLE('',#2668,0.079);
#1822=CIRCLE('',#2671,0.0762);
#1823=CIRCLE('',#2673,0.03895);
#1824=CIRCLE('',#2674,0.00395);
#1825=CIRCLE('',#2675,0.00395);
#1826=CIRCLE('',#2676,0.00395);
#1827=CIRCLE('',#2678,0.00395);
#1828=CIRCLE('',#2679,0.00395);
#1829=CIRCLE('',#2680,0.00395);
#1830=CIRCLE('',#2682,0.0271);
#1831=CIRCLE('',#2686,0.01);
#1832=CIRCLE('',#2692,0.01);
#1833=CIRCLE('',#2696,0.01005);
#1834=CIRCLE('',#2699,0.01005);
#1835=CIRCLE('',#2702,0.0079);
#1836=CIRCLE('',#2703,0.0079);
#1837=CIRCLE('',#2712,0.005);
#1838=CIRCLE('',#2713,0.0762);
#1839=CIRCLE('',#2714,0.0271);
#1840=CIRCLE('',#2716,0.005);
#1841=CIRCLE('',#2717,0.0271);
#1842=CIRCLE('',#2718,0.0762);
#1843=CIRCLE('',#2720,0.00395);
#1844=CIRCLE('',#2721,0.079);
#1845=CIRCLE('',#2722,0.049335);
#1846=CIRCLE('',#2723,0.079);
#1847=CIRCLE('',#2724,0.00395);
#1848=CIRCLE('',#2725,0.01005);
#1849=CIRCLE('',#2726,0.01005);
#1850=CIRCLE('',#2732,0.035);
#1851=CIRCLE('',#2733,0.035);
#1852=CIRCLE('',#2735,0.035);
#1853=CIRCLE('',#2736,0.035);
#1854=CIRCLE('',#2738,0.049335);
#1855=CIRCLE('',#2739,0.0438242879962598);
#1856=CIRCLE('',#2740,0.0438242879962598);
#1857=CIRCLE('',#2742,0.079);
#1858=CIRCLE('',#2744,0.079);
#1859=CIRCLE('',#2746,0.0762);
#1860=CIRCLE('',#2747,0.03895);
#1861=CIRCLE('',#2749,0.0762);
#1862=CIRCLE('',#2751,0.03895);
#1863=CIRCLE('',#2752,0.0762);
#1864=CIRCLE('',#2754,0.0762);
#1865=CIRCLE('',#2756,0.00395);
#1866=CIRCLE('',#2758,0.00395);
#1867=CIRCLE('',#2760,0.0271);
#1868=CIRCLE('',#2763,0.0271);
#1869=CIRCLE('',#2766,0.005);
#1870=CIRCLE('',#2767,0.005);
#1871=CIRCLE('',#2769,0.0128999999999999);
#1872=CIRCLE('',#2770,0.005);
#1873=CIRCLE('',#2771,0.00289999999999987);
#1874=CIRCLE('',#2773,0.005);
#1875=CIRCLE('',#2777,0.005);
#1876=CIRCLE('',#2779,0.005);
#1877=CIRCLE('',#2781,0.005);
#1878=CIRCLE('',#2783,0.0128999999999999);
#1879=CIRCLE('',#2784,0.005);
#1880=CIRCLE('',#2785,0.00289999999999987);
#1881=CIRCLE('',#2788,0.01);
#1882=CIRCLE('',#2789,0.01);
#1883=CIRCLE('',#2791,0.01005);
#1884=CIRCLE('',#2795,0.01);
#1885=CIRCLE('',#2796,0.01);
#1886=CIRCLE('',#2798,0.01005);
#1887=CIRCLE('',#2804,0.01);
#1888=CIRCLE('',#2805,0.01);
#1889=CIRCLE('',#2807,0.01);
#1890=CIRCLE('',#2809,0.01);
#1891=CIRCLE('',#2811,0.01);
#1892=CIRCLE('',#2819,0.0158);
#1893=CIRCLE('',#2820,0.0158);
#1894=CIRCLE('',#2823,0.01);
#1895=CIRCLE('',#2825,0.01);
#1896=CIRCLE('',#2827,0.01);
#1897=CIRCLE('',#2829,0.0158);
#1898=CIRCLE('',#2831,0.0158);
#1899=CIRCLE('',#2832,0.0158);
#1900=CIRCLE('',#2834,0.0158);
#1901=CIRCLE('',#2836,0.0158);
#1902=CIRCLE('',#2838,0.0158);
#1903=CIRCLE('',#2840,0.0158);
#1904=CIRCLE('',#2842,0.0158);
#1905=CIRCLE('',#2848,0.01);
#1906=CIRCLE('',#2849,0.01);
#1907=CIRCLE('',#2851,0.01);
#1908=CIRCLE('',#2853,0.01);
#1909=CIRCLE('',#2856,0.01);
#1910=CIRCLE('',#2857,0.01);
#1911=CIRCLE('',#2859,0.01);
#1912=CIRCLE('',#2861,0.01);
#1913=CIRCLE('',#2864,0.0158);
#1914=CIRCLE('',#2865,0.0158);
#1915=CIRCLE('',#2870,0.0158);
#1916=CIRCLE('',#2871,0.0158);
#1917=EDGE_LOOP('',(#502));
#1918=EDGE_LOOP('',(#503));
#1919=EDGE_LOOP('',(#504));
#1920=EDGE_LOOP('',(#505));
#1921=EDGE_LOOP('',(#506));
#1922=EDGE_LOOP('',(#507));
#1923=EDGE_LOOP('',(#508));
#1924=EDGE_LOOP('',(#509));
#1925=EDGE_LOOP('',(#510));
#1926=EDGE_LOOP('',(#511));
#1927=EDGE_LOOP('',(#512));
#1928=EDGE_LOOP('',(#513));
#1929=EDGE_LOOP('',(#514));
#1930=EDGE_LOOP('',(#515));
#1931=EDGE_LOOP('',(#516));
#1932=EDGE_LOOP('',(#517));
#1933=EDGE_LOOP('',(#518,#519,#520,#521,#522,#523,#524,#525,#526,#527));
#1934=EDGE_LOOP('',(#528,#529,#530,#531,#532,#533,#534,#535));
#1935=EDGE_LOOP('',(#536,#537,#538,#539,#540,#541));
#1936=EDGE_LOOP('',(#542));
#1937=EDGE_LOOP('',(#543));
#1938=EDGE_LOOP('',(#544,#545,#546,#547,#548,#549,#550,#551,#552,#553,#554,
#555,#556,#557,#558,#559,#560,#561,#562,#563,#564,#565));
#1939=EDGE_LOOP('',(#566,#567,#568,#569));
#1940=EDGE_LOOP('',(#570,#571,#572,#573));
#1941=EDGE_LOOP('',(#574,#575,#576,#577));
#1942=EDGE_LOOP('',(#578,#579,#580,#581,#582,#583,#584,#585,#586,#587,#588,
#589));
#1943=EDGE_LOOP('',(#590,#591,#592,#593));
#1944=EDGE_LOOP('',(#594,#595,#596,#597,#598));
#1945=EDGE_LOOP('',(#599,#600,#601,#602,#603));
#1946=EDGE_LOOP('',(#604,#605,#606,#607));
#1947=EDGE_LOOP('',(#608,#609,#610,#611));
#1948=EDGE_LOOP('',(#612,#613,#614,#615));
#1949=EDGE_LOOP('',(#616,#617,#618,#619));
#1950=EDGE_LOOP('',(#620,#621,#622,#623,#624));
#1951=EDGE_LOOP('',(#625,#626,#627,#628));
#1952=EDGE_LOOP('',(#629,#630,#631,#632,#633));
#1953=EDGE_LOOP('',(#634,#635,#636,#637));
#1954=EDGE_LOOP('',(#638,#639,#640,#641));
#1955=EDGE_LOOP('',(#642,#643,#644,#645));
#1956=EDGE_LOOP('',(#646,#647,#648));
#1957=EDGE_LOOP('',(#649,#650,#651,#652));
#1958=EDGE_LOOP('',(#653,#654,#655,#656));
#1959=EDGE_LOOP('',(#657,#658,#659));
#1960=EDGE_LOOP('',(#660,#661,#662,#663,#664,#665));
#1961=EDGE_LOOP('',(#666,#667,#668,#669));
#1962=EDGE_LOOP('',(#670,#671,#672,#673));
#1963=EDGE_LOOP('',(#674,#675,#676));
#1964=EDGE_LOOP('',(#677,#678,#679,#680));
#1965=EDGE_LOOP('',(#681,#682,#683));
#1966=EDGE_LOOP('',(#684,#685,#686,#687));
#1967=EDGE_LOOP('',(#688,#689,#690,#691,#692,#693));
#1968=EDGE_LOOP('',(#694,#695,#696,#697));
#1969=EDGE_LOOP('',(#698,#699,#700,#701));
#1970=EDGE_LOOP('',(#702,#703,#704,#705));
#1971=EDGE_LOOP('',(#706,#707,#708,#709));
#1972=EDGE_LOOP('',(#710,#711,#712,#713));
#1973=EDGE_LOOP('',(#714,#715));
#1974=EDGE_LOOP('',(#716,#717,#718,#719));
#1975=EDGE_LOOP('',(#720,#721,#722,#723,#724,#725,#726,#727));
#1976=EDGE_LOOP('',(#728,#729,#730,#731,#732,#733));
#1977=EDGE_LOOP('',(#734,#735));
#1978=EDGE_LOOP('',(#736,#737,#738,#739));
#1979=EDGE_LOOP('',(#740,#741));
#1980=EDGE_LOOP('',(#742,#743,#744,#745));
#1981=EDGE_LOOP('',(#746,#747,#748,#749,#750,#751));
#1982=EDGE_LOOP('',(#752,#753));
#1983=EDGE_LOOP('',(#754,#755,#756,#757));
#1984=EDGE_LOOP('',(#758));
#1985=EDGE_LOOP('',(#759));
#1986=EDGE_LOOP('',(#760));
#1987=EDGE_LOOP('',(#761));
#1988=EDGE_LOOP('',(#762));
#1989=EDGE_LOOP('',(#763));
#1990=EDGE_LOOP('',(#764,#765,#766,#767,#768,#769));
#1991=EDGE_LOOP('',(#770,#771));
#1992=EDGE_LOOP('',(#772,#773));
#1993=EDGE_LOOP('',(#774,#775,#776,#777,#778,#779,#780,#781,#782,#783,#784,
#785,#786));
#1994=EDGE_LOOP('',(#787,#788,#789,#790,#791,#792,#793,#794,#795,#796,#797,
#798,#799));
#1995=EDGE_LOOP('',(#800,#801,#802,#803,#804,#805,#806,#807,#808,#809));
#1996=EDGE_LOOP('',(#810,#811,#812,#813,#814,#815,#816,#817,#818,#819,#820,
#821));
#1997=EDGE_LOOP('',(#822,#823,#824,#825,#826));
#1998=EDGE_LOOP('',(#827,#828,#829,#830,#831));
#1999=EDGE_LOOP('',(#832,#833,#834,#835,#836,#837,#838,#839,#840,#841,#842,
#843,#844,#845,#846,#847,#848,#849,#850,#851,#852,#853));
#2000=EDGE_LOOP('',(#854));
#2001=EDGE_LOOP('',(#855));
#2002=EDGE_LOOP('',(#856,#857,#858,#859));
#2003=EDGE_LOOP('',(#860,#861,#862,#863));
#2004=EDGE_LOOP('',(#864,#865,#866,#867));
#2005=EDGE_LOOP('',(#868,#869,#870,#871));
#2006=EDGE_LOOP('',(#872,#873,#874,#875));
#2007=EDGE_LOOP('',(#876,#877,#878,#879));
#2008=EDGE_LOOP('',(#880,#881,#882,#883));
#2009=EDGE_LOOP('',(#884,#885,#886,#887));
#2010=EDGE_LOOP('',(#888,#889,#890,#891));
#2011=EDGE_LOOP('',(#892,#893,#894,#895));
#2012=EDGE_LOOP('',(#896,#897,#898,#899,#900));
#2013=EDGE_LOOP('',(#901,#902,#903,#904));
#2014=EDGE_LOOP('',(#905,#906,#907,#908,#909));
#2015=EDGE_LOOP('',(#910,#911,#912,#913));
#2016=EDGE_LOOP('',(#914,#915,#916,#917));
#2017=EDGE_LOOP('',(#918,#919,#920));
#2018=EDGE_LOOP('',(#921,#922,#923,#924));
#2019=EDGE_LOOP('',(#925,#926,#927,#928));
#2020=EDGE_LOOP('',(#929,#930,#931));
#2021=EDGE_LOOP('',(#932,#933,#934,#935,#936));
#2022=EDGE_LOOP('',(#937,#938,#939,#940));
#2023=EDGE_LOOP('',(#941,#942,#943,#944));
#2024=EDGE_LOOP('',(#945,#946,#947));
#2025=EDGE_LOOP('',(#948,#949));
#2026=EDGE_LOOP('',(#950,#951,#952));
#2027=EDGE_LOOP('',(#953,#954));
#2028=EDGE_LOOP('',(#955,#956,#957,#958));
#2029=EDGE_LOOP('',(#959,#960,#961,#962));
#2030=EDGE_LOOP('',(#963,#964,#965,#966,#967));
#2031=EDGE_LOOP('',(#968));
#2032=EDGE_LOOP('',(#969));
#2033=EDGE_LOOP('',(#970));
#2034=EDGE_LOOP('',(#971));
#2035=EDGE_LOOP('',(#972));
#2036=EDGE_LOOP('',(#973));
#2037=EDGE_LOOP('',(#974));
#2038=EDGE_LOOP('',(#975));
#2039=EDGE_LOOP('',(#976));
#2040=EDGE_LOOP('',(#977));
#2041=EDGE_LOOP('',(#978));
#2042=EDGE_LOOP('',(#979));
#2043=EDGE_LOOP('',(#980));
#2044=EDGE_LOOP('',(#981));
#2045=EDGE_LOOP('',(#982,#983,#984,#985,#986,#987,#988,#989,#990,#991,#992,
#993,#994,#995,#996,#997,#998,#999,#1000,#1001,#1002,#1003,#1004,#1005,
#1006,#1007,#1008,#1009,#1010,#1011,#1012,#1013,#1014,#1015,#1016,#1017,
#1018,#1019));
#2046=EDGE_LOOP('',(#1020));
#2047=EDGE_LOOP('',(#1021));
#2048=EDGE_LOOP('',(#1022));
#2049=EDGE_LOOP('',(#1023));
#2050=EDGE_LOOP('',(#1024));
#2051=EDGE_LOOP('',(#1025));
#2052=EDGE_LOOP('',(#1026,#1027,#1028,#1029));
#2053=EDGE_LOOP('',(#1030));
#2054=EDGE_LOOP('',(#1031,#1032,#1033,#1034));
#2055=EDGE_LOOP('',(#1035,#1036,#1037,#1038));
#2056=EDGE_LOOP('',(#1039,#1040,#1041,#1042));
#2057=EDGE_LOOP('',(#1043,#1044,#1045,#1046));
#2058=EDGE_LOOP('',(#1047));
#2059=EDGE_LOOP('',(#1048,#1049,#1050,#1051));
#2060=EDGE_LOOP('',(#1052,#1053,#1054,#1055));
#2061=EDGE_LOOP('',(#1056,#1057,#1058,#1059,#1060,#1061,#1062,#1063,#1064,
#1065));
#2062=EDGE_LOOP('',(#1066,#1067,#1068,#1069));
#2063=EDGE_LOOP('',(#1070));
#2064=EDGE_LOOP('',(#1071));
#2065=EDGE_LOOP('',(#1072));
#2066=EDGE_LOOP('',(#1073));
#2067=EDGE_LOOP('',(#1074));
#2068=EDGE_LOOP('',(#1075));
#2069=EDGE_LOOP('',(#1076,#1077,#1078,#1079));
#2070=EDGE_LOOP('',(#1080,#1081,#1082,#1083));
#2071=EDGE_LOOP('',(#1084,#1085,#1086));
#2072=EDGE_LOOP('',(#1087,#1088,#1089,#1090));
#2073=EDGE_LOOP('',(#1091,#1092,#1093,#1094));
#2074=EDGE_LOOP('',(#1095,#1096,#1097));
#2075=EDGE_LOOP('',(#1098,#1099,#1100,#1101));
#2076=EDGE_LOOP('',(#1102,#1103,#1104,#1105,#1106,#1107,#1108,#1109,#1110,
#1111));
#2077=EDGE_LOOP('',(#1112));
#2078=EDGE_LOOP('',(#1113));
#2079=EDGE_LOOP('',(#1114));
#2080=EDGE_LOOP('',(#1115));
#2081=EDGE_LOOP('',(#1116));
#2082=EDGE_LOOP('',(#1117));
#2083=EDGE_LOOP('',(#1118));
#2084=EDGE_LOOP('',(#1119));
#2085=EDGE_LOOP('',(#1120,#1121,#1122,#1123));
#2086=EDGE_LOOP('',(#1124));
#2087=EDGE_LOOP('',(#1125));
#2088=EDGE_LOOP('',(#1126));
#2089=EDGE_LOOP('',(#1127));
#2090=EDGE_LOOP('',(#1128));
#2091=EDGE_LOOP('',(#1129));
#2092=EDGE_LOOP('',(#1130));
#2093=EDGE_LOOP('',(#1131,#1132,#1133,#1134));
#2094=EDGE_LOOP('',(#1135));
#2095=EDGE_LOOP('',(#1136,#1137,#1138,#1139,#1140,#1141,#1142,#1143,#1144,
#1145));
#2096=EDGE_LOOP('',(#1146,#1147,#1148,#1149));
#2097=EDGE_LOOP('',(#1150,#1151,#1152,#1153));
#2098=EDGE_LOOP('',(#1154,#1155,#1156,#1157));
#2099=EDGE_LOOP('',(#1158,#1159,#1160,#1161,#1162,#1163,#1164,#1165,#1166,
#1167));
#2100=EDGE_LOOP('',(#1168,#1169,#1170,#1171));
#2101=EDGE_LOOP('',(#1172,#1173,#1174,#1175));
#2102=EDGE_LOOP('',(#1176,#1177,#1178,#1179));
#2103=EDGE_LOOP('',(#1180,#1181,#1182,#1183));
#2104=EDGE_LOOP('',(#1184,#1185,#1186,#1187));
#2105=EDGE_LOOP('',(#1188));
#2106=EDGE_LOOP('',(#1189));
#2107=FACE_BOUND('',#1917,.T.);
#2108=FACE_BOUND('',#1918,.T.);
#2109=FACE_BOUND('',#1919,.T.);
#2110=FACE_BOUND('',#1920,.T.);
#2111=FACE_BOUND('',#1921,.T.);
#2112=FACE_BOUND('',#1922,.T.);
#2113=FACE_BOUND('',#1923,.T.);
#2114=FACE_BOUND('',#1924,.T.);
#2115=FACE_BOUND('',#1925,.T.);
#2116=FACE_BOUND('',#1926,.T.);
#2117=FACE_BOUND('',#1927,.T.);
#2118=FACE_BOUND('',#1928,.T.);
#2119=FACE_BOUND('',#1929,.T.);
#2120=FACE_BOUND('',#1930,.T.);
#2121=FACE_BOUND('',#1931,.T.);
#2122=FACE_BOUND('',#1932,.T.);
#2123=FACE_BOUND('',#1933,.T.);
#2124=FACE_BOUND('',#1934,.T.);
#2125=FACE_BOUND('',#1935,.T.);
#2126=FACE_BOUND('',#1936,.T.);
#2127=FACE_BOUND('',#1937,.T.);
#2128=FACE_BOUND('',#1938,.T.);
#2129=FACE_BOUND('',#1939,.T.);
#2130=FACE_BOUND('',#1940,.T.);
#2131=FACE_BOUND('',#1941,.T.);
#2132=FACE_BOUND('',#1942,.T.);
#2133=FACE_BOUND('',#1943,.T.);
#2134=FACE_BOUND('',#1944,.T.);
#2135=FACE_BOUND('',#1945,.T.);
#2136=FACE_BOUND('',#1946,.T.);
#2137=FACE_BOUND('',#1947,.T.);
#2138=FACE_BOUND('',#1948,.T.);
#2139=FACE_BOUND('',#1949,.T.);
#2140=FACE_BOUND('',#1950,.T.);
#2141=FACE_BOUND('',#1951,.T.);
#2142=FACE_BOUND('',#1952,.T.);
#2143=FACE_BOUND('',#1953,.T.);
#2144=FACE_BOUND('',#1954,.T.);
#2145=FACE_BOUND('',#1955,.T.);
#2146=FACE_BOUND('',#1956,.T.);
#2147=FACE_BOUND('',#1957,.T.);
#2148=FACE_BOUND('',#1958,.T.);
#2149=FACE_BOUND('',#1959,.T.);
#2150=FACE_BOUND('',#1960,.T.);
#2151=FACE_BOUND('',#1961,.T.);
#2152=FACE_BOUND('',#1962,.T.);
#2153=FACE_BOUND('',#1963,.T.);
#2154=FACE_BOUND('',#1964,.T.);
#2155=FACE_BOUND('',#1965,.T.);
#2156=FACE_BOUND('',#1966,.T.);
#2157=FACE_BOUND('',#1967,.T.);
#2158=FACE_BOUND('',#1968,.T.);
#2159=FACE_BOUND('',#1969,.T.);
#2160=FACE_BOUND('',#1970,.T.);
#2161=FACE_BOUND('',#1971,.T.);
#2162=FACE_BOUND('',#1972,.T.);
#2163=FACE_BOUND('',#1973,.T.);
#2164=FACE_BOUND('',#1974,.T.);
#2165=FACE_BOUND('',#1975,.T.);
#2166=FACE_BOUND('',#1976,.T.);
#2167=FACE_BOUND('',#1977,.T.);
#2168=FACE_BOUND('',#1978,.T.);
#2169=FACE_BOUND('',#1979,.T.);
#2170=FACE_BOUND('',#1980,.T.);
#2171=FACE_BOUND('',#1981,.T.);
#2172=FACE_BOUND('',#1982,.T.);
#2173=FACE_BOUND('',#1983,.T.);
#2174=FACE_BOUND('',#1984,.T.);
#2175=FACE_BOUND('',#1985,.T.);
#2176=FACE_BOUND('',#1986,.T.);
#2177=FACE_BOUND('',#1987,.T.);
#2178=FACE_BOUND('',#1988,.T.);
#2179=FACE_BOUND('',#1989,.T.);
#2180=FACE_BOUND('',#1990,.T.);
#2181=FACE_BOUND('',#1991,.T.);
#2182=FACE_BOUND('',#1992,.T.);
#2183=FACE_BOUND('',#1993,.T.);
#2184=FACE_BOUND('',#1994,.T.);
#2185=FACE_BOUND('',#1995,.T.);
#2186=FACE_BOUND('',#1996,.T.);
#2187=FACE_BOUND('',#1997,.T.);
#2188=FACE_BOUND('',#1998,.T.);
#2189=FACE_BOUND('',#1999,.T.);
#2190=FACE_BOUND('',#2000,.T.);
#2191=FACE_BOUND('',#2001,.T.);
#2192=FACE_BOUND('',#2002,.T.);
#2193=FACE_BOUND('',#2003,.T.);
#2194=FACE_BOUND('',#2004,.T.);
#2195=FACE_BOUND('',#2005,.T.);
#2196=FACE_BOUND('',#2006,.T.);
#2197=FACE_BOUND('',#2007,.T.);
#2198=FACE_BOUND('',#2008,.T.);
#2199=FACE_BOUND('',#2009,.T.);
#2200=FACE_BOUND('',#2010,.T.);
#2201=FACE_BOUND('',#2011,.T.);
#2202=FACE_BOUND('',#2012,.T.);
#2203=FACE_BOUND('',#2013,.T.);
#2204=FACE_BOUND('',#2014,.T.);
#2205=FACE_BOUND('',#2015,.T.);
#2206=FACE_BOUND('',#2016,.T.);
#2207=FACE_BOUND('',#2017,.T.);
#2208=FACE_BOUND('',#2018,.T.);
#2209=FACE_BOUND('',#2019,.T.);
#2210=FACE_BOUND('',#2020,.T.);
#2211=FACE_BOUND('',#2021,.T.);
#2212=FACE_BOUND('',#2022,.T.);
#2213=FACE_BOUND('',#2023,.T.);
#2214=FACE_BOUND('',#2024,.T.);
#2215=FACE_BOUND('',#2025,.T.);
#2216=FACE_BOUND('',#2026,.T.);
#2217=FACE_BOUND('',#2027,.T.);
#2218=FACE_BOUND('',#2028,.T.);
#2219=FACE_BOUND('',#2029,.T.);
#2220=FACE_BOUND('',#2030,.T.);
#2221=FACE_BOUND('',#2031,.T.);
#2222=FACE_BOUND('',#2032,.T.);
#2223=FACE_BOUND('',#2033,.T.);
#2224=FACE_BOUND('',#2034,.T.);
#2225=FACE_BOUND('',#2035,.T.);
#2226=FACE_BOUND('',#2036,.T.);
#2227=FACE_BOUND('',#2037,.T.);
#2228=FACE_BOUND('',#2038,.T.);
#2229=FACE_BOUND('',#2039,.T.);
#2230=FACE_BOUND('',#2040,.T.);
#2231=FACE_BOUND('',#2041,.T.);
#2232=FACE_BOUND('',#2042,.T.);
#2233=FACE_BOUND('',#2043,.T.);
#2234=FACE_BOUND('',#2044,.T.);
#2235=FACE_BOUND('',#2045,.T.);
#2236=FACE_BOUND('',#2046,.T.);
#2237=FACE_BOUND('',#2047,.T.);
#2238=FACE_BOUND('',#2048,.T.);
#2239=FACE_BOUND('',#2049,.T.);
#2240=FACE_BOUND('',#2050,.T.);
#2241=FACE_BOUND('',#2051,.T.);
#2242=FACE_BOUND('',#2052,.T.);
#2243=FACE_BOUND('',#2053,.T.);
#2244=FACE_BOUND('',#2054,.T.);
#2245=FACE_BOUND('',#2055,.T.);
#2246=FACE_BOUND('',#2056,.T.);
#2247=FACE_BOUND('',#2057,.T.);
#2248=FACE_BOUND('',#2058,.T.);
#2249=FACE_BOUND('',#2059,.T.);
#2250=FACE_BOUND('',#2060,.T.);
#2251=FACE_BOUND('',#2061,.T.);
#2252=FACE_BOUND('',#2062,.T.);
#2253=FACE_BOUND('',#2063,.T.);
#2254=FACE_BOUND('',#2064,.T.);
#2255=FACE_BOUND('',#2065,.T.);
#2256=FACE_BOUND('',#2066,.T.);
#2257=FACE_BOUND('',#2067,.T.);
#2258=FACE_BOUND('',#2068,.T.);
#2259=FACE_BOUND('',#2069,.T.);
#2260=FACE_BOUND('',#2070,.T.);
#2261=FACE_BOUND('',#2071,.T.);
#2262=FACE_BOUND('',#2072,.T.);
#2263=FACE_BOUND('',#2073,.T.);
#2264=FACE_BOUND('',#2074,.T.);
#2265=FACE_BOUND('',#2075,.T.);
#2266=FACE_BOUND('',#2076,.T.);
#2267=FACE_BOUND('',#2077,.T.);
#2268=FACE_BOUND('',#2078,.T.);
#2269=FACE_BOUND('',#2079,.T.);
#2270=FACE_BOUND('',#2080,.T.);
#2271=FACE_BOUND('',#2081,.T.);
#2272=FACE_BOUND('',#2082,.T.);
#2273=FACE_BOUND('',#2083,.T.);
#2274=FACE_BOUND('',#2084,.T.);
#2275=FACE_BOUND('',#2085,.T.);
#2276=FACE_BOUND('',#2086,.T.);
#2277=FACE_BOUND('',#2087,.T.);
#2278=FACE_BOUND('',#2088,.T.);
#2279=FACE_BOUND('',#2089,.T.);
#2280=FACE_BOUND('',#2090,.T.);
#2281=FACE_BOUND('',#2091,.T.);
#2282=FACE_BOUND('',#2092,.T.);
#2283=FACE_BOUND('',#2093,.T.);
#2284=FACE_BOUND('',#2094,.T.);
#2285=FACE_BOUND('',#2095,.T.);
#2286=FACE_BOUND('',#2096,.T.);
#2287=FACE_BOUND('',#2097,.T.);
#2288=FACE_BOUND('',#2098,.T.);
#2289=FACE_BOUND('',#2099,.T.);
#2290=FACE_BOUND('',#2100,.T.);
#2291=FACE_BOUND('',#2101,.T.);
#2292=FACE_BOUND('',#2102,.T.);
#2293=FACE_BOUND('',#2103,.T.);
#2294=FACE_BOUND('',#2104,.T.);
#2295=FACE_BOUND('',#2105,.T.);
#2296=FACE_BOUND('',#2106,.T.);
#2297=CYLINDRICAL_SURFACE('',#2571,0.01);
#2298=CYLINDRICAL_SURFACE('',#2581,0.01);
#2299=CYLINDRICAL_SURFACE('',#2615,0.035);
#2300=CYLINDRICAL_SURFACE('',#2627,0.035);
#2301=CYLINDRICAL_SURFACE('',#2641,0.0762);
#2302=CYLINDRICAL_SURFACE('',#2645,0.0762);
#2303=CYLINDRICAL_SURFACE('',#2652,0.0271);
#2304=CYLINDRICAL_SURFACE('',#2653,0.0271);
#2305=CYLINDRICAL_SURFACE('',#2659,0.035);
#2306=CYLINDRICAL_SURFACE('',#2670,0.0762);
#2307=CYLINDRICAL_SURFACE('',#2683,0.0271);
#2308=CYLINDRICAL_SURFACE('',#2684,0.00395);
#2309=CYLINDRICAL_SURFACE('',#2688,0.00395);
#2310=CYLINDRICAL_SURFACE('',#2690,0.004);
#2311=CYLINDRICAL_SURFACE('',#2694,0.0025);
#2312=CYLINDRICAL_SURFACE('',#2695,0.01005);
#2313=CYLINDRICAL_SURFACE('',#2698,0.01005);
#2314=CYLINDRICAL_SURFACE('',#2701,0.0079);
#2315=CYLINDRICAL_SURFACE('',#2731,0.035);
#2316=CYLINDRICAL_SURFACE('',#2734,0.035);
#2317=CYLINDRICAL_SURFACE('',#2748,0.0762);
#2318=CYLINDRICAL_SURFACE('',#2753,0.0762);
#2319=CYLINDRICAL_SURFACE('',#2761,0.0271);
#2320=CYLINDRICAL_SURFACE('',#2762,0.0271);
#2321=CYLINDRICAL_SURFACE('',#2765,0.005);
#2322=CYLINDRICAL_SURFACE('',#2772,0.005);
#2323=CYLINDRICAL_SURFACE('',#2780,0.005);
#2324=CYLINDRICAL_SURFACE('',#2786,0.005);
#2325=CYLINDRICAL_SURFACE('',#2787,0.01);
#2326=CYLINDRICAL_SURFACE('',#2790,0.01005);
#2327=CYLINDRICAL_SURFACE('',#2794,0.01);
#2328=CYLINDRICAL_SURFACE('',#2797,0.01005);
#2329=CYLINDRICAL_SURFACE('',#2803,0.01);
#2330=CYLINDRICAL_SURFACE('',#2808,0.01);
#2331=CYLINDRICAL_SURFACE('',#2822,0.01);
#2332=CYLINDRICAL_SURFACE('',#2826,0.01);
#2333=CYLINDRICAL_SURFACE('',#2828,0.0158);
#2334=CYLINDRICAL_SURFACE('',#2830,0.0158);
#2335=CYLINDRICAL_SURFACE('',#2835,0.0158);
#2336=CYLINDRICAL_SURFACE('',#2837,0.0158);
#2337=CYLINDRICAL_SURFACE('',#2841,0.0158);
#2338=CYLINDRICAL_SURFACE('',#2847,0.01);
#2339=CYLINDRICAL_SURFACE('',#2852,0.01);
#2340=CYLINDRICAL_SURFACE('',#2855,0.01);
#2341=CYLINDRICAL_SURFACE('',#2860,0.01);
#2342=CYLINDRICAL_SURFACE('',#2873,0.0158);
#2343=CYLINDRICAL_SURFACE('',#2874,0.0158);
#2344=ADVANCED_FACE('',(#2107,#2108),#2297,.T.);
#2345=ADVANCED_FACE('',(#2109),#428,.T.);
#2346=ADVANCED_FACE('',(#2110),#429,.F.);
#2347=ADVANCED_FACE('',(#2111,#2112),#424,.T.);
#2348=ADVANCED_FACE('',(#2113,#2114),#425,.T.);
#2349=ADVANCED_FACE('',(#2115,#2116),#2298,.T.);
#2350=ADVANCED_FACE('',(#2117),#430,.T.);
#2351=ADVANCED_FACE('',(#2118),#431,.F.);
#2352=ADVANCED_FACE('',(#2119,#2120),#426,.T.);
#2353=ADVANCED_FACE('',(#2121,#2122),#427,.T.);
#2354=ADVANCED_FACE('',(#2123),#432,.F.);
#2355=ADVANCED_FACE('',(#2124),#54,.T.);
#2356=ADVANCED_FACE('',(#2125),#32,.F.);
#2357=ADVANCED_FACE('',(#2126,#2127,#2128),#433,.F.);
#2358=ADVANCED_FACE('',(#2129),#434,.T.);
#2359=ADVANCED_FACE('',(#2130),#435,.F.);
#2360=ADVANCED_FACE('',(#2131),#436,.F.);
#2361=ADVANCED_FACE('',(#2132),#437,.T.);
#2362=ADVANCED_FACE('',(#2133),#2299,.F.);
#2363=ADVANCED_FACE('',(#2134),#438,.F.);
#2364=ADVANCED_FACE('',(#2135),#439,.T.);
#2365=ADVANCED_FACE('',(#2136),#2300,.F.);
#2366=ADVANCED_FACE('',(#2137),#26,.F.);
#2367=ADVANCED_FACE('',(#2138),#10,.T.);
#2368=ADVANCED_FACE('',(#2139),#11,.T.);
#2369=ADVANCED_FACE('',(#2140),#440,.T.);
#2370=ADVANCED_FACE('',(#2141),#2301,.F.);
#2371=ADVANCED_FACE('',(#2142),#441,.T.);
#2372=ADVANCED_FACE('',(#2143),#2302,.F.);
#2373=ADVANCED_FACE('',(#2144),#12,.T.);
#2374=ADVANCED_FACE('',(#2145),#13,.T.);
#2375=ADVANCED_FACE('',(#2146),#442,.T.);
#2376=ADVANCED_FACE('',(#2147),#2303,.F.);
#2377=ADVANCED_FACE('',(#2148),#2304,.F.);
#2378=ADVANCED_FACE('',(#2149),#443,.F.);
#2379=ADVANCED_FACE('',(#2150),#55,.T.);
#2380=ADVANCED_FACE('',(#2151),#2305,.F.);
#2381=ADVANCED_FACE('',(#2152),#444,.F.);
#2382=ADVANCED_FACE('',(#2153),#27,.T.);
#2383=ADVANCED_FACE('',(#2154),#14,.T.);
#2384=ADVANCED_FACE('',(#2155),#28,.T.);
#2385=ADVANCED_FACE('',(#2156),#2306,.F.);
#2386=ADVANCED_FACE('',(#2157),#445,.T.);
#2387=ADVANCED_FACE('',(#2158),#56,.T.);
#2388=ADVANCED_FACE('',(#2159),#57,.T.);
#2389=ADVANCED_FACE('',(#2160),#15,.T.);
#2390=ADVANCED_FACE('',(#2161),#58,.T.);
#2391=ADVANCED_FACE('',(#2162),#59,.T.);
#2392=ADVANCED_FACE('',(#2163),#446,.F.);
#2393=ADVANCED_FACE('',(#2164),#2307,.F.);
#2394=ADVANCED_FACE('',(#2165),#2308,.F.);
#2395=ADVANCED_FACE('',(#2166),#33,.F.);
#2396=ADVANCED_FACE('',(#2167),#447,.T.);
#2397=ADVANCED_FACE('',(#2168),#2309,.F.);
#2398=ADVANCED_FACE('',(#2169),#448,.T.);
#2399=ADVANCED_FACE('',(#2170),#2310,.F.);
#2400=ADVANCED_FACE('',(#2171),#34,.F.);
#2401=ADVANCED_FACE('',(#2172),#449,.F.);
#2402=ADVANCED_FACE('',(#2173),#2311,.F.);
#2403=ADVANCED_FACE('',(#2174,#2175),#2312,.F.);
#2404=ADVANCED_FACE('',(#2176),#450,.F.);
#2405=ADVANCED_FACE('',(#2177,#2178),#2313,.F.);
#2406=ADVANCED_FACE('',(#2179),#451,.F.);
#2407=ADVANCED_FACE('',(#2180),#2314,.F.);
#2408=ADVANCED_FACE('',(#2181),#452,.F.);
#2409=ADVANCED_FACE('',(#2182),#453,.T.);
#2410=ADVANCED_FACE('',(#2183),#454,.F.);
#2411=ADVANCED_FACE('',(#2184),#455,.F.);
#2412=ADVANCED_FACE('',(#2185),#456,.F.);
#2413=ADVANCED_FACE('',(#2186),#457,.F.);
#2414=ADVANCED_FACE('',(#2187),#458,.T.);
#2415=ADVANCED_FACE('',(#2188),#459,.F.);
#2416=ADVANCED_FACE('',(#2189,#2190,#2191),#460,.T.);
#2417=ADVANCED_FACE('',(#2192),#461,.F.);
#2418=ADVANCED_FACE('',(#2193),#462,.T.);
#2419=ADVANCED_FACE('',(#2194),#463,.T.);
#2420=ADVANCED_FACE('',(#2195),#464,.F.);
#2421=ADVANCED_FACE('',(#2196),#2315,.F.);
#2422=ADVANCED_FACE('',(#2197),#2316,.F.);
#2423=ADVANCED_FACE('',(#2198),#29,.F.);
#2424=ADVANCED_FACE('',(#2199),#16,.T.);
#2425=ADVANCED_FACE('',(#2200),#17,.T.);
#2426=ADVANCED_FACE('',(#2201),#465,.T.);
#2427=ADVANCED_FACE('',(#2202),#2317,.F.);
#2428=ADVANCED_FACE('',(#2203),#466,.T.);
#2429=ADVANCED_FACE('',(#2204),#2318,.F.);
#2430=ADVANCED_FACE('',(#2205),#18,.T.);
#2431=ADVANCED_FACE('',(#2206),#19,.T.);
#2432=ADVANCED_FACE('',(#2207),#467,.T.);
#2433=ADVANCED_FACE('',(#2208),#2319,.F.);
#2434=ADVANCED_FACE('',(#2209),#2320,.F.);
#2435=ADVANCED_FACE('',(#2210),#468,.F.);
#2436=ADVANCED_FACE('',(#2211),#2321,.F.);
#2437=ADVANCED_FACE('',(#2212),#20,.F.);
#2438=ADVANCED_FACE('',(#2213),#2322,.F.);
#2439=ADVANCED_FACE('',(#2214),#469,.T.);
#2440=ADVANCED_FACE('',(#2215),#470,.F.);
#2441=ADVANCED_FACE('',(#2216),#471,.T.);
#2442=ADVANCED_FACE('',(#2217),#472,.F.);
#2443=ADVANCED_FACE('',(#2218),#2323,.F.);
#2444=ADVANCED_FACE('',(#2219),#21,.F.);
#2445=ADVANCED_FACE('',(#2220),#2324,.F.);
#2446=ADVANCED_FACE('',(#2221,#2222),#2325,.T.);
#2447=ADVANCED_FACE('',(#2223,#2224),#2326,.F.);
#2448=ADVANCED_FACE('',(#2225,#2226),#473,.T.);
#2449=ADVANCED_FACE('',(#2227),#474,.T.);
#2450=ADVANCED_FACE('',(#2228,#2229),#2327,.T.);
#2451=ADVANCED_FACE('',(#2230,#2231),#2328,.F.);
#2452=ADVANCED_FACE('',(#2232,#2233),#475,.T.);
#2453=ADVANCED_FACE('',(#2234),#476,.T.);
#2454=ADVANCED_FACE('',(#2235),#477,.F.);
#2455=ADVANCED_FACE('',(#2236,#2237),#2329,.T.);
#2456=ADVANCED_FACE('',(#2238,#2239),#22,.T.);
#2457=ADVANCED_FACE('',(#2240,#2241),#2330,.T.);
#2458=ADVANCED_FACE('',(#2242,#2243),#478,.T.);
#2459=ADVANCED_FACE('',(#2244),#479,.F.);
#2460=ADVANCED_FACE('',(#2245),#480,.T.);
#2461=ADVANCED_FACE('',(#2246),#481,.T.);
#2462=ADVANCED_FACE('',(#2247),#482,.F.);
#2463=ADVANCED_FACE('',(#2248,#2249),#483,.F.);
#2464=ADVANCED_FACE('',(#2250),#484,.T.);
#2465=ADVANCED_FACE('',(#2251),#485,.T.);
#2466=ADVANCED_FACE('',(#2252),#486,.F.);
#2467=ADVANCED_FACE('',(#2253,#2254),#2331,.T.);
#2468=ADVANCED_FACE('',(#2255,#2256),#23,.T.);
#2469=ADVANCED_FACE('',(#2257,#2258),#2332,.T.);
#2470=ADVANCED_FACE('',(#2259),#2333,.T.);
#2471=ADVANCED_FACE('',(#2260),#2334,.T.);
#2472=ADVANCED_FACE('',(#2261),#30,.T.);
#2473=ADVANCED_FACE('',(#2262),#2335,.T.);
#2474=ADVANCED_FACE('',(#2263),#2336,.T.);
#2475=ADVANCED_FACE('',(#2264),#31,.T.);
#2476=ADVANCED_FACE('',(#2265),#2337,.T.);
#2477=ADVANCED_FACE('',(#2266),#487,.F.);
#2478=ADVANCED_FACE('',(#2267),#488,.F.);
#2479=ADVANCED_FACE('',(#2268),#489,.F.);
#2480=ADVANCED_FACE('',(#2269,#2270),#2338,.T.);
#2481=ADVANCED_FACE('',(#2271,#2272),#24,.T.);
#2482=ADVANCED_FACE('',(#2273,#2274),#2339,.T.);
#2483=ADVANCED_FACE('',(#2275,#2276),#490,.T.);
#2484=ADVANCED_FACE('',(#2277,#2278),#2340,.T.);
#2485=ADVANCED_FACE('',(#2279,#2280),#25,.T.);
#2486=ADVANCED_FACE('',(#2281,#2282),#2341,.T.);
#2487=ADVANCED_FACE('',(#2283,#2284),#491,.F.);
#2488=ADVANCED_FACE('',(#2285),#492,.F.);
#2489=ADVANCED_FACE('',(#2286),#493,.F.);
#2490=ADVANCED_FACE('',(#2287),#494,.F.);
#2491=ADVANCED_FACE('',(#2288),#495,.T.);
#2492=ADVANCED_FACE('',(#2289),#496,.T.);
#2493=ADVANCED_FACE('',(#2290),#497,.T.);
#2494=ADVANCED_FACE('',(#2291),#2342,.T.);
#2495=ADVANCED_FACE('',(#2292),#2343,.T.);
#2496=ADVANCED_FACE('',(#2293),#498,.F.);
#2497=ADVANCED_FACE('',(#2294),#499,.F.);
#2498=ADVANCED_FACE('',(#2295),#500,.F.);
#2499=ADVANCED_FACE('',(#2296),#501,.F.);
#2500=CLOSED_SHELL('',(#2344,#2345,#2346,#2347,#2348));
#2501=CLOSED_SHELL('',(#2349,#2350,#2351,#2352,#2353));
#2502=CLOSED_SHELL('',(#2354,#2355,#2356,#2357,#2358,#2359,#2360,#2361,
#2362,#2363,#2364,#2365,#2366,#2367,#2368,#2369,#2370,#2371,#2372,#2373,
#2374,#2375,#2376,#2377,#2378,#2379,#2380,#2381,#2382,#2383,#2384,#2385,
#2386,#2387,#2388,#2389,#2390,#2391,#2392,#2393,#2394,#2395,#2396,#2397,
#2398,#2399,#2400,#2401,#2402,#2403,#2404,#2405,#2406,#2407,#2408,#2409,
#2410,#2411,#2412,#2413));
#2503=CLOSED_SHELL('',(#2414,#2415,#2416,#2417,#2418,#2419,#2420,#2421,
#2422,#2423,#2424,#2425,#2426,#2427,#2428,#2429,#2430,#2431,#2432,#2433,
#2434,#2435,#2436,#2437,#2438,#2439,#2440,#2441,#2442,#2443,#2444,#2445,
#2446,#2447,#2448,#2449,#2450,#2451,#2452,#2453,#2454));
#2504=CLOSED_SHELL('',(#2455,#2456,#2457,#2458,#2459,#2460,#2461,#2462,
#2463,#2464,#2465,#2466,#2467,#2468,#2469,#2470,#2471,#2472,#2473,#2474,
#2475,#2476,#2477,#2478,#2479));
#2505=CLOSED_SHELL('',(#2480,#2481,#2482,#2483,#2484,#2485,#2486,#2487,
#2488,#2489,#2490,#2491,#2492,#2493,#2494,#2495,#2496,#2497,#2498,#2499));
#2506=STYLED_ITEM('',(#2512),#2552);
#2507=STYLED_ITEM('',(#2513),#2553);
#2508=STYLED_ITEM('',(#2514),#2554);
#2509=STYLED_ITEM('',(#2515),#2555);
#2510=STYLED_ITEM('',(#2516),#2556);
#2511=STYLED_ITEM('',(#2517),#2557);
#2512=PRESENTATION_STYLE_ASSIGNMENT((#2518));
#2513=PRESENTATION_STYLE_ASSIGNMENT((#2519));
#2514=PRESENTATION_STYLE_ASSIGNMENT((#2520));
#2515=PRESENTATION_STYLE_ASSIGNMENT((#2521));
#2516=PRESENTATION_STYLE_ASSIGNMENT((#2522));
#2517=PRESENTATION_STYLE_ASSIGNMENT((#2523));
#2518=SURFACE_STYLE_USAGE(.BOTH.,#2524);
#2519=SURFACE_STYLE_USAGE(.BOTH.,#2525);
#2520=SURFACE_STYLE_USAGE(.BOTH.,#2526);
#2521=SURFACE_STYLE_USAGE(.BOTH.,#2527);
#2522=SURFACE_STYLE_USAGE(.BOTH.,#2528);
#2523=SURFACE_STYLE_USAGE(.BOTH.,#2529);
#2524=SURFACE_SIDE_STYLE('',(#2530));
#2525=SURFACE_SIDE_STYLE('',(#2531));
#2526=SURFACE_SIDE_STYLE('',(#2532));
#2527=SURFACE_SIDE_STYLE('',(#2533));
#2528=SURFACE_SIDE_STYLE('',(#2534));
#2529=SURFACE_SIDE_STYLE('',(#2535));
#2530=SURFACE_STYLE_FILL_AREA(#2536);
#2531=SURFACE_STYLE_FILL_AREA(#2537);
#2532=SURFACE_STYLE_FILL_AREA(#2538);
#2533=SURFACE_STYLE_FILL_AREA(#2539);
#2534=SURFACE_STYLE_FILL_AREA(#2540);
#2535=SURFACE_STYLE_FILL_AREA(#2541);
#2536=FILL_AREA_STYLE('',(#2542));
#2537=FILL_AREA_STYLE('',(#2543));
#2538=FILL_AREA_STYLE('',(#2544));
#2539=FILL_AREA_STYLE('',(#2545));
#2540=FILL_AREA_STYLE('',(#2546));
#2541=FILL_AREA_STYLE('',(#2547));
#2542=FILL_AREA_STYLE_COLOUR('',#2548);
#2543=FILL_AREA_STYLE_COLOUR('',#2548);
#2544=FILL_AREA_STYLE_COLOUR('',#2549);
#2545=FILL_AREA_STYLE_COLOUR('',#2550);
#2546=FILL_AREA_STYLE_COLOUR('',#2551);
#2547=FILL_AREA_STYLE_COLOUR('',#2551);
#2548=COLOUR_RGB('',0.349019607843138,0.376470588235294,0.4);
#2549=COLOUR_RGB('',0.756862745098039,0.462745098039216,0.109803921568627);
#2550=COLOUR_RGB('',0.6,0.352941176470589,0.0549019607843137);
#2551=COLOUR_RGB('',0.458823529411765,0.105882352941176,0.);
#2552=MANIFOLD_SOLID_BREP('Pin 1',#2500);
#2553=MANIFOLD_SOLID_BREP('Pin 2',#2501);
#2554=MANIFOLD_SOLID_BREP('Cope_Sand',#2502);
#2555=MANIFOLD_SOLID_BREP('Drag_Sand',#2503);
#2556=MANIFOLD_SOLID_BREP('Drag_Wooden_Casing',#2504);
#2557=MANIFOLD_SOLID_BREP('Cope_Wood_Casing',#2505);
#2558=SHAPE_DEFINITION_REPRESENTATION(#4660,#2564);
#2559=SHAPE_DEFINITION_REPRESENTATION(#4661,#2565);
#2560=SHAPE_DEFINITION_REPRESENTATION(#4662,#2566);
#2561=SHAPE_DEFINITION_REPRESENTATION(#4663,#2567);
#2562=SHAPE_DEFINITION_REPRESENTATION(#4664,#2568);
#2563=SHAPE_DEFINITION_REPRESENTATION(#4665,#2569);
#2564=SHAPE_REPRESENTATION('Pin 1',(#2570),#4630);
#2565=SHAPE_REPRESENTATION('Pin 2',(#2580),#4631);
#2566=SHAPE_REPRESENTATION('Cope_Sand',(#2590),#4632);
#2567=SHAPE_REPRESENTATION('Drag_Sand',(#2710),#4633);
#2568=SHAPE_REPRESENTATION('Drag_Wooden_Casing',(#2802),#4634);
#2569=SHAPE_REPRESENTATION('Cope_Wood_Casing',(#2846),#4635);
#2570=AXIS2_PLACEMENT_3D('',#3673,#2879,#2880);
#2571=AXIS2_PLACEMENT_3D('',#3674,#2881,#2882);
#2572=AXIS2_PLACEMENT_3D('',#3675,#2883,#2884);
#2573=AXIS2_PLACEMENT_3D('',#3677,#2885,#2886);
#2574=AXIS2_PLACEMENT_3D('',#3679,#2887,#2888);
#2575=AXIS2_PLACEMENT_3D('',#3680,#2889,#2890);
#2576=AXIS2_PLACEMENT_3D('',#3682,#2891,#2892);
#2577=AXIS2_PLACEMENT_3D('',#3683,#2893,#2894);
#2578=AXIS2_PLACEMENT_3D('',#3685,#2895,#2896);
#2579=AXIS2_PLACEMENT_3D('',#3686,#2897,#2898);
#2580=AXIS2_PLACEMENT_3D('',#3687,#2899,#2900);
#2581=AXIS2_PLACEMENT_3D('',#3688,#2901,#2902);
#2582=AXIS2_PLACEMENT_3D('',#3689,#2903,#2904);
#2583=AXIS2_PLACEMENT_3D('',#3691,#2905,#2906);
#2584=AXIS2_PLACEMENT_3D('',#3693,#2907,#2908);
#2585=AXIS2_PLACEMENT_3D('',#3694,#2909,#2910);
#2586=AXIS2_PLACEMENT_3D('',#3696,#2911,#2912);
#2587=AXIS2_PLACEMENT_3D('',#3697,#2913,#2914);
#2588=AXIS2_PLACEMENT_3D('',#3699,#2915,#2916);
#2589=AXIS2_PLACEMENT_3D('',#3700,#2917,#2918);
#2590=AXIS2_PLACEMENT_3D('',#3701,#2919,#2920);
#2591=AXIS2_PLACEMENT_3D('',#3702,#2921,#2922);
#2592=AXIS2_PLACEMENT_3D('',#3756,#2933,#2934);
#2593=AXIS2_PLACEMENT_3D('',#3766,#2935,#2936);
#2594=AXIS2_PLACEMENT_3D('',#3768,#2937,#2938);
#2595=AXIS2_PLACEMENT_3D('',#3770,#2939,#2940);
#2596=AXIS2_PLACEMENT_3D('',#3779,#2941,#2942);
#2597=AXIS2_PLACEMENT_3D('',#3788,#2943,#2944);
#2598=AXIS2_PLACEMENT_3D('',#3789,#2945,#2946);
#2599=AXIS2_PLACEMENT_3D('',#3794,#2948,#2949);
#2600=AXIS2_PLACEMENT_3D('',#3808,#2952,#2953);
#2601=AXIS2_PLACEMENT_3D('',#3809,#2954,#2955);
#2602=AXIS2_PLACEMENT_3D('',#3811,#2956,#2957);
#2603=AXIS2_PLACEMENT_3D('',#3825,#2964,#2965);
#2604=AXIS2_PLACEMENT_3D('',#3829,#2967,#2968);
#2605=AXIS2_PLACEMENT_3D('',#3831,#2969,#2970);
#2606=AXIS2_PLACEMENT_3D('',#3833,#2971,#2972);
#2607=AXIS2_PLACEMENT_3D('',#3837,#2974,#2975);
#2608=AXIS2_PLACEMENT_3D('',#3854,#2984,#2985);
#2609=AXIS2_PLACEMENT_3D('',#3858,#2988,#2989);
#2610=AXIS2_PLACEMENT_3D('',#3862,#2992,#2993);
#2611=AXIS2_PLACEMENT_3D('',#3866,#2996,#2997);
#2612=AXIS2_PLACEMENT_3D('',#3870,#3000,#3001);
#2613=AXIS2_PLACEMENT_3D('',#3874,#3003,#3004);
#2614=AXIS2_PLACEMENT_3D('',#3878,#3006,#3007);
#2615=AXIS2_PLACEMENT_3D('',#3879,#3008,#3009);
#2616=AXIS2_PLACEMENT_3D('',#3880,#3010,#3011);
#2617=AXIS2_PLACEMENT_3D('',#3882,#3012,#3013);
#2618=AXIS2_PLACEMENT_3D('',#3884,#3014,#3015);
#2619=AXIS2_PLACEMENT_3D('',#3885,#3016,#3017);
#2620=AXIS2_PLACEMENT_3D('',#3886,#3018,#3019);
#2621=AXIS2_PLACEMENT_3D('',#3887,#3020,#3021);
#2622=AXIS2_PLACEMENT_3D('',#3889,#3022,#3023);
#2623=AXIS2_PLACEMENT_3D('',#3890,#3024,#3025);
#2624=AXIS2_PLACEMENT_3D('',#3894,#3027,#3028);
#2625=AXIS2_PLACEMENT_3D('',#3895,#3029,#3030);
#2626=AXIS2_PLACEMENT_3D('',#3897,#3031,#3032);
#2627=AXIS2_PLACEMENT_3D('',#3898,#3033,#3034);
#2628=AXIS2_PLACEMENT_3D('',#3899,#3035,#3036);
#2629=AXIS2_PLACEMENT_3D('',#3900,#3037,#3038);
#2630=AXIS2_PLACEMENT_3D('',#3901,#3039,#3040);
#2631=AXIS2_PLACEMENT_3D('',#3902,#3041,#3042);
#2632=AXIS2_PLACEMENT_3D('',#3904,#3043,#3044);
#2633=AXIS2_PLACEMENT_3D('',#3906,#3045,#3046);
#2634=AXIS2_PLACEMENT_3D('',#3907,#3047,#3048);
#2635=AXIS2_PLACEMENT_3D('',#3908,#3049,#3050);
#2636=AXIS2_PLACEMENT_3D('',#3909,#3051,#3052);
#2637=AXIS2_PLACEMENT_3D('',#3910,#3053,#3054);
#2638=AXIS2_PLACEMENT_3D('',#3911,#3055,#3056);
#2639=AXIS2_PLACEMENT_3D('',#3922,#3058,#3059);
#2640=AXIS2_PLACEMENT_3D('',#3923,#3060,#3061);
#2641=AXIS2_PLACEMENT_3D('',#3924,#3062,#3063);
#2642=AXIS2_PLACEMENT_3D('',#3926,#3065,#3066);
#2643=AXIS2_PLACEMENT_3D('',#3930,#3068,#3069);
#2644=AXIS2_PLACEMENT_3D('',#3931,#3070,#3071);
#2645=AXIS2_PLACEMENT_3D('',#3938,#3072,#3073);
#2646=AXIS2_PLACEMENT_3D('',#3940,#3075,#3076);
#2647=AXIS2_PLACEMENT_3D('',#3941,#3077,#3078);
#2648=AXIS2_PLACEMENT_3D('',#3942,#3079,#3080);
#2649=AXIS2_PLACEMENT_3D('',#3943,#3081,#3082);
#2650=AXIS2_PLACEMENT_3D('',#3944,#3083,#3084);
#2651=AXIS2_PLACEMENT_3D('',#3947,#3086,#3087);
#2652=AXIS2_PLACEMENT_3D('',#3948,#3088,#3089);
#2653=AXIS2_PLACEMENT_3D('',#3950,#3091,#3092);
#2654=AXIS2_PLACEMENT_3D('',#3951,#3093,#3094);
#2655=AXIS2_PLACEMENT_3D('',#3952,#3095,#3096);
#2656=AXIS2_PLACEMENT_3D('',#3986,#3097,#3098);
#2657=AXIS2_PLACEMENT_3D('',#3995,#3099,#3100);
#2658=AXIS2_PLACEMENT_3D('',#3997,#3101,#3102);
#2659=AXIS2_PLACEMENT_3D('',#4005,#3103,#3104);
#2660=AXIS2_PLACEMENT_3D('',#4006,#3105,#3106);
#2661=AXIS2_PLACEMENT_3D('',#4007,#3107,#3108);
#2662=AXIS2_PLACEMENT_3D('',#4008,#3109,#3110);
#2663=AXIS2_PLACEMENT_3D('',#4009,#3111,#3112);
#2664=AXIS2_PLACEMENT_3D('',#4014,#3114,#3115);
#2665=AXIS2_PLACEMENT_3D('',#4017,#3117,#3118);
#2666=AXIS2_PLACEMENT_3D('',#4018,#3119,#3120);
#2667=AXIS2_PLACEMENT_3D('',#4019,#3121,#3122);
#2668=AXIS2_PLACEMENT_3D('',#4020,#3123,#3124);
#2669=AXIS2_PLACEMENT_3D('',#4021,#3125,#3126);
#2670=AXIS2_PLACEMENT_3D('',#4022,#3127,#3128);
#2671=AXIS2_PLACEMENT_3D('',#4023,#3129,#3130);
#2672=AXIS2_PLACEMENT_3D('',#4034,#3132,#3133);
#2673=AXIS2_PLACEMENT_3D('',#4046,#3136,#3137);
#2674=AXIS2_PLACEMENT_3D('',#4071,#3138,#3139);
#2675=AXIS2_PLACEMENT_3D('',#4090,#3140,#3141);
#2676=AXIS2_PLACEMENT_3D('',#4091,#3142,#3143);
#2677=AXIS2_PLACEMENT_3D('',#4092,#3144,#3145);
#2678=AXIS2_PLACEMENT_3D('',#4093,#3146,#3147);
#2679=AXIS2_PLACEMENT_3D('',#4112,#3148,#3149);
#2680=AXIS2_PLACEMENT_3D('',#4131,#3150,#3151);
#2681=AXIS2_PLACEMENT_3D('',#4132,#3152,#3153);
#2682=AXIS2_PLACEMENT_3D('',#4133,#3154,#3155);
#2683=AXIS2_PLACEMENT_3D('',#4137,#3157,#3158);
#2684=AXIS2_PLACEMENT_3D('',#4140,#3161,#3162);
#2685=AXIS2_PLACEMENT_3D('',#4167,#3166,#3167);
#2686=AXIS2_PLACEMENT_3D('',#4169,#3169,#3170);
#2687=AXIS2_PLACEMENT_3D('',#4170,#3171,#3172);
#2688=AXIS2_PLACEMENT_3D('',#4171,#3173,#3174);
#2689=AXIS2_PLACEMENT_3D('',#4174,#3177,#3178);
#2690=AXIS2_PLACEMENT_3D('',#4176,#3180,#3181);
#2691=AXIS2_PLACEMENT_3D('',#4189,#3184,#3185);
#2692=AXIS2_PLACEMENT_3D('',#4192,#3187,#3188);
#2693=AXIS2_PLACEMENT_3D('',#4196,#3191,#3192);
#2694=AXIS2_PLACEMENT_3D('',#4198,#3194,#3195);
#2695=AXIS2_PLACEMENT_3D('',#4201,#3198,#3199);
#2696=AXIS2_PLACEMENT_3D('',#4202,#3200,#3201);
#2697=AXIS2_PLACEMENT_3D('',#4204,#3202,#3203);
#2698=AXIS2_PLACEMENT_3D('',#4205,#3204,#3205);
#2699=AXIS2_PLACEMENT_3D('',#4206,#3206,#3207);
#2700=AXIS2_PLACEMENT_3D('',#4208,#3208,#3209);
#2701=AXIS2_PLACEMENT_3D('',#4209,#3210,#3211);
#2702=AXIS2_PLACEMENT_3D('',#4212,#3213,#3214);
#2703=AXIS2_PLACEMENT_3D('',#4215,#3216,#3217);
#2704=AXIS2_PLACEMENT_3D('',#4216,#3218,#3219);
#2705=AXIS2_PLACEMENT_3D('',#4217,#3220,#3221);
#2706=AXIS2_PLACEMENT_3D('',#4219,#3223,#3224);
#2707=AXIS2_PLACEMENT_3D('',#4220,#3225,#3226);
#2708=AXIS2_PLACEMENT_3D('',#4221,#3227,#3228);
#2709=AXIS2_PLACEMENT_3D('',#4222,#3229,#3230);
#2710=AXIS2_PLACEMENT_3D('',#4223,#3231,#3232);
#2711=AXIS2_PLACEMENT_3D('',#4224,#3233,#3234);
#2712=AXIS2_PLACEMENT_3D('',#4228,#3236,#3237);
#2713=AXIS2_PLACEMENT_3D('',#4230,#3238,#3239);
#2714=AXIS2_PLACEMENT_3D('',#4234,#3241,#3242);
#2715=AXIS2_PLACEMENT_3D('',#4235,#3243,#3244);
#2716=AXIS2_PLACEMENT_3D('',#4236,#3245,#3246);
#2717=AXIS2_PLACEMENT_3D('',#4241,#3248,#3249);
#2718=AXIS2_PLACEMENT_3D('',#4245,#3251,#3252);
#2719=AXIS2_PLACEMENT_3D('',#4246,#3253,#3254);
#2720=AXIS2_PLACEMENT_3D('',#4265,#3264,#3265);
#2721=AXIS2_PLACEMENT_3D('',#4269,#3267,#3268);
#2722=AXIS2_PLACEMENT_3D('',#4271,#3269,#3270);
#2723=AXIS2_PLACEMENT_3D('',#4273,#3271,#3272);
#2724=AXIS2_PLACEMENT_3D('',#4277,#3274,#3275);
#2725=AXIS2_PLACEMENT_3D('',#4285,#3280,#3281);
#2726=AXIS2_PLACEMENT_3D('',#4287,#3282,#3283);
#2727=AXIS2_PLACEMENT_3D('',#4289,#3284,#3285);
#2728=AXIS2_PLACEMENT_3D('',#4295,#3289,#3290);
#2729=AXIS2_PLACEMENT_3D('',#4299,#3293,#3294);
#2730=AXIS2_PLACEMENT_3D('',#4303,#3297,#3298);
#2731=AXIS2_PLACEMENT_3D('',#4305,#3300,#3301);
#2732=AXIS2_PLACEMENT_3D('',#4306,#3302,#3303);
#2733=AXIS2_PLACEMENT_3D('',#4310,#3305,#3306);
#2734=AXIS2_PLACEMENT_3D('',#4311,#3307,#3308);
#2735=AXIS2_PLACEMENT_3D('',#4312,#3309,#3310);
#2736=AXIS2_PLACEMENT_3D('',#4316,#3312,#3313);
#2737=AXIS2_PLACEMENT_3D('',#4317,#3314,#3315);
#2738=AXIS2_PLACEMENT_3D('',#4318,#3316,#3317);
#2739=AXIS2_PLACEMENT_3D('',#4321,#3318,#3319);
#2740=AXIS2_PLACEMENT_3D('',#4322,#3320,#3321);
#2741=AXIS2_PLACEMENT_3D('',#4323,#3322,#3323);
#2742=AXIS2_PLACEMENT_3D('',#4324,#3324,#3325);
#2743=AXIS2_PLACEMENT_3D('',#4325,#3326,#3327);
#2744=AXIS2_PLACEMENT_3D('',#4326,#3328,#3329);
#2745=AXIS2_PLACEMENT_3D('',#4327,#3330,#3331);
#2746=AXIS2_PLACEMENT_3D('',#4331,#3333,#3334);
#2747=AXIS2_PLACEMENT_3D('',#4332,#3335,#3336);
#2748=AXIS2_PLACEMENT_3D('',#4333,#3337,#3338);
#2749=AXIS2_PLACEMENT_3D('',#4336,#3340,#3341);
#2750=AXIS2_PLACEMENT_3D('',#4337,#3342,#3343);
#2751=AXIS2_PLACEMENT_3D('',#4341,#3345,#3346);
#2752=AXIS2_PLACEMENT_3D('',#4342,#3347,#3348);
#2753=AXIS2_PLACEMENT_3D('',#4343,#3349,#3350);
#2754=AXIS2_PLACEMENT_3D('',#4346,#3352,#3353);
#2755=AXIS2_PLACEMENT_3D('',#4347,#3354,#3355);
#2756=AXIS2_PLACEMENT_3D('',#4348,#3356,#3357);
#2757=AXIS2_PLACEMENT_3D('',#4349,#3358,#3359);
#2758=AXIS2_PLACEMENT_3D('',#4350,#3360,#3361);
#2759=AXIS2_PLACEMENT_3D('',#4351,#3362,#3363);
#2760=AXIS2_PLACEMENT_3D('',#4354,#3365,#3366);
#2761=AXIS2_PLACEMENT_3D('',#4355,#3367,#3368);
#2762=AXIS2_PLACEMENT_3D('',#4357,#3370,#3371);
#2763=AXIS2_PLACEMENT_3D('',#4360,#3373,#3374);
#2764=AXIS2_PLACEMENT_3D('',#4361,#3375,#3376);
#2765=AXIS2_PLACEMENT_3D('',#4363,#3378,#3379);
#2766=AXIS2_PLACEMENT_3D('',#4364,#3380,#3381);
#2767=AXIS2_PLACEMENT_3D('',#4368,#3383,#3384);
#2768=AXIS2_PLACEMENT_3D('',#4371,#3386,#3387);
#2769=AXIS2_PLACEMENT_3D('',#4372,#3388,#3389);
#2770=AXIS2_PLACEMENT_3D('',#4374,#3390,#3391);
#2771=AXIS2_PLACEMENT_3D('',#4376,#3392,#3393);
#2772=AXIS2_PLACEMENT_3D('',#4377,#3394,#3395);
#2773=AXIS2_PLACEMENT_3D('',#4380,#3397,#3398);
#2774=AXIS2_PLACEMENT_3D('',#4383,#3400,#3401);
#2775=AXIS2_PLACEMENT_3D('',#4385,#3403,#3404);
#2776=AXIS2_PLACEMENT_3D('',#4387,#3406,#3407);
#2777=AXIS2_PLACEMENT_3D('',#4390,#3409,#3410);
#2778=AXIS2_PLACEMENT_3D('',#4391,#3411,#3412);
#2779=AXIS2_PLACEMENT_3D('',#4392,#3413,#3414);
#2780=AXIS2_PLACEMENT_3D('',#4396,#3416,#3417);
#2781=AXIS2_PLACEMENT_3D('',#4397,#3418,#3419);
#2782=AXIS2_PLACEMENT_3D('',#4402,#3422,#3423);
#2783=AXIS2_PLACEMENT_3D('',#4403,#3424,#3425);
#2784=AXIS2_PLACEMENT_3D('',#4405,#3426,#3427);
#2785=AXIS2_PLACEMENT_3D('',#4407,#3428,#3429);
#2786=AXIS2_PLACEMENT_3D('',#4408,#3430,#3431);
#2787=AXIS2_PLACEMENT_3D('',#4411,#3434,#3435);
#2788=AXIS2_PLACEMENT_3D('',#4412,#3436,#3437);
#2789=AXIS2_PLACEMENT_3D('',#4414,#3438,#3439);
#2790=AXIS2_PLACEMENT_3D('',#4416,#3440,#3441);
#2791=AXIS2_PLACEMENT_3D('',#4417,#3442,#3443);
#2792=AXIS2_PLACEMENT_3D('',#4419,#3444,#3445);
#2793=AXIS2_PLACEMENT_3D('',#4420,#3446,#3447);
#2794=AXIS2_PLACEMENT_3D('',#4421,#3448,#3449);
#2795=AXIS2_PLACEMENT_3D('',#4422,#3450,#3451);
#2796=AXIS2_PLACEMENT_3D('',#4424,#3452,#3453);
#2797=AXIS2_PLACEMENT_3D('',#4426,#3454,#3455);
#2798=AXIS2_PLACEMENT_3D('',#4427,#3456,#3457);
#2799=AXIS2_PLACEMENT_3D('',#4429,#3458,#3459);
#2800=AXIS2_PLACEMENT_3D('',#4430,#3460,#3461);
#2801=AXIS2_PLACEMENT_3D('',#4431,#3462,#3463);
#2802=AXIS2_PLACEMENT_3D('',#4432,#3464,#3465);
#2803=AXIS2_PLACEMENT_3D('',#4433,#3466,#3467);
#2804=AXIS2_PLACEMENT_3D('',#4434,#3468,#3469);
#2805=AXIS2_PLACEMENT_3D('',#4436,#3470,#3471);
#2806=AXIS2_PLACEMENT_3D('',#4438,#3472,#3473);
#2807=AXIS2_PLACEMENT_3D('',#4439,#3474,#3475);
#2808=AXIS2_PLACEMENT_3D('',#4441,#3476,#3477);
#2809=AXIS2_PLACEMENT_3D('',#4442,#3478,#3479);
#2810=AXIS2_PLACEMENT_3D('',#4444,#3480,#3481);
#2811=AXIS2_PLACEMENT_3D('',#4453,#3486,#3487);
#2812=AXIS2_PLACEMENT_3D('',#4455,#3488,#3489);
#2813=AXIS2_PLACEMENT_3D('',#4464,#3494,#3495);
#2814=AXIS2_PLACEMENT_3D('',#4470,#3499,#3500);
#2815=AXIS2_PLACEMENT_3D('',#4476,#3504,#3505);
#2816=AXIS2_PLACEMENT_3D('',#4485,#3510,#3511);
#2817=AXIS2_PLACEMENT_3D('',#4494,#3516,#3517);
#2818=AXIS2_PLACEMENT_3D('',#4503,#3522,#3523);
#2819=AXIS2_PLACEMENT_3D('',#4505,#3525,#3526);
#2820=AXIS2_PLACEMENT_3D('',#4506,#3527,#3528);
#2821=AXIS2_PLACEMENT_3D('',#4508,#3530,#3531);
#2822=AXIS2_PLACEMENT_3D('',#4510,#3533,#3534);
#2823=AXIS2_PLACEMENT_3D('',#4511,#3535,#3536);
#2824=AXIS2_PLACEMENT_3D('',#4513,#3537,#3538);
#2825=AXIS2_PLACEMENT_3D('',#4514,#3539,#3540);
#2826=AXIS2_PLACEMENT_3D('',#4516,#3541,#3542);
#2827=AXIS2_PLACEMENT_3D('',#4517,#3543,#3544);
#2828=AXIS2_PLACEMENT_3D('',#4519,#3545,#3546);
#2829=AXIS2_PLACEMENT_3D('',#4520,#3547,#3548);
#2830=AXIS2_PLACEMENT_3D('',#4521,#3549,#3550);
#2831=AXIS2_PLACEMENT_3D('',#4522,#3551,#3552);
#2832=AXIS2_PLACEMENT_3D('',#4523,#3553,#3554);
#2833=AXIS2_PLACEMENT_3D('',#4524,#3555,#3556);
#2834=AXIS2_PLACEMENT_3D('',#4525,#3557,#3558);
#2835=AXIS2_PLACEMENT_3D('',#4526,#3559,#3560);
#2836=AXIS2_PLACEMENT_3D('',#4527,#3561,#3562);
#2837=AXIS2_PLACEMENT_3D('',#4528,#3563,#3564);
#2838=AXIS2_PLACEMENT_3D('',#4529,#3565,#3566);
#2839=AXIS2_PLACEMENT_3D('',#4530,#3567,#3568);
#2840=AXIS2_PLACEMENT_3D('',#4531,#3569,#3570);
#2841=AXIS2_PLACEMENT_3D('',#4532,#3571,#3572);
#2842=AXIS2_PLACEMENT_3D('',#4533,#3573,#3574);
#2843=AXIS2_PLACEMENT_3D('',#4534,#3575,#3576);
#2844=AXIS2_PLACEMENT_3D('',#4535,#3577,#3578);
#2845=AXIS2_PLACEMENT_3D('',#4536,#3579,#3580);
#2846=AXIS2_PLACEMENT_3D('',#4537,#3581,#3582);
#2847=AXIS2_PLACEMENT_3D('',#4538,#3583,#3584);
#2848=AXIS2_PLACEMENT_3D('',#4539,#3585,#3586);
#2849=AXIS2_PLACEMENT_3D('',#4541,#3587,#3588);
#2850=AXIS2_PLACEMENT_3D('',#4543,#3589,#3590);
#2851=AXIS2_PLACEMENT_3D('',#4544,#3591,#3592);
#2852=AXIS2_PLACEMENT_3D('',#4546,#3593,#3594);
#2853=AXIS2_PLACEMENT_3D('',#4547,#3595,#3596);
#2854=AXIS2_PLACEMENT_3D('',#4549,#3597,#3598);
#2855=AXIS2_PLACEMENT_3D('',#4558,#3603,#3604);
#2856=AXIS2_PLACEMENT_3D('',#4559,#3605,#3606);
#2857=AXIS2_PLACEMENT_3D('',#4561,#3607,#3608);
#2858=AXIS2_PLACEMENT_3D('',#4563,#3609,#3610);
#2859=AXIS2_PLACEMENT_3D('',#4564,#3611,#3612);
#2860=AXIS2_PLACEMENT_3D('',#4566,#3613,#3614);
#2861=AXIS2_PLACEMENT_3D('',#4567,#3615,#3616);
#2862=AXIS2_PLACEMENT_3D('',#4569,#3617,#3618);
#2863=AXIS2_PLACEMENT_3D('',#4578,#3623,#3624);
#2864=AXIS2_PLACEMENT_3D('',#4588,#3630,#3631);
#2865=AXIS2_PLACEMENT_3D('',#4592,#3633,#3634);
#2866=AXIS2_PLACEMENT_3D('',#4593,#3635,#3636);
#2867=AXIS2_PLACEMENT_3D('',#4599,#3640,#3641);
#2868=AXIS2_PLACEMENT_3D('',#4603,#3644,#3645);
#2869=AXIS2_PLACEMENT_3D('',#4609,#3649,#3650);
#2870=AXIS2_PLACEMENT_3D('',#4612,#3652,#3653);
#2871=AXIS2_PLACEMENT_3D('',#4613,#3654,#3655);
#2872=AXIS2_PLACEMENT_3D('',#4616,#3658,#3659);
#2873=AXIS2_PLACEMENT_3D('',#4618,#3661,#3662);
#2874=AXIS2_PLACEMENT_3D('',#4619,#3663,#3664);
#2875=AXIS2_PLACEMENT_3D('',#4620,#3665,#3666);
#2876=AXIS2_PLACEMENT_3D('',#4621,#3667,#3668);
#2877=AXIS2_PLACEMENT_3D('',#4622,#3669,#3670);
#2878=AXIS2_PLACEMENT_3D('',#4623,#3671,#3672);
#2879=DIRECTION('',(0.,0.,1.));
#2880=DIRECTION('',(1.,0.,0.));
#2881=DIRECTION('',(0.,0.,-1.));
#2882=DIRECTION('',(-1.,0.,0.));
#2883=DIRECTION('',(0.,0.,1.));
#2884=DIRECTION('',(1.,0.,0.));
#2885=DIRECTION('',(0.,0.,1.));
#2886=DIRECTION('',(1.,0.,0.));
#2887=DIRECTION('',(0.,0.,1.));
#2888=DIRECTION('',(1.,0.,0.));
#2889=DIRECTION('',(0.,0.,1.));
#2890=DIRECTION('',(1.,0.,0.));
#2891=DIRECTION('',(0.,0.,1.));
#2892=DIRECTION('',(1.,0.,0.));
#2893=DIRECTION('',(0.,0.,1.));
#2894=DIRECTION('',(1.,0.,0.));
#2895=DIRECTION('',(0.,0.,1.));
#2896=DIRECTION('',(1.,0.,0.));
#2897=DIRECTION('',(0.,0.,1.));
#2898=DIRECTION('',(1.,0.,0.));
#2899=DIRECTION('',(0.,0.,1.));
#2900=DIRECTION('',(1.,0.,0.));
#2901=DIRECTION('',(0.,0.,-1.));
#2902=DIRECTION('',(-1.,0.,0.));
#2903=DIRECTION('',(0.,0.,1.));
#2904=DIRECTION('',(1.,0.,0.));
#2905=DIRECTION('',(0.,0.,1.));
#2906=DIRECTION('',(1.,0.,0.));
#2907=DIRECTION('',(0.,0.,1.));
#2908=DIRECTION('',(1.,0.,0.));
#2909=DIRECTION('',(0.,0.,1.));
#2910=DIRECTION('',(1.,0.,0.));
#2911=DIRECTION('',(0.,0.,1.));
#2912=DIRECTION('',(1.,0.,0.));
#2913=DIRECTION('',(0.,0.,1.));
#2914=DIRECTION('',(1.,0.,0.));
#2915=DIRECTION('',(0.,0.,1.));
#2916=DIRECTION('',(1.,0.,0.));
#2917=DIRECTION('',(0.,0.,1.));
#2918=DIRECTION('',(1.,0.,0.));
#2919=DIRECTION('',(0.,0.,1.));
#2920=DIRECTION('',(1.,0.,0.));
#2921=DIRECTION('',(1.,0.,0.));
#2922=DIRECTION('',(0.,1.,0.));
#2923=DIRECTION('',(0.,-1.,0.));
#2924=DIRECTION('',(0.,0.,1.));
#2925=DIRECTION('',(0.,1.,0.));
#2926=DIRECTION('',(0.,0.,1.));
#2927=DIRECTION('',(0.,1.,0.));
#2928=DIRECTION('',(0.,0.0522702427946787,-0.998632976482444));
#2929=DIRECTION('',(0.,1.,0.));
#2930=DIRECTION('',(0.,0.0522702427946787,0.998632976482444));
#2931=DIRECTION('',(0.,1.,0.));
#2932=DIRECTION('',(0.,0.,1.));
#2933=DIRECTION('',(1.,0.,0.));
#2934=DIRECTION('',(0.,0.,-1.));
#2935=DIRECTION('',(0.,0.955960137675865,0.293496533496976));
#2936=DIRECTION('',(0.,-0.293496533496976,0.955960137675865));
#2937=DIRECTION('',(-0.392772235532953,-0.650280697466274,0.650280697466274));
#2938=DIRECTION('',(0.,-0.707106781186548,-0.707106781186548));
#2939=DIRECTION('',(0.,0.293496533496976,0.955960137675865));
#2940=DIRECTION('',(0.,-0.955960137675865,0.293496533496976));
#2941=DIRECTION('',(1.,0.,0.));
#2942=DIRECTION('',(0.,0.,-1.));
#2943=DIRECTION('',(0.,0.,1.));
#2944=DIRECTION('',(1.,0.,0.));
#2945=DIRECTION('',(0.,0.,-1.));
#2946=DIRECTION('',(1.,0.,0.));
#2947=DIRECTION('',(0.,0.0522702427946787,0.998632976482444));
#2948=DIRECTION('',(0.,0.,-1.));
#2949=DIRECTION('',(1.,0.,0.));
#2950=DIRECTION('',(0.,0.0522702427946787,-0.998632976482444));
#2951=DIRECTION('',(0.,0.0522702427946787,-0.998632976482444));
#2952=DIRECTION('',(0.,0.,1.));
#2953=DIRECTION('',(1.,0.,0.));
#2954=DIRECTION('',(0.,0.,-1.));
#2955=DIRECTION('',(1.,0.,0.));
#2956=DIRECTION('',(0.,0.,1.));
#2957=DIRECTION('',(1.,0.,0.));
#2958=DIRECTION('',(-1.,-1.85037170770859E-16,0.));
#2959=DIRECTION('',(1.,0.,0.));
#2960=DIRECTION('',(0.,-1.,0.));
#2961=DIRECTION('',(1.,0.,0.));
#2962=DIRECTION('',(0.,-1.,0.));
#2963=DIRECTION('',(1.,0.,0.));
#2964=DIRECTION('',(0.,0.,1.));
#2965=DIRECTION('',(1.,0.,0.));
#2966=DIRECTION('',(0.,-1.,0.));
#2967=DIRECTION('',(0.,0.,1.));
#2968=DIRECTION('',(1.,0.,0.));
#2969=DIRECTION('',(0.,0.,1.));
#2970=DIRECTION('',(1.,0.,0.));
#2971=DIRECTION('',(0.,0.,1.));
#2972=DIRECTION('',(1.,0.,0.));
#2973=DIRECTION('',(0.,-1.,0.));
#2974=DIRECTION('',(0.,0.,1.));
#2975=DIRECTION('',(1.,0.,0.));
#2976=DIRECTION('',(-1.,0.,0.));
#2977=DIRECTION('',(0.,1.,0.));
#2978=DIRECTION('',(1.,0.,0.));
#2979=DIRECTION('',(0.,-1.,0.));
#2980=DIRECTION('',(1.,0.,0.));
#2981=DIRECTION('',(0.,1.,0.));
#2982=DIRECTION('',(-1.,-1.85037170770859E-16,0.));
#2983=DIRECTION('',(6.93889390390723E-17,1.,0.));
#2984=DIRECTION('',(1.85037170770859E-16,-1.,0.));
#2985=DIRECTION('',(1.,1.85037170770859E-16,0.));
#2986=DIRECTION('',(0.,0.,-1.));
#2987=DIRECTION('',(-1.,-1.85037170770859E-16,0.));
#2988=DIRECTION('',(-1.,6.93889390390723E-17,0.));
#2989=DIRECTION('',(-6.93889390390723E-17,-1.,0.));
#2990=DIRECTION('',(0.,0.,-1.));
#2991=DIRECTION('',(6.93889390390723E-17,1.,0.));
#2992=DIRECTION('',(1.85037170770859E-16,-1.,0.));
#2993=DIRECTION('',(1.,1.85037170770859E-16,0.));
#2994=DIRECTION('',(0.,0.,1.));
#2995=DIRECTION('',(-1.,-1.85037170770859E-16,0.));
#2996=DIRECTION('',(0.,0.,1.));
#2997=DIRECTION('',(1.,0.,0.));
#2998=DIRECTION('',(0.,1.,0.));
#2999=DIRECTION('',(0.,1.,0.));
#3000=DIRECTION('',(0.,0.,1.));
#3001=DIRECTION('',(1.,0.,0.));
#3002=DIRECTION('',(0.,1.,0.));
#3003=DIRECTION('',(0.,0.,1.));
#3004=DIRECTION('',(1.,0.,0.));
#3005=DIRECTION('',(0.,1.,0.));
#3006=DIRECTION('',(0.,0.,1.));
#3007=DIRECTION('',(1.,0.,0.));
#3008=DIRECTION('',(0.,-1.,0.));
#3009=DIRECTION('',(0.,0.,-1.));
#3010=DIRECTION('',(0.,-1.,0.));
#3011=DIRECTION('',(0.,0.,-1.));
#3012=DIRECTION('',(0.,0.293496533496976,-0.955960137675865));
#3013=DIRECTION('',(0.,-0.955960137675865,-0.293496533496976));
#3014=DIRECTION('',(0.,1.,0.));
#3015=DIRECTION('',(0.,0.,1.));
#3016=DIRECTION('',(0.,-1.,0.));
#3017=DIRECTION('',(1.,0.,0.));
#3018=DIRECTION('',(0.,-1.,0.));
#3019=DIRECTION('',(0.,0.,-1.));
#3020=DIRECTION('',(0.,1.,0.));
#3021=DIRECTION('',(0.,0.,1.));
#3022=DIRECTION('',(0.,-1.,0.));
#3023=DIRECTION('',(0.,0.,-1.));
#3024=DIRECTION('',(0.,-1.,0.));
#3025=DIRECTION('',(1.,0.,0.));
#3026=DIRECTION('',(0.,0.,1.));
#3027=DIRECTION('',(0.,-1.,0.));
#3028=DIRECTION('',(0.,0.,-1.));
#3029=DIRECTION('',(0.,-1.,0.));
#3030=DIRECTION('',(0.,0.,-1.));
#3031=DIRECTION('',(0.,1.,0.));
#3032=DIRECTION('',(0.,0.,1.));
#3033=DIRECTION('',(0.,-1.,0.));
#3034=DIRECTION('',(0.,0.,-1.));
#3035=DIRECTION('',(0.,-1.,0.));
#3036=DIRECTION('',(0.,0.,-1.));
#3037=DIRECTION('',(0.,1.,0.));
#3038=DIRECTION('',(0.,0.,1.));
#3039=DIRECTION('',(0.,1.,0.));
#3040=DIRECTION('',(-1.,0.,0.));
#3041=DIRECTION('',(0.,1.,0.));
#3042=DIRECTION('',(0.,0.,1.));
#3043=DIRECTION('',(0.,0.,-1.));
#3044=DIRECTION('',(-1.,0.,0.));
#3045=DIRECTION('',(0.,-1.,0.));
#3046=DIRECTION('',(0.,0.,-1.));
#3047=DIRECTION('',(0.,1.,0.));
#3048=DIRECTION('',(0.,0.,1.));
#3049=DIRECTION('',(0.517013720822994,-1.51305347284973E-16,-0.855977109787851));
#3050=DIRECTION('',(-0.855977109787851,0.,-0.517013720822994));
#3051=DIRECTION('',(0.,-1.,0.));
#3052=DIRECTION('',(0.,0.,-1.));
#3053=DIRECTION('',(0.517013720822994,3.02610694569946E-16,-0.855977109787851));
#3054=DIRECTION('',(-0.855977109787852,0.,-0.517013720822994));
#3055=DIRECTION('',(0.,-1.,0.));
#3056=DIRECTION('',(1.,0.,0.));
#3057=DIRECTION('',(0.,0.,1.));
#3058=DIRECTION('',(0.,-1.,0.));
#3059=DIRECTION('',(0.,0.,-1.));
#3060=DIRECTION('',(0.,-1.,0.));
#3061=DIRECTION('',(0.,0.,-1.));
#3062=DIRECTION('',(0.,-1.,0.));
#3063=DIRECTION('',(0.,0.,-1.));
#3064=DIRECTION('',(0.,-1.,0.));
#3065=DIRECTION('',(0.,1.,0.));
#3066=DIRECTION('',(1.,0.,0.));
#3067=DIRECTION('',(0.,0.,-1.));
#3068=DIRECTION('',(0.,-1.,0.));
#3069=DIRECTION('',(0.,0.,-1.));
#3070=DIRECTION('',(0.,1.,0.));
#3071=DIRECTION('',(0.,0.,1.));
#3072=DIRECTION('',(0.,1.,0.));
#3073=DIRECTION('',(0.,0.,1.));
#3074=DIRECTION('',(0.,1.,0.));
#3075=DIRECTION('',(0.,-1.,0.));
#3076=DIRECTION('',(0.,0.,-1.));
#3077=DIRECTION('',(0.89780701754386,0.,-0.44038909982991));
#3078=DIRECTION('',(-0.440389099829911,0.,-0.89780701754386));
#3079=DIRECTION('',(0.,1.,0.));
#3080=DIRECTION('',(0.,0.,1.));
#3081=DIRECTION('',(0.897807017543859,-7.88580714040535E-16,-0.440389099829912));
#3082=DIRECTION('',(-0.440389099829912,0.,-0.897807017543859));
#3083=DIRECTION('',(0.,-1.,0.));
#3084=DIRECTION('',(0.,0.,-1.));
#3085=DIRECTION('',(0.,0.,1.));
#3086=DIRECTION('',(0.,-1.,0.));
#3087=DIRECTION('',(0.,0.,-1.));
#3088=DIRECTION('',(0.,-1.,0.));
#3089=DIRECTION('',(0.,0.,-1.));
#3090=DIRECTION('',(0.,-1.,0.));
#3091=DIRECTION('',(0.,-1.,0.));
#3092=DIRECTION('',(0.,0.,-1.));
#3093=DIRECTION('',(0.,-1.,0.));
#3094=DIRECTION('',(0.,0.,-1.));
#3095=DIRECTION('',(0.,-1.,0.));
#3096=DIRECTION('',(0.,0.,-1.));
#3097=DIRECTION('',(1.,0.,0.));
#3098=DIRECTION('',(0.,0.,-1.));
#3099=DIRECTION('',(-0.392772235532953,0.650280697466274,0.650280697466274));
#3100=DIRECTION('',(0.,-0.707106781186548,0.707106781186547));
#3101=DIRECTION('',(0.,0.955960137675865,-0.293496533496976));
#3102=DIRECTION('',(0.,-0.293496533496976,-0.955960137675865));
#3103=DIRECTION('',(0.,0.,-1.));
#3104=DIRECTION('',(-1.,0.,0.));
#3105=DIRECTION('',(0.,0.,-1.));
#3106=DIRECTION('',(-1.,0.,0.));
#3107=DIRECTION('',(0.,0.,1.));
#3108=DIRECTION('',(1.,0.,0.));
#3109=DIRECTION('',(0.,0.,1.));
#3110=DIRECTION('',(1.,0.,0.));
#3111=DIRECTION('',(0.,0.,1.));
#3112=DIRECTION('',(1.,0.,0.));
#3113=DIRECTION('',(0.,1.,0.));
#3114=DIRECTION('',(0.,0.,1.));
#3115=DIRECTION('',(1.,0.,0.));
#3116=DIRECTION('',(0.,1.,0.));
#3117=DIRECTION('',(-0.760364596686913,0.459263366765273,-0.459263366765273));
#3118=DIRECTION('',(-0.517013720822994,-0.855977109787851,0.));
#3119=DIRECTION('',(0.517013720822995,0.855977109787851,1.51305347284973E-16));
#3120=DIRECTION('',(-0.855977109787851,0.517013720822995,0.));
#3121=DIRECTION('',(0.,0.,-1.));
#3122=DIRECTION('',(-1.,0.,0.));
#3123=DIRECTION('',(0.517013720822995,-0.855977109787851,4.53916041854919E-16));
#3124=DIRECTION('',(0.855977109787851,0.517013720822995,0.));
#3125=DIRECTION('',(-0.760364596686913,-0.459263366765273,-0.459263366765273));
#3126=DIRECTION('',(0.517013720822995,-0.855977109787851,0.));
#3127=DIRECTION('',(0.,0.,1.));
#3128=DIRECTION('',(1.,0.,0.));
#3129=DIRECTION('',(0.,0.,1.));
#3130=DIRECTION('',(1.,0.,0.));
#3131=DIRECTION('',(0.,0.,1.));
#3132=DIRECTION('',(0.,0.,1.));
#3133=DIRECTION('',(1.,0.,0.));
#3134=DIRECTION('',(0.,1.,0.));
#3135=DIRECTION('',(0.,1.,0.));
#3136=DIRECTION('',(0.,0.,1.));
#3137=DIRECTION('',(1.,0.,0.));
#3138=DIRECTION('',(1.,0.,0.));
#3139=DIRECTION('',(0.,0.,-1.));
#3140=DIRECTION('',(1.,0.,0.));
#3141=DIRECTION('',(0.,0.,-1.));
#3142=DIRECTION('',(-0.89780701754386,-0.440389099829911,0.));
#3143=DIRECTION('',(0.440389099829911,-0.89780701754386,0.));
#3144=DIRECTION('',(0.,0.,1.));
#3145=DIRECTION('',(1.,0.,0.));
#3146=DIRECTION('',(0.89780701754386,-0.44038909982991,0.));
#3147=DIRECTION('',(0.440389099829911,0.89780701754386,0.));
#3148=DIRECTION('',(1.,0.,0.));
#3149=DIRECTION('',(0.,0.,-1.));
#3150=DIRECTION('',(1.,0.,0.));
#3151=DIRECTION('',(0.,0.,-1.));
#3152=DIRECTION('',(0.,0.,1.));
#3153=DIRECTION('',(1.,0.,0.));
#3154=DIRECTION('',(0.,0.,1.));
#3155=DIRECTION('',(1.,0.,0.));
#3156=DIRECTION('',(0.,1.,0.));
#3157=DIRECTION('',(0.,0.,-1.));
#3158=DIRECTION('',(-1.,0.,0.));
#3159=DIRECTION('',(0.,0.,-1.));
#3160=DIRECTION('',(0.,0.,-1.));
#3161=DIRECTION('',(0.,1.,0.));
#3162=DIRECTION('',(0.,0.,1.));
#3163=DIRECTION('',(0.,1.,0.));
#3164=DIRECTION('',(0.,1.,0.));
#3165=DIRECTION('',(0.,1.,0.));
#3166=DIRECTION('',(0.,0.,1.));
#3167=DIRECTION('',(1.,0.,0.));
#3168=DIRECTION('',(0.,0.0522702427946787,0.998632976482444));
#3169=DIRECTION('',(0.,0.,1.));
#3170=DIRECTION('',(1.,0.,0.));
#3171=DIRECTION('',(0.,0.,1.));
#3172=DIRECTION('',(1.,0.,0.));
#3173=DIRECTION('',(0.,-1.,0.));
#3174=DIRECTION('',(0.,0.,1.));
#3175=DIRECTION('',(0.,-1.,0.));
#3176=DIRECTION('',(0.,-1.,0.));
#3177=DIRECTION('',(0.,0.,1.));
#3178=DIRECTION('',(1.,0.,0.));
#3179=DIRECTION('',(0.,1.,0.));
#3180=DIRECTION('',(0.,-1.,0.));
#3181=DIRECTION('',(0.,0.,-1.));
#3182=DIRECTION('',(0.,-1.,0.));
#3183=DIRECTION('',(0.,-1.,0.));
#3184=DIRECTION('',(0.,0.,1.));
#3185=DIRECTION('',(1.,0.,0.));
#3186=DIRECTION('',(0.,0.107785619406537,0.994174159918246));
#3187=DIRECTION('',(0.,0.,-1.));
#3188=DIRECTION('',(-1.,0.,0.));
#3189=DIRECTION('',(0.,0.107785619406537,-0.994174159918246));
#3190=DIRECTION('',(0.,0.107785619406537,-0.994174159918246));
#3191=DIRECTION('',(0.,0.,-1.));
#3192=DIRECTION('',(1.,0.,0.));
#3193=DIRECTION('',(0.,-1.,0.));
#3194=DIRECTION('',(0.,0.,1.));
#3195=DIRECTION('',(1.,0.,0.));
#3196=DIRECTION('',(0.,0.,1.));
#3197=DIRECTION('',(0.,0.,1.));
#3198=DIRECTION('',(0.,0.,-1.));
#3199=DIRECTION('',(-1.,0.,0.));
#3200=DIRECTION('',(0.,0.,1.));
#3201=DIRECTION('',(1.,0.,0.));
#3202=DIRECTION('',(0.,0.,1.));
#3203=DIRECTION('',(1.,0.,0.));
#3204=DIRECTION('',(0.,0.,-1.));
#3205=DIRECTION('',(-1.,0.,0.));
#3206=DIRECTION('',(0.,0.,-1.));
#3207=DIRECTION('',(1.,0.,0.));
#3208=DIRECTION('',(0.,0.,1.));
#3209=DIRECTION('',(1.,0.,0.));
#3210=DIRECTION('',(0.,0.,-1.));
#3211=DIRECTION('',(-1.,0.,0.));
#3212=DIRECTION('',(0.,0.,-1.));
#3213=DIRECTION('',(0.,0.,-1.));
#3214=DIRECTION('',(-1.,0.,0.));
#3215=DIRECTION('',(0.,0.,-1.));
#3216=DIRECTION('',(0.,0.,-1.));
#3217=DIRECTION('',(-1.,0.,0.));
#3218=DIRECTION('',(0.,0.,-1.));
#3219=DIRECTION('',(1.,0.,0.));
#3220=DIRECTION('',(0.,0.,-1.));
#3221=DIRECTION('',(1.,0.,0.));
#3222=DIRECTION('',(0.,-1.,0.));
#3223=DIRECTION('',(1.,0.,0.));
#3224=DIRECTION('',(0.,1.,0.));
#3225=DIRECTION('',(1.,0.,0.));
#3226=DIRECTION('',(0.,1.,0.));
#3227=DIRECTION('',(1.,0.,0.));
#3228=DIRECTION('',(0.,1.,0.));
#3229=DIRECTION('',(1.,0.,0.));
#3230=DIRECTION('',(0.,1.,0.));
#3231=DIRECTION('',(0.,0.,1.));
#3232=DIRECTION('',(1.,0.,0.));
#3233=DIRECTION('',(0.,-1.,0.));
#3234=DIRECTION('',(1.,0.,0.));
#3235=DIRECTION('',(0.,0.,1.));
#3236=DIRECTION('',(0.,-1.,1.11022302462516E-16));
#3237=DIRECTION('',(0.,-1.11022302462516E-16,-1.));
#3238=DIRECTION('',(0.,-1.,0.));
#3239=DIRECTION('',(0.,0.,-1.));
#3240=DIRECTION('',(1.,0.,0.));
#3241=DIRECTION('',(0.,-1.,0.));
#3242=DIRECTION('',(0.,0.,-1.));
#3243=DIRECTION('',(0.,-1.,0.));
#3244=DIRECTION('',(1.,0.,0.));
#3245=DIRECTION('',(0.,-1.,-1.11022302462516E-16));
#3246=DIRECTION('',(0.,1.11022302462516E-16,-1.));
#3247=DIRECTION('',(0.,0.,1.));
#3248=DIRECTION('',(0.,-1.,0.));
#3249=DIRECTION('',(0.,0.,-1.));
#3250=DIRECTION('',(1.,0.,0.));
#3251=DIRECTION('',(0.,-1.,0.));
#3252=DIRECTION('',(0.,0.,-1.));
#3253=DIRECTION('',(0.,0.,1.));
#3254=DIRECTION('',(1.,0.,0.));
#3255=DIRECTION('',(0.,1.,0.));
#3256=DIRECTION('',(-1.,-1.85037170770859E-16,0.));
#3257=DIRECTION('',(6.93889390390723E-17,1.,0.));
#3258=DIRECTION('',(-1.,-1.85037170770859E-16,0.));
#3259=DIRECTION('',(0.,1.,0.));
#3260=DIRECTION('',(1.,0.,0.));
#3261=DIRECTION('',(0.,-1.,0.));
#3262=DIRECTION('',(0.,1.,0.));
#3263=DIRECTION('',(-1.,0.,0.));
#3264=DIRECTION('',(0.,0.,1.));
#3265=DIRECTION('',(1.,0.,0.));
#3266=DIRECTION('',(0.,-1.,0.));
#3267=DIRECTION('',(0.,0.,1.));
#3268=DIRECTION('',(1.,0.,0.));
#3269=DIRECTION('',(0.,0.,1.));
#3270=DIRECTION('',(1.,0.,0.));
#3271=DIRECTION('',(0.,0.,1.));
#3272=DIRECTION('',(1.,0.,0.));
#3273=DIRECTION('',(0.,-1.,0.));
#3274=DIRECTION('',(0.,0.,1.));
#3275=DIRECTION('',(1.,0.,0.));
#3276=DIRECTION('',(1.,0.,0.));
#3277=DIRECTION('',(0.,-1.,0.));
#3278=DIRECTION('',(0.,-1.,0.));
#3279=DIRECTION('',(1.,0.,0.));
#3280=DIRECTION('',(0.,0.,-1.));
#3281=DIRECTION('',(1.,0.,0.));
#3282=DIRECTION('',(0.,0.,1.));
#3283=DIRECTION('',(1.,0.,0.));
#3284=DIRECTION('',(-1.85037170770859E-16,1.,0.));
#3285=DIRECTION('',(-1.,-1.85037170770859E-16,0.));
#3286=DIRECTION('',(0.,0.,-1.));
#3287=DIRECTION('',(-1.,-1.85037170770859E-16,0.));
#3288=DIRECTION('',(0.,0.,1.));
#3289=DIRECTION('',(1.,-6.93889390390723E-17,0.));
#3290=DIRECTION('',(6.93889390390723E-17,1.,0.));
#3291=DIRECTION('',(6.93889390390723E-17,1.,0.));
#3292=DIRECTION('',(0.,0.,1.));
#3293=DIRECTION('',(-1.85037170770859E-16,1.,0.));
#3294=DIRECTION('',(-1.,-1.85037170770859E-16,0.));
#3295=DIRECTION('',(0.,0.,-1.));
#3296=DIRECTION('',(-1.,-1.85037170770859E-16,0.));
#3297=DIRECTION('',(0.,0.,1.));
#3298=DIRECTION('',(1.,0.,0.));
#3299=DIRECTION('',(0.,1.,0.));
#3300=DIRECTION('',(0.,-1.,0.));
#3301=DIRECTION('',(0.,0.,-1.));
#3302=DIRECTION('',(0.,1.,0.));
#3303=DIRECTION('',(0.,0.,1.));
#3304=DIRECTION('',(0.,-1.,0.));
#3305=DIRECTION('',(0.,-1.,0.));
#3306=DIRECTION('',(0.,0.,-1.));
#3307=DIRECTION('',(0.,-1.,0.));
#3308=DIRECTION('',(0.,0.,-1.));
#3309=DIRECTION('',(0.,1.,0.));
#3310=DIRECTION('',(0.,0.,1.));
#3311=DIRECTION('',(0.,-1.,0.));
#3312=DIRECTION('',(0.,-1.,0.));
#3313=DIRECTION('',(0.,0.,-1.));
#3314=DIRECTION('',(0.,1.,0.));
#3315=DIRECTION('',(-1.,0.,0.));
#3316=DIRECTION('',(1.,0.,0.));
#3317=DIRECTION('',(0.,0.,-1.));
#3318=DIRECTION('',(0.,1.,0.));
#3319=DIRECTION('',(0.,0.,1.));
#3320=DIRECTION('',(0.,-1.,0.));
#3321=DIRECTION('',(0.,0.,-1.));
#3322=DIRECTION('',(0.,1.,0.));
#3323=DIRECTION('',(0.,0.,1.));
#3324=DIRECTION('',(1.,0.,0.));
#3325=DIRECTION('',(0.,0.,-1.));
#3326=DIRECTION('',(0.,-1.,0.));
#3327=DIRECTION('',(0.,0.,-1.));
#3328=DIRECTION('',(1.,0.,0.));
#3329=DIRECTION('',(0.,0.,-1.));
#3330=DIRECTION('',(0.,-1.,0.));
#3331=DIRECTION('',(1.,0.,0.));
#3332=DIRECTION('',(0.,0.,1.));
#3333=DIRECTION('',(0.,-1.,0.));
#3334=DIRECTION('',(0.,0.,-1.));
#3335=DIRECTION('',(0.,-1.,0.));
#3336=DIRECTION('',(0.,0.,-1.));
#3337=DIRECTION('',(0.,-1.,0.));
#3338=DIRECTION('',(0.,0.,-1.));
#3339=DIRECTION('',(0.,-1.,0.));
#3340=DIRECTION('',(0.,-1.,0.));
#3341=DIRECTION('',(0.,0.,-1.));
#3342=DIRECTION('',(0.,1.,0.));
#3343=DIRECTION('',(1.,0.,0.));
#3344=DIRECTION('',(0.,0.,-1.));
#3345=DIRECTION('',(0.,1.,0.));
#3346=DIRECTION('',(0.,0.,1.));
#3347=DIRECTION('',(0.,-1.,0.));
#3348=DIRECTION('',(0.,0.,-1.));
#3349=DIRECTION('',(0.,1.,0.));
#3350=DIRECTION('',(0.,0.,1.));
#3351=DIRECTION('',(0.,1.,0.));
#3352=DIRECTION('',(0.,-1.,0.));
#3353=DIRECTION('',(0.,0.,-1.));
#3354=DIRECTION('',(0.,-1.,0.));
#3355=DIRECTION('',(0.,0.,-1.));
#3356=DIRECTION('',(1.,0.,0.));
#3357=DIRECTION('',(0.,0.,-1.));
#3358=DIRECTION('',(0.,1.,0.));
#3359=DIRECTION('',(0.,0.,1.));
#3360=DIRECTION('',(1.,0.,0.));
#3361=DIRECTION('',(0.,0.,-1.));
#3362=DIRECTION('',(0.,-1.,0.));
#3363=DIRECTION('',(0.,0.,-1.));
#3364=DIRECTION('',(0.,0.,1.));
#3365=DIRECTION('',(0.,-1.,0.));
#3366=DIRECTION('',(0.,0.,-1.));
#3367=DIRECTION('',(0.,-1.,0.));
#3368=DIRECTION('',(0.,0.,-1.));
#3369=DIRECTION('',(0.,-1.,0.));
#3370=DIRECTION('',(0.,-1.,0.));
#3371=DIRECTION('',(0.,0.,-1.));
#3372=DIRECTION('',(0.,-1.,0.));
#3373=DIRECTION('',(0.,-1.,0.));
#3374=DIRECTION('',(0.,0.,-1.));
#3375=DIRECTION('',(0.,-1.,0.));
#3376=DIRECTION('',(0.,0.,-1.));
#3377=DIRECTION('',(0.,0.,1.));
#3378=DIRECTION('',(0.,1.,0.));
#3379=DIRECTION('',(0.,0.,1.));
#3380=DIRECTION('',(0.,-1.,-1.11022302462516E-16));
#3381=DIRECTION('',(0.,1.11022302462516E-16,-1.));
#3382=DIRECTION('',(0.,1.,0.));
#3383=DIRECTION('',(0.,-1.,1.66533453693774E-15));
#3384=DIRECTION('',(0.,-1.66533453693774E-15,-1.));
#3385=DIRECTION('',(0.,1.,0.));
#3386=DIRECTION('',(1.,0.,0.));
#3387=DIRECTION('',(0.,0.,-1.));
#3388=DIRECTION('',(1.,0.,0.));
#3389=DIRECTION('',(0.,0.,-1.));
#3390=DIRECTION('',(0.,-0.666895676091091,0.745151096899822));
#3391=DIRECTION('',(0.,-0.745151096899822,-0.666895676091091));
#3392=DIRECTION('',(-1.,0.,0.));
#3393=DIRECTION('',(0.,0.,1.));
#3394=DIRECTION('',(0.,0.666895676091091,-0.745151096899822));
#3395=DIRECTION('',(0.,0.745151096899822,0.666895676091091));
#3396=DIRECTION('',(0.,0.666895676091091,-0.745151096899822));
#3397=DIRECTION('',(0.,-0.666895676091091,0.745151096899822));
#3398=DIRECTION('',(0.,-0.745151096899822,-0.666895676091091));
#3399=DIRECTION('',(0.,0.666895676091091,-0.745151096899822));
#3400=DIRECTION('',(0.,-1.,-1.11022302462516E-16));
#3401=DIRECTION('',(1.,0.,0.));
#3402=DIRECTION('',(0.,-1.11022302462516E-16,1.));
#3403=DIRECTION('',(0.,-0.666895676091091,0.745151096899822));
#3404=DIRECTION('',(1.,0.,0.));
#3405=DIRECTION('',(0.,0.745151096899822,0.666895676091091));
#3406=DIRECTION('',(0.,1.,-1.11022302462516E-16));
#3407=DIRECTION('',(1.,0.,0.));
#3408=DIRECTION('',(0.,-1.11022302462516E-16,-1.));
#3409=DIRECTION('',(0.,-1.,1.11022302462516E-16));
#3410=DIRECTION('',(0.,-1.11022302462516E-16,-1.));
#3411=DIRECTION('',(0.,0.666895676091091,0.745151096899822));
#3412=DIRECTION('',(1.,0.,0.));
#3413=DIRECTION('',(0.,-0.666895676091091,-0.745151096899822));
#3414=DIRECTION('',(0.,0.745151096899822,-0.666895676091091));
#3415=DIRECTION('',(0.,0.745151096899822,-0.666895676091091));
#3416=DIRECTION('',(0.,-0.666895676091091,-0.745151096899822));
#3417=DIRECTION('',(0.,-0.745151096899822,0.666895676091091));
#3418=DIRECTION('',(0.,-0.666895676091091,-0.745151096899822));
#3419=DIRECTION('',(0.,0.745151096899822,-0.666895676091091));
#3420=DIRECTION('',(0.,-0.666895676091091,-0.745151096899822));
#3421=DIRECTION('',(0.,-0.666895676091091,-0.745151096899822));
#3422=DIRECTION('',(1.,0.,0.));
#3423=DIRECTION('',(0.,0.,-1.));
#3424=DIRECTION('',(1.,0.,0.));
#3425=DIRECTION('',(0.,0.,-1.));
#3426=DIRECTION('',(0.,-1.,-1.66533453693774E-15));
#3427=DIRECTION('',(0.,1.66533453693774E-15,-1.));
#3428=DIRECTION('',(-1.,0.,0.));
#3429=DIRECTION('',(0.,0.,1.));
#3430=DIRECTION('',(0.,-1.,0.));
#3431=DIRECTION('',(0.,0.,1.));
#3432=DIRECTION('',(0.,-1.,0.));
#3433=DIRECTION('',(0.,-1.,0.));
#3434=DIRECTION('',(0.,0.,1.));
#3435=DIRECTION('',(1.,0.,0.));
#3436=DIRECTION('',(0.,0.,1.));
#3437=DIRECTION('',(1.,0.,0.));
#3438=DIRECTION('',(0.,0.,1.));
#3439=DIRECTION('',(1.,0.,0.));
#3440=DIRECTION('',(0.,0.,1.));
#3441=DIRECTION('',(1.,0.,0.));
#3442=DIRECTION('',(0.,0.,1.));
#3443=DIRECTION('',(1.,0.,0.));
#3444=DIRECTION('',(0.,0.,1.));
#3445=DIRECTION('',(1.,0.,0.));
#3446=DIRECTION('',(0.,0.,1.));
#3447=DIRECTION('',(1.,0.,0.));
#3448=DIRECTION('',(0.,0.,1.));
#3449=DIRECTION('',(1.,0.,0.));
#3450=DIRECTION('',(0.,0.,-1.));
#3451=DIRECTION('',(1.,0.,0.));
#3452=DIRECTION('',(0.,0.,-1.));
#3453=DIRECTION('',(1.,0.,0.));
#3454=DIRECTION('',(0.,0.,1.));
#3455=DIRECTION('',(1.,0.,0.));
#3456=DIRECTION('',(0.,0.,-1.));
#3457=DIRECTION('',(1.,0.,0.));
#3458=DIRECTION('',(0.,0.,1.));
#3459=DIRECTION('',(1.,0.,0.));
#3460=DIRECTION('',(0.,0.,1.));
#3461=DIRECTION('',(1.,0.,0.));
#3462=DIRECTION('',(1.,0.,0.));
#3463=DIRECTION('',(0.,1.,0.));
#3464=DIRECTION('',(0.,0.,1.));
#3465=DIRECTION('',(1.,0.,0.));
#3466=DIRECTION('',(2.63725861455786E-16,-1.,0.));
#3467=DIRECTION('',(-1.,-2.63725861455786E-16,0.));
#3468=DIRECTION('',(-4.39505314373005E-16,1.,0.));
#3469=DIRECTION('',(-1.,-4.39505314373005E-16,0.));
#3470=DIRECTION('',(-1.75779452917219E-16,1.,0.));
#3471=DIRECTION('',(-1.,-1.75779452917219E-16,0.));
#3472=DIRECTION('',(0.,0.,1.));
#3473=DIRECTION('',(1.,0.,0.));
#3474=DIRECTION('',(-1.,1.30382246869619E-16,0.));
#3475=DIRECTION('',(-1.30382246869619E-16,-1.,0.));
#3476=DIRECTION('',(1.,-3.06161699786839E-16,0.));
#3477=DIRECTION('',(-3.06161699786839E-16,-1.,0.));
#3478=DIRECTION('',(1.,0.,0.));
#3479=DIRECTION('',(0.,0.,-1.));
#3480=DIRECTION('',(-1.75779452917219E-16,-1.,0.));
#3481=DIRECTION('',(1.,-1.75779452917219E-16,0.));
#3482=DIRECTION('',(0.,0.,1.));
#3483=DIRECTION('',(-1.,1.75779452917219E-16,0.));
#3484=DIRECTION('',(0.,0.,-1.));
#3485=DIRECTION('',(-1.,1.75779452917219E-16,0.));
#3486=DIRECTION('',(4.39505314373005E-16,1.,0.));
#3487=DIRECTION('',(-1.,4.39505314373005E-16,0.));
#3488=DIRECTION('',(1.85037170770859E-16,-1.,0.));
#3489=DIRECTION('',(1.,1.85037170770859E-16,0.));
#3490=DIRECTION('',(-1.,-1.85037170770859E-16,0.));
#3491=DIRECTION('',(0.,0.,1.));
#3492=DIRECTION('',(-1.,-1.85037170770859E-16,0.));
#3493=DIRECTION('',(0.,0.,-1.));
#3494=DIRECTION('',(-1.,6.93889390390723E-17,0.));
#3495=DIRECTION('',(-6.93889390390723E-17,-1.,0.));
#3496=DIRECTION('',(6.93889390390723E-17,1.,0.));
#3497=DIRECTION('',(6.93889390390723E-17,1.,0.));
#3498=DIRECTION('',(0.,0.,-1.));
#3499=DIRECTION('',(1.85037170770859E-16,-1.,0.));
#3500=DIRECTION('',(1.,1.85037170770859E-16,0.));
#3501=DIRECTION('',(0.,0.,1.));
#3502=DIRECTION('',(-1.,-1.85037170770859E-16,0.));
#3503=DIRECTION('',(-1.,-1.85037170770859E-16,0.));
#3504=DIRECTION('',(-1.,1.36090098630198E-16,0.));
#3505=DIRECTION('',(-1.36090098630198E-16,-1.,0.));
#3506=DIRECTION('',(1.36090098630198E-16,1.,0.));
#3507=DIRECTION('',(0.,0.,-1.));
#3508=DIRECTION('',(1.36090098630198E-16,1.,0.));
#3509=DIRECTION('',(0.,0.,-1.));
#3510=DIRECTION('',(1.75779452917219E-16,-1.,0.));
#3511=DIRECTION('',(1.,1.75779452917219E-16,0.));
#3512=DIRECTION('',(-1.,-1.75779452917219E-16,0.));
#3513=DIRECTION('',(0.,0.,1.));
#3514=DIRECTION('',(-1.,-1.75779452917219E-16,0.));
#3515=DIRECTION('',(0.,0.,-1.));
#3516=DIRECTION('',(0.,0.,-1.));
#3517=DIRECTION('',(1.,0.,0.));
#3518=DIRECTION('',(0.,-1.,0.));
#3519=DIRECTION('',(-1.,-1.75779452917219E-16,0.));
#3520=DIRECTION('',(1.36090098630198E-16,1.,0.));
#3521=DIRECTION('',(-1.,1.75779452917219E-16,0.));
#3522=DIRECTION('',(0.,0.,1.));
#3523=DIRECTION('',(1.,0.,0.));
#3524=DIRECTION('',(0.,1.,0.));
#3525=DIRECTION('',(0.,0.,1.));
#3526=DIRECTION('',(1.,0.,0.));
#3527=DIRECTION('',(0.,0.,1.));
#3528=DIRECTION('',(1.,0.,0.));
#3529=DIRECTION('',(0.,1.,0.));
#3530=DIRECTION('',(0.,0.,-1.));
#3531=DIRECTION('',(1.,0.,0.));
#3532=DIRECTION('',(0.,-1.,0.));
#3533=DIRECTION('',(2.63725861455786E-16,1.,0.));
#3534=DIRECTION('',(-1.,2.63725861455786E-16,0.));
#3535=DIRECTION('',(1.75779452917219E-16,1.,0.));
#3536=DIRECTION('',(-1.,1.75779452917219E-16,0.));
#3537=DIRECTION('',(0.,0.,1.));
#3538=DIRECTION('',(1.,0.,0.));
#3539=DIRECTION('',(1.,1.30382246869619E-16,0.));
#3540=DIRECTION('',(-1.30382246869619E-16,1.,0.));
#3541=DIRECTION('',(1.,3.06161699786839E-16,0.));
#3542=DIRECTION('',(-3.06161699786839E-16,1.,0.));
#3543=DIRECTION('',(1.,0.,0.));
#3544=DIRECTION('',(0.,0.,-1.));
#3545=DIRECTION('',(0.,0.,1.));
#3546=DIRECTION('',(1.,0.,0.));
#3547=DIRECTION('',(0.,0.,-1.));
#3548=DIRECTION('',(-1.,0.,0.));
#3549=DIRECTION('',(-1.,1.75779452917219E-16,0.));
#3550=DIRECTION('',(-1.75779452917219E-16,-1.,0.));
#3551=DIRECTION('',(1.,0.,0.));
#3552=DIRECTION('',(0.,0.,-1.));
#3553=DIRECTION('',(1.,0.,0.));
#3554=DIRECTION('',(0.,0.,-1.));
#3555=DIRECTION('',(0.,-1.,0.));
#3556=DIRECTION('',(0.,0.,-1.));
#3557=DIRECTION('',(0.,-1.,0.));
#3558=DIRECTION('',(0.,0.,-1.));
#3559=DIRECTION('',(-1.36090098630198E-16,-1.,0.));
#3560=DIRECTION('',(1.,-1.36090098630198E-16,0.));
#3561=DIRECTION('',(0.,1.,0.));
#3562=DIRECTION('',(0.,0.,1.));
#3563=DIRECTION('',(0.,0.,-1.));
#3564=DIRECTION('',(-1.,0.,0.));
#3565=DIRECTION('',(0.,0.,-1.));
#3566=DIRECTION('',(-1.,0.,0.));
#3567=DIRECTION('',(1.,0.,0.));
#3568=DIRECTION('',(0.,0.,-1.));
#3569=DIRECTION('',(1.,0.,0.));
#3570=DIRECTION('',(0.,0.,-1.));
#3571=DIRECTION('',(1.,1.75779452917219E-16,0.));
#3572=DIRECTION('',(-1.75779452917219E-16,1.,0.));
#3573=DIRECTION('',(1.,0.,0.));
#3574=DIRECTION('',(0.,0.,-1.));
#3575=DIRECTION('',(1.,0.,0.));
#3576=DIRECTION('',(0.,1.,0.));
#3577=DIRECTION('',(1.,0.,0.));
#3578=DIRECTION('',(0.,1.,0.));
#3579=DIRECTION('',(1.,0.,0.));
#3580=DIRECTION('',(0.,1.,0.));
#3581=DIRECTION('',(0.,0.,1.));
#3582=DIRECTION('',(1.,0.,0.));
#3583=DIRECTION('',(2.63725861455786E-16,-1.,0.));
#3584=DIRECTION('',(-1.,-2.63725861455786E-16,0.));
#3585=DIRECTION('',(4.39505314373005E-16,-1.,0.));
#3586=DIRECTION('',(-1.,-4.39505314373005E-16,0.));
#3587=DIRECTION('',(1.75779452917219E-16,-1.,0.));
#3588=DIRECTION('',(-1.,-1.75779452917219E-16,0.));
#3589=DIRECTION('',(0.,0.,-1.));
#3590=DIRECTION('',(1.,0.,0.));
#3591=DIRECTION('',(1.,-1.30382246869619E-16,0.));
#3592=DIRECTION('',(-1.30382246869619E-16,-1.,0.));
#3593=DIRECTION('',(1.,-3.06161699786839E-16,0.));
#3594=DIRECTION('',(-3.06161699786839E-16,-1.,0.));
#3595=DIRECTION('',(1.,0.,0.));
#3596=DIRECTION('',(0.,0.,-1.));
#3597=DIRECTION('',(-1.75779452917219E-16,1.,0.));
#3598=DIRECTION('',(-1.,-1.75779452917219E-16,0.));
#3599=DIRECTION('',(0.,0.,-1.));
#3600=DIRECTION('',(-1.,-1.75779452917219E-16,0.));
#3601=DIRECTION('',(0.,0.,1.));
#3602=DIRECTION('',(1.,1.75779452917219E-16,0.));
#3603=DIRECTION('',(1.,3.06161699786839E-16,0.));
#3604=DIRECTION('',(-3.06161699786839E-16,1.,0.));
#3605=DIRECTION('',(1.,0.,0.));
#3606=DIRECTION('',(0.,0.,-1.));
#3607=DIRECTION('',(-1.,-1.30382246869619E-16,0.));
#3608=DIRECTION('',(-1.30382246869619E-16,1.,0.));
#3609=DIRECTION('',(0.,0.,-1.));
#3610=DIRECTION('',(1.,0.,0.));
#3611=DIRECTION('',(-1.75779452917219E-16,-1.,0.));
#3612=DIRECTION('',(-1.,1.75779452917219E-16,0.));
#3613=DIRECTION('',(2.63725861455786E-16,1.,0.));
#3614=DIRECTION('',(-1.,2.63725861455786E-16,0.));
#3615=DIRECTION('',(-4.39505314373005E-16,-1.,0.));
#3616=DIRECTION('',(-1.,4.39505314373005E-16,0.));
#3617=DIRECTION('',(1.75779452917219E-16,1.,0.));
#3618=DIRECTION('',(-1.,1.75779452917219E-16,0.));
#3619=DIRECTION('',(-1.,1.75779452917219E-16,0.));
#3620=DIRECTION('',(0.,0.,-1.));
#3621=DIRECTION('',(1.,-1.75779452917219E-16,0.));
#3622=DIRECTION('',(0.,0.,1.));
#3623=DIRECTION('',(0.,0.,1.));
#3624=DIRECTION('',(1.,0.,0.));
#3625=DIRECTION('',(0.,1.,0.));
#3626=DIRECTION('',(1.,1.85037170770859E-16,0.));
#3627=DIRECTION('',(-6.93889390390723E-17,-1.,0.));
#3628=DIRECTION('',(1.,1.85037170770859E-16,0.));
#3629=DIRECTION('',(0.,1.,0.));
#3630=DIRECTION('',(0.,0.,1.));
#3631=DIRECTION('',(1.,0.,0.));
#3632=DIRECTION('',(-1.33504452215627E-16,-1.,0.));
#3633=DIRECTION('',(0.,0.,1.));
#3634=DIRECTION('',(1.,0.,0.));
#3635=DIRECTION('',(-1.85037170770859E-16,1.,0.));
#3636=DIRECTION('',(-1.,-1.85037170770859E-16,0.));
#3637=DIRECTION('',(-1.,-1.85037170770859E-16,0.));
#3638=DIRECTION('',(0.,0.,-1.));
#3639=DIRECTION('',(0.,0.,1.));
#3640=DIRECTION('',(1.,-6.93889390390723E-17,0.));
#3641=DIRECTION('',(6.93889390390723E-17,1.,0.));
#3642=DIRECTION('',(0.,0.,1.));
#3643=DIRECTION('',(6.93889390390723E-17,1.,0.));
#3644=DIRECTION('',(1.,-1.33504452215627E-16,0.));
#3645=DIRECTION('',(1.33504452215627E-16,1.,0.));
#3646=DIRECTION('',(0.,0.,1.));
#3647=DIRECTION('',(1.33504452215627E-16,1.,0.));
#3648=DIRECTION('',(0.,0.,1.));
#3649=DIRECTION('',(0.,0.,1.));
#3650=DIRECTION('',(1.,0.,0.));
#3651=DIRECTION('',(0.,1.,0.));
#3652=DIRECTION('',(0.,0.,1.));
#3653=DIRECTION('',(1.,0.,0.));
#3654=DIRECTION('',(0.,0.,1.));
#3655=DIRECTION('',(1.,0.,0.));
#3656=DIRECTION('',(0.,1.,0.));
#3657=DIRECTION('',(-1.,-1.85037170770859E-16,0.));
#3658=DIRECTION('',(-1.85037170770859E-16,1.,0.));
#3659=DIRECTION('',(-1.,-1.85037170770859E-16,0.));
#3660=DIRECTION('',(0.,0.,-1.));
#3661=DIRECTION('',(0.,0.,1.));
#3662=DIRECTION('',(1.,0.,0.));
#3663=DIRECTION('',(0.,0.,-1.));
#3664=DIRECTION('',(-1.,0.,0.));
#3665=DIRECTION('',(1.,0.,0.));
#3666=DIRECTION('',(0.,1.,0.));
#3667=DIRECTION('',(1.,0.,0.));
#3668=DIRECTION('',(0.,1.,0.));
#3669=DIRECTION('',(1.,0.,0.));
#3670=DIRECTION('',(0.,1.,0.));
#3671=DIRECTION('',(1.,0.,0.));
#3672=DIRECTION('',(0.,1.,0.));
#3673=CARTESIAN_POINT('',(0.,0.,0.));
#3674=CARTESIAN_POINT('',(0.0878898232609384,-0.165979227275823,0.05));
#3675=CARTESIAN_POINT('',(0.0878898232609384,-0.165979227275823,-0.0421));
#3676=CARTESIAN_POINT('',(0.0978898232609384,-0.165979227275823,-0.0421));
#3677=CARTESIAN_POINT('',(0.0878898232609384,-0.165979227275823,0.0421));
#3678=CARTESIAN_POINT('',(0.0978898232609384,-0.165979227275823,0.0421));
#3679=CARTESIAN_POINT('',(2.77555756156289E-17,-2.77555756156289E-17,0.05));
#3680=CARTESIAN_POINT('',(0.0878898232609384,-0.165979227275823,0.05));
#3681=CARTESIAN_POINT('',(0.0899898232609384,-0.165979227275823,0.05));
#3682=CARTESIAN_POINT('',(2.77555756156289E-17,-2.77555756156289E-17,-0.05));
#3683=CARTESIAN_POINT('',(0.0878898232609384,-0.165979227275823,-0.05));
#3684=CARTESIAN_POINT('',(0.0899898232609384,-0.165979227275823,-0.05));
#3685=CARTESIAN_POINT('',(0.0878898232609384,-0.165979227275823,-0.0421));
#3686=CARTESIAN_POINT('',(0.0878898232609384,-0.165979227275823,0.0421));
#3687=CARTESIAN_POINT('',(0.,0.,0.));
#3688=CARTESIAN_POINT('',(0.0878898232609384,0.165979227275823,0.05));
#3689=CARTESIAN_POINT('',(0.0878898232609384,0.165979227275823,-0.0421));
#3690=CARTESIAN_POINT('',(0.0978898232609384,0.165979227275823,-0.0421));
#3691=CARTESIAN_POINT('',(0.0878898232609384,0.165979227275823,0.0421));
#3692=CARTESIAN_POINT('',(0.0978898232609384,0.165979227275823,0.0421));
#3693=CARTESIAN_POINT('',(0.0878898232609384,0.165979227275823,0.05));
#3694=CARTESIAN_POINT('',(0.0878898232609384,0.165979227275823,0.05));
#3695=CARTESIAN_POINT('',(0.0899898232609384,0.165979227275823,0.05));
#3696=CARTESIAN_POINT('',(0.0878898232609384,0.165979227275823,-0.05));
#3697=CARTESIAN_POINT('',(0.0878898232609384,0.165979227275823,-0.05));
#3698=CARTESIAN_POINT('',(0.0899898232609384,0.165979227275823,-0.05));
#3699=CARTESIAN_POINT('',(0.0878898232609384,0.165979227275823,-0.0421));
#3700=CARTESIAN_POINT('',(0.0878898232609384,0.165979227275823,0.0421));
#3701=CARTESIAN_POINT('',(0.,0.,0.));
#3702=CARTESIAN_POINT('',(0.,0.,0.));
#3703=CARTESIAN_POINT('',(0.,0.1143,0.0271));
#3704=CARTESIAN_POINT('',(0.,-0.1301,0.0271));
#3705=CARTESIAN_POINT('',(0.,-0.1143,0.0271));
#3706=CARTESIAN_POINT('',(0.,-0.1301,1.65939641284466E-18));
#3707=CARTESIAN_POINT('',(0.,-0.1301,0.));
#3708=CARTESIAN_POINT('',(0.,-2.77555756156289E-17,0.));
#3709=CARTESIAN_POINT('',(0.,-0.2,0.));
#3710=CARTESIAN_POINT('',(0.,-0.2,0.15));
#3711=CARTESIAN_POINT('',(0.,-0.2,0.15));
#3712=CARTESIAN_POINT('',(0.,-2.77555756156289E-17,0.15));
#3713=CARTESIAN_POINT('',(0.,-0.165594919919967,0.15));
#3714=CARTESIAN_POINT('',(0.,-0.150594919919968,-0.136577866226434));
#3715=CARTESIAN_POINT('',(0.,-0.160594919919967,0.0544740445911884));
#3716=CARTESIAN_POINT('',(0.,-0.150594919919968,0.0544740445911884));
#3717=CARTESIAN_POINT('',(0.,-0.140594919919968,0.0544740445911884));
#3718=CARTESIAN_POINT('',(0.,-0.150594919919968,-0.136577866226434));
#3719=CARTESIAN_POINT('',(6.67815563569003E-24,-0.139871244592689,0.0683));
#3720=CARTESIAN_POINT('',(0.,-0.132447459959984,0.0683));
#3721=CARTESIAN_POINT('',(0.,-0.1143,0.0683));
#3722=CARTESIAN_POINT('',(0.,-0.1143,0.));
#3723=CARTESIAN_POINT('',(0.029959198842575,-0.0589395641738212,0.0180954802288048));
#3724=CARTESIAN_POINT('',(0.0195271213717252,-0.0353670131938616,0.0353670131938616));
#3725=CARTESIAN_POINT('',(0.029959198842575,-0.0180954802288048,0.0589395641738212));
#3726=CARTESIAN_POINT('',(0.0291845329897661,-0.0631170145728341,0.0193780307899063));
#3727=CARTESIAN_POINT('',(0.0172908317736106,-0.0373802357535478,0.0373802357535478));
#3728=CARTESIAN_POINT('',(0.0291845329897661,-0.0193780307899063,0.0631170145728341));
#3729=CARTESIAN_POINT('',(0.0274702611999179,-0.0711473942512981,0.0218434982350473));
#3730=CARTESIAN_POINT('',(0.0124936455828423,-0.0408428374037897,0.0408428374037897));
#3731=CARTESIAN_POINT('',(0.0274702611999179,-0.0218434982350473,0.0711473942512981));
#3732=CARTESIAN_POINT('',(0.024446372882373,-0.082021074520355,0.0251819088439688));
#3733=CARTESIAN_POINT('',(0.00511000984761428,-0.0440128139348313,0.0440128139348313));
#3734=CARTESIAN_POINT('',(0.024446372882373,-0.0251819088439688,0.082021074520355));
#3735=CARTESIAN_POINT('',(0.0210198161348029,-0.0915437370566184,0.0281055333068567));
#3736=CARTESIAN_POINT('',(-0.00171908515692312,-0.045068223063926,0.045068223063926));
#3737=CARTESIAN_POINT('',(0.0210198161348029,-0.0281055333068567,0.0915437370566184));
#3738=CARTESIAN_POINT('',(0.0172470305420797,-0.0995585349565837,0.0305662168726351));
#3739=CARTESIAN_POINT('',(-0.0070034684454879,-0.0441010475993161,0.0441010475993161));
#3740=CARTESIAN_POINT('',(0.0172470305420797,-0.0305662168726351,0.0995585349565837));
#3741=CARTESIAN_POINT('',(0.0131901598181768,-0.105933450594275,0.0325234278140334));
#3742=CARTESIAN_POINT('',(-0.00974172836218399,-0.0415696378982166,0.0415696378982166));
#3743=CARTESIAN_POINT('',(0.0131901598181768,-0.0325234278140334,0.105933450594275));
#3744=CARTESIAN_POINT('',(0.00891602734666948,-0.110563479750259,0.0339449279934955));
#3745=CARTESIAN_POINT('',(-0.00925015383163622,-0.0383662834003182,0.0383662834003182));
#3746=CARTESIAN_POINT('',(0.00891602734666948,-0.0339449279934955,0.110563479750259));
#3747=CARTESIAN_POINT('',(0.00449503253190508,-0.113372358620678,0.0348073030853153));
#3748=CARTESIAN_POINT('',(-0.00561560412608076,-0.0356931070538432,0.0356931070538432));
#3749=CARTESIAN_POINT('',(0.00449503253190508,-0.0348073030853153,0.113372358620678));
#3750=CARTESIAN_POINT('',(0.00149834679748472,-0.114000000000136,0.0350000000000002));
#3751=CARTESIAN_POINT('',(-0.00188363597487387,-0.035000000000198,0.035000000000198));
#3752=CARTESIAN_POINT('',(0.00149834679748472,-0.0350000000000002,0.114000000000136));
#3753=CARTESIAN_POINT('',(3.10862446895045E-17,-0.114,0.0350000000000002));
#3754=CARTESIAN_POINT('',(-3.90798504668054E-17,-0.0350000000000002,0.0350000000000002));
#3755=CARTESIAN_POINT('',(3.10862446895045E-17,-0.0350000000000002,0.114));
#3756=CARTESIAN_POINT('',(0.,-0.114,0.114));
#3757=CARTESIAN_POINT('',(0.,-0.0359576079399872,0.101736842105263));
#3758=CARTESIAN_POINT('',(-1.12234257724041E-19,-0.0948825117994891,0.0373480486556061));
#3759=CARTESIAN_POINT('',(0.0154136184940469,-0.0314232456140351,0.10235));
#3760=CARTESIAN_POINT('',(0.0129816942929159,-0.0326161444095029,0.102227175027594));
#3761=CARTESIAN_POINT('',(0.00928567872079556,-0.0342377826008132,0.102036735244083));
#3762=CARTESIAN_POINT('',(0.00403812452264447,-0.0356722817491134,0.101800136284929));
#3763=CARTESIAN_POINT('',(0.00134142842820194,-0.0359576079399874,0.101736842105263));
#3764=CARTESIAN_POINT('',(4.10624756441628E-18,-0.0359576079399874,0.101736842105263));
#3765=CARTESIAN_POINT('',(0.0154136184940469,-0.0314232456140351,0.10235));
#3766=CARTESIAN_POINT('',(0.,1.07156594925393E-18,1.07156594925393E-18));
#3767=CARTESIAN_POINT('',(0.0299591988425748,-0.0180954802288048,0.0589395641738214));
#3768=CARTESIAN_POINT('',(0.097581390515815,-0.0589395641738214,0.0589395641738214));
#3769=CARTESIAN_POINT('',(0.0299591988425748,-0.0589395641738213,0.0180954802288048));
#3770=CARTESIAN_POINT('',(0.,1.07156594925393E-18,1.07156594925393E-18));
#3771=CARTESIAN_POINT('',(0.0154136184940469,-0.10235,0.0314232456140351));
#3772=CARTESIAN_POINT('',(1.8974556994841E-18,-0.101736842105263,0.0359576079399874));
#3773=CARTESIAN_POINT('',(0.0013372632559308,-0.101736842105263,0.0359576079399874));
#3774=CARTESIAN_POINT('',(0.00403783190503978,-0.101800128342379,0.0356719477302261));
#3775=CARTESIAN_POINT('',(0.00926203132919353,-0.102035620142149,0.0342457758635374));
#3776=CARTESIAN_POINT('',(0.0129820778829953,-0.102227194400912,0.0326159562522637));
#3777=CARTESIAN_POINT('',(0.0154136184940469,-0.10235,0.031423245614035));
#3778=CARTESIAN_POINT('',(6.26373363709719E-18,-0.101736842105263,0.0359576079399872));
#3779=CARTESIAN_POINT('',(0.,-0.114,0.114));
#3780=CARTESIAN_POINT('',(2.27618264825379E-18,-0.0998825117994891,0.0362716491432602));
#3781=CARTESIAN_POINT('',(5.37398202891988E-18,-0.0998825117994891,0.0362716491432605));
#3782=CARTESIAN_POINT('',(0.000668968751411014,-0.0998825117994891,0.0362716491432605));
#3783=CARTESIAN_POINT('',(0.0019851249032582,-0.0993248439977732,0.0362854762414343));
#3784=CARTESIAN_POINT('',(0.0027645061482251,-0.0973305180997969,0.0365390051218955));
#3785=CARTESIAN_POINT('',(0.00195534764149248,-0.0954358253820039,0.0370988006897475));
#3786=CARTESIAN_POINT('',(0.000659718055538948,-0.0948825117994891,0.0373480486556064));
#3787=CARTESIAN_POINT('',(3.40458971654569E-18,-0.0948825117994891,0.0373480486556064));
#3788=CARTESIAN_POINT('',(-9.18485099360515E-19,0.150594919919968,0.15));
#3789=CARTESIAN_POINT('',(-9.18485099360515E-19,0.150594919919968,0.15));
#3790=CARTESIAN_POINT('',(0.,0.135594919919968,0.15));
#3791=CARTESIAN_POINT('',(0.,0.165594919919967,0.15));
#3792=CARTESIAN_POINT('',(0.,0.150594919919968,-0.136577866226434));
#3793=CARTESIAN_POINT('',(0.,0.160594919919967,0.0544740445911884));
#3794=CARTESIAN_POINT('',(0.,0.150594919919968,0.0544740445911884));
#3795=CARTESIAN_POINT('',(0.,0.140594919919968,0.0544740445911884));
#3796=CARTESIAN_POINT('',(0.,0.150594919919968,-0.136577866226434));
#3797=CARTESIAN_POINT('',(1.99122376429716E-24,0.139871244592689,0.0683));
#3798=CARTESIAN_POINT('',(7.34034914101781E-18,0.139457744410137,0.0762));
#3799=CARTESIAN_POINT('',(0.0010514053137938,0.139457744410137,0.0762));
#3800=CARTESIAN_POINT('',(0.00308253548108561,0.139852751758704,0.0753350184833624));
#3801=CARTESIAN_POINT('',(0.00415797930502731,0.14045883712672,0.0728101898515944));
#3802=CARTESIAN_POINT('',(0.00374884818044379,0.14040836444996,0.0707064024215719));
#3803=CARTESIAN_POINT('',(0.00258085038654821,0.140104566493969,0.0689491073048096));
#3804=CARTESIAN_POINT('',(0.00103913049717193,0.139871244592689,0.0683));
#3805=CARTESIAN_POINT('',(-1.24506563410757E-19,0.139871244592689,0.0683));
#3806=CARTESIAN_POINT('',(0.,0.139457744410137,0.0762));
#3807=CARTESIAN_POINT('',(0.,0.150594919919968,-0.136577866226434));
#3808=CARTESIAN_POINT('',(2.77555756156289E-17,-2.77555756156289E-17,0.));
#3809=CARTESIAN_POINT('',(0.0878898232609384,0.165979227275823,0.));
#3810=CARTESIAN_POINT('',(0.0979398232609384,0.165979227275823,0.));
#3811=CARTESIAN_POINT('',(0.0878898232609384,-0.165979227275823,0.));
#3812=CARTESIAN_POINT('',(0.0979398232609384,-0.165979227275823,0.));
#3813=CARTESIAN_POINT('',(2.77555756156289E-17,-0.2,0.));
#3814=CARTESIAN_POINT('',(0.15,-0.2,0.));
#3815=CARTESIAN_POINT('',(2.77555756156289E-17,-0.1301,0.));
#3816=CARTESIAN_POINT('',(0.0271,-0.1301,0.));
#3817=CARTESIAN_POINT('',(0.0271,0.1143,0.));
#3818=CARTESIAN_POINT('',(0.0271,-0.1143,0.));
#3819=CARTESIAN_POINT('',(2.77555756156289E-17,-0.1143,0.));
#3820=CARTESIAN_POINT('',(0.0762,-0.1143,0.));
#3821=CARTESIAN_POINT('',(0.0762,-0.1063,0.));
#3822=CARTESIAN_POINT('',(0.0762,-0.1063,0.));
#3823=CARTESIAN_POINT('',(2.77555756156289E-17,-0.1063,0.));
#3824=CARTESIAN_POINT('',(0.03895,-0.1063,2.14313189850787E-18));
#3825=CARTESIAN_POINT('',(0.03895,-0.10235,2.14313189850787E-18));
#3826=CARTESIAN_POINT('',(0.035,-0.10235,2.14313189850787E-18));
#3827=CARTESIAN_POINT('',(0.035,0.1143,0.));
#3828=CARTESIAN_POINT('',(0.035,-0.0589395641738213,2.14313189850787E-18));
#3829=CARTESIAN_POINT('',(0.114,-0.0589395641738213,2.14313189850787E-18));
#3830=CARTESIAN_POINT('',(0.0438242879962598,-0.0226577581993648,2.14313189850787E-18));
#3831=CARTESIAN_POINT('',(3.02089749179674E-18,0.,0.));
#3832=CARTESIAN_POINT('',(0.0438242879962598,0.0226577581993648,2.14313189850787E-18));
#3833=CARTESIAN_POINT('',(0.114,0.0589395641738213,2.14313189850787E-18));
#3834=CARTESIAN_POINT('',(0.035,0.0589395641738213,2.14313189850787E-18));
#3835=CARTESIAN_POINT('',(0.035,0.1143,0.));
#3836=CARTESIAN_POINT('',(0.035,0.10235,2.14313189850787E-18));
#3837=CARTESIAN_POINT('',(0.03895,0.10235,2.14313189850787E-18));
#3838=CARTESIAN_POINT('',(0.03895,0.1063,2.14313189850787E-18));
#3839=CARTESIAN_POINT('',(2.77555756156289E-17,0.1063,0.));
#3840=CARTESIAN_POINT('',(0.0762,0.1063,0.));
#3841=CARTESIAN_POINT('',(0.0762,0.1063,0.));
#3842=CARTESIAN_POINT('',(0.0762,0.1143,0.));
#3843=CARTESIAN_POINT('',(2.77555756156289E-17,0.1143,0.));
#3844=CARTESIAN_POINT('',(0.0271,0.1143,0.));
#3845=CARTESIAN_POINT('',(0.0271,0.1143,0.));
#3846=CARTESIAN_POINT('',(0.0271,0.1301,0.));
#3847=CARTESIAN_POINT('',(2.77555756156289E-17,0.1301,0.));
#3848=CARTESIAN_POINT('',(0.,0.1301,0.));
#3849=CARTESIAN_POINT('',(0.,-2.77555756156289E-17,0.));
#3850=CARTESIAN_POINT('',(0.,0.2,0.));
#3851=CARTESIAN_POINT('',(5.55111512312578E-17,0.2,0.));
#3852=CARTESIAN_POINT('',(0.15,0.2,0.));
#3853=CARTESIAN_POINT('',(0.15,2.77555756156289E-17,0.));
#3854=CARTESIAN_POINT('',(2.77555756156289E-17,-0.2,0.15));
#3855=CARTESIAN_POINT('',(0.15,-0.2,0.15));
#3856=CARTESIAN_POINT('',(0.15,-0.2,0.15));
#3857=CARTESIAN_POINT('',(2.77555756156289E-17,-0.2,0.15));
#3858=CARTESIAN_POINT('',(0.15,2.77555756156289E-17,0.15));
#3859=CARTESIAN_POINT('',(0.15,0.2,0.15));
#3860=CARTESIAN_POINT('',(0.15,0.2,0.15));
#3861=CARTESIAN_POINT('',(0.15,2.77555756156289E-17,0.15));
#3862=CARTESIAN_POINT('',(5.55111512312578E-17,0.2,0.15));
#3863=CARTESIAN_POINT('',(0.,0.2,0.15));
#3864=CARTESIAN_POINT('',(0.,0.2,0.15));
#3865=CARTESIAN_POINT('',(5.55111512312578E-17,0.2,0.15));
#3866=CARTESIAN_POINT('',(2.77555756156289E-17,-2.77555756156289E-17,0.15));
#3867=CARTESIAN_POINT('',(0.,-2.77555756156289E-17,0.15));
#3868=CARTESIAN_POINT('',(0.,-2.77555756156289E-17,0.15));
#3869=CARTESIAN_POINT('',(0.,0.107730935284344,0.15));
#3870=CARTESIAN_POINT('',(0.,0.0927309352843442,0.15));
#3871=CARTESIAN_POINT('',(0.,0.0777309352843442,0.15));
#3872=CARTESIAN_POINT('',(0.,-2.77555756156289E-17,0.15));
#3873=CARTESIAN_POINT('',(0.,-0.0948825117994891,0.15));
#3874=CARTESIAN_POINT('',(0.,-0.0973825117994891,0.15));
#3875=CARTESIAN_POINT('',(0.,-0.0998825117994891,0.15));
#3876=CARTESIAN_POINT('',(0.,-2.77555756156289E-17,0.15));
#3877=CARTESIAN_POINT('',(0.,-0.135594919919968,0.15));
#3878=CARTESIAN_POINT('',(-9.18485099360515E-19,-0.150594919919968,0.15));
#3879=CARTESIAN_POINT('',(0.,0.1143,2.14313189850787E-18));
#3880=CARTESIAN_POINT('',(0.,0.0589395641738213,2.14313189850787E-18));
#3881=CARTESIAN_POINT('',(0.0299591988425748,0.0589395641738213,0.0180954802288048));
#3882=CARTESIAN_POINT('',(0.,1.07156594925393E-18,1.07156594925393E-18));
#3883=CARTESIAN_POINT('',(0.0154136184940469,0.10235,0.0314232456140351));
#3884=CARTESIAN_POINT('',(0.,0.10235,2.14313189850787E-18));
#3885=CARTESIAN_POINT('',(0.,-0.1143,0.));
#3886=CARTESIAN_POINT('',(0.,-0.1143,1.65939641284466E-18));
#3887=CARTESIAN_POINT('',(0.,-0.1143,0.07225));
#3888=CARTESIAN_POINT('',(-3.24616457739278E-18,-0.1143,0.0762));
#3889=CARTESIAN_POINT('',(5.93760482826907E-17,-0.1143,-3.81639164714897E-17));
#3890=CARTESIAN_POINT('',(0.,0.1143,0.));
#3891=CARTESIAN_POINT('',(0.,0.1143,0.));
#3892=CARTESIAN_POINT('',(0.,0.1143,0.0271));
#3893=CARTESIAN_POINT('',(0.,0.1143,0.0683));
#3894=CARTESIAN_POINT('',(0.,0.1143,1.65939641284466E-18));
#3895=CARTESIAN_POINT('',(5.93760482826907E-17,0.1143,-3.81639164714897E-17));
#3896=CARTESIAN_POINT('',(0.,0.1143,0.0762));
#3897=CARTESIAN_POINT('',(0.,0.1143,0.07225));
#3898=CARTESIAN_POINT('',(0.,0.1143,2.14313189850787E-18));
#3899=CARTESIAN_POINT('',(0.,-0.10235,2.14313189850787E-18));
#3900=CARTESIAN_POINT('',(0.,-0.0589395641738213,2.14313189850787E-18));
#3901=CARTESIAN_POINT('',(3.02089749179674E-18,0.,0.));
#3902=CARTESIAN_POINT('',(3.02089749179674E-18,-0.0226577581993648,0.));
#3903=CARTESIAN_POINT('',(0.0375125873775489,-0.0226577581993648,0.0226577581993648));
#3904=CARTESIAN_POINT('',(3.02089749179674E-18,0.,0.0226577581993648));
#3905=CARTESIAN_POINT('',(0.0375125873775489,0.0226577581993648,0.0226577581993648));
#3906=CARTESIAN_POINT('',(3.02089749179674E-18,0.0226577581993648,0.));
#3907=CARTESIAN_POINT('',(0.,-0.0589395641738213,2.14313189850787E-18));
#3908=CARTESIAN_POINT('',(0.0975813905158151,-0.0589395641738213,0.0589395641738214));
#3909=CARTESIAN_POINT('',(0.,0.0589395641738213,2.14313189850787E-18));
#3910=CARTESIAN_POINT('',(0.097581390515815,0.0589395641738214,0.0589395641738213));
#3911=CARTESIAN_POINT('',(-0.00441742500968223,-0.1063,0.000133533074533093));
#3912=CARTESIAN_POINT('',(0.,-0.1063,0.000133533074533093));
#3913=CARTESIAN_POINT('',(1.61242222580891E-18,-0.1063,0.0398597275429878));
#3914=CARTESIAN_POINT('',(0.,-0.1063,0.0762));
#3915=CARTESIAN_POINT('',(0.0171531554383751,-0.1063,0.0349695833333333));
#3916=CARTESIAN_POINT('',(0.0144517497747888,-0.1063,0.0362946672157436));
#3917=CARTESIAN_POINT('',(0.0103371237136672,-0.1063,0.0380725735415601));
#3918=CARTESIAN_POINT('',(0.00449789451454725,-0.1063,0.0395751529338029));
#3919=CARTESIAN_POINT('',(0.00149062214983987,-0.1063,0.039859727542988));
#3920=CARTESIAN_POINT('',(-1.2336864159147E-18,-0.1063,0.039859727542988));
#3921=CARTESIAN_POINT('',(0.0171531554383751,-0.1063,0.0349695833333334));
#3922=CARTESIAN_POINT('',(0.,-0.1063,2.14313189850787E-18));
#3923=CARTESIAN_POINT('',(5.93760482826907E-17,-0.1063,-3.81639164714897E-17));
#3924=CARTESIAN_POINT('',(5.93760482826907E-17,-0.1063,-3.81639164714897E-17));
#3925=CARTESIAN_POINT('',(0.,-0.1063,0.0762));
#3926=CARTESIAN_POINT('',(-0.00441742500968223,0.1063,0.000133533074533093));
#3927=CARTESIAN_POINT('',(0.,0.1063,0.000133533074533093));
#3928=CARTESIAN_POINT('',(0.,0.1063,0.0762));
#3929=CARTESIAN_POINT('',(0.,0.1063,0.0398597275429878));
#3930=CARTESIAN_POINT('',(5.93760482826907E-17,0.1063,-3.81639164714897E-17));
#3931=CARTESIAN_POINT('',(0.,0.1063,2.14313189850787E-18));
#3932=CARTESIAN_POINT('',(0.0171531554383751,0.1063,0.0349695833333334));
#3933=CARTESIAN_POINT('',(4.0483149958248E-18,0.1063,0.039859727542988));
#3934=CARTESIAN_POINT('',(0.00297957134925351,0.1063,0.039859727542988));
#3935=CARTESIAN_POINT('',(0.00897037906050599,0.1063,0.0386776043267154));
#3936=CARTESIAN_POINT('',(0.0144513713091893,0.1063,0.0362948528593412));
#3937=CARTESIAN_POINT('',(0.0171531554383751,0.1063,0.0349695833333333));
#3938=CARTESIAN_POINT('',(5.93760482826907E-17,0.1063,-3.81639164714897E-17));
#3939=CARTESIAN_POINT('',(0.,0.1063,0.0762));
#3940=CARTESIAN_POINT('',(0.,-0.10235,2.14313189850787E-18));
#3941=CARTESIAN_POINT('',(0.0171531554383751,-0.10235,0.0349695833333334));
#3942=CARTESIAN_POINT('',(0.,0.10235,2.14313189850787E-18));
#3943=CARTESIAN_POINT('',(0.0171531554383751,0.10235,0.0349695833333334));
#3944=CARTESIAN_POINT('',(0.,0.1301,1.65939641284466E-18));
#3945=CARTESIAN_POINT('',(0.,0.1301,1.65939641284466E-18));
#3946=CARTESIAN_POINT('',(0.,0.1301,0.0271));
#3947=CARTESIAN_POINT('',(0.,0.1301,1.65939641284466E-18));
#3948=CARTESIAN_POINT('',(0.,0.1143,1.65939641284466E-18));
#3949=CARTESIAN_POINT('',(0.,0.1143,0.0271));
#3950=CARTESIAN_POINT('',(0.,0.1143,1.65939641284466E-18));
#3951=CARTESIAN_POINT('',(0.,-0.1301,1.65939641284466E-18));
#3952=CARTESIAN_POINT('',(0.,-0.1301,1.65939641284466E-18));
#3953=CARTESIAN_POINT('',(0.029959198842575,0.0180954802288048,0.0589395641738212));
#3954=CARTESIAN_POINT('',(0.0195271213717252,0.0353670131938615,0.0353670131938615));
#3955=CARTESIAN_POINT('',(0.029959198842575,0.0589395641738212,0.0180954802288048));
#3956=CARTESIAN_POINT('',(0.0291845329897722,0.0193780307898961,0.0631170145729455));
#3957=CARTESIAN_POINT('',(0.0172908317733159,0.0373802357535186,0.0373802357535186));
#3958=CARTESIAN_POINT('',(0.0291845329897722,0.0631170145729455,0.0193780307898961));
#3959=CARTESIAN_POINT('',(0.027470261199915,0.021843498235052,0.0711473942512465));
#3960=CARTESIAN_POINT('',(0.012493645582985,0.0408428374038018,0.0408428374038018));
#3961=CARTESIAN_POINT('',(0.027470261199915,0.0711473942512465,0.021843498235052));
#3962=CARTESIAN_POINT('',(0.0244463728823739,0.0251819088439674,0.0820210745203684));
#3963=CARTESIAN_POINT('',(0.00511000984757363,0.0440128139348284,0.0440128139348284));
#3964=CARTESIAN_POINT('',(0.0244463728823739,0.0820210745203684,0.0251819088439674));
#3965=CARTESIAN_POINT('',(0.0210198161348028,0.028105533306857,0.0915437370566147));
#3966=CARTESIAN_POINT('',(-0.00171908515691161,0.0450682230639267,0.0450682230639267));
#3967=CARTESIAN_POINT('',(0.0210198161348028,0.0915437370566147,0.028105533306857));
#3968=CARTESIAN_POINT('',(0.0172470305420792,0.030566216872635,0.0995585349565847));
#3969=CARTESIAN_POINT('',(-0.00700346844549062,0.0441010475993161,0.0441010475993161));
#3970=CARTESIAN_POINT('',(0.0172470305420792,0.0995585349565847,0.030566216872635));
#3971=CARTESIAN_POINT('',(0.0131901598181789,0.0325234278140334,0.105933450594275));
#3972=CARTESIAN_POINT('',(-0.00974172836218547,0.0415696378982159,0.0415696378982159));
#3973=CARTESIAN_POINT('',(0.0131901598181789,0.105933450594275,0.0325234278140334));
#3974=CARTESIAN_POINT('',(0.00891602734666192,0.0339449279934955,0.110563479750259));
#3975=CARTESIAN_POINT('',(-0.00925015383162704,0.0383662834003212,0.0383662834003212));
#3976=CARTESIAN_POINT('',(0.00891602734666192,0.110563479750259,0.0339449279934955));
#3977=CARTESIAN_POINT('',(0.00449503253193413,0.0348073030853153,0.113372358620678));
#3978=CARTESIAN_POINT('',(-0.00561560412611706,0.0356931070538321,0.0356931070538321));
#3979=CARTESIAN_POINT('',(0.00449503253193413,0.113372358620678,0.0348073030853153));
#3980=CARTESIAN_POINT('',(0.00149834679742197,0.0350000000000002,0.114000000000136));
#3981=CARTESIAN_POINT('',(-0.00188363597479498,0.0350000000002219,0.0350000000002219));
#3982=CARTESIAN_POINT('',(0.00149834679742197,0.114000000000136,0.0350000000000002));
#3983=CARTESIAN_POINT('',(3.53725084865203E-17,0.0350000000000002,0.114));
#3984=CARTESIAN_POINT('',(-4.44682963830537E-17,0.0350000000000002,0.0350000000000002));
#3985=CARTESIAN_POINT('',(3.53725084865203E-17,0.114,0.0350000000000002));
#3986=CARTESIAN_POINT('',(0.,0.114,0.114));
#3987=CARTESIAN_POINT('',(0.,0.101736842105263,0.0359576079399872));
#3988=CARTESIAN_POINT('',(-3.05632384846555E-18,0.0359576079399872,0.101736842105263));
#3989=CARTESIAN_POINT('',(0.0154136184940469,0.10235,0.031423245614035));
#3990=CARTESIAN_POINT('',(0.0129816942929159,0.102227175027594,0.0326161444095029));
#3991=CARTESIAN_POINT('',(0.00928567872079556,0.102036735244083,0.0342377826008132));
#3992=CARTESIAN_POINT('',(0.00403812452264448,0.101800136284929,0.0356722817491134));
#3993=CARTESIAN_POINT('',(0.00134142842820195,0.101736842105263,0.0359576079399874));
#3994=CARTESIAN_POINT('',(7.12292075690225E-18,0.101736842105263,0.0359576079399874));
#3995=CARTESIAN_POINT('',(0.097581390515815,0.0589395641738213,0.0589395641738214));
#3996=CARTESIAN_POINT('',(0.0299591988425748,0.0180954802288048,0.0589395641738213));
#3997=CARTESIAN_POINT('',(0.,1.07156594925393E-18,1.07156594925393E-18));
#3998=CARTESIAN_POINT('',(0.0154136184940468,0.0314232456140351,0.10235));
#3999=CARTESIAN_POINT('',(-6.70201393456103E-18,0.0359576079399874,0.101736842105263));
#4000=CARTESIAN_POINT('',(0.00133726325593079,0.0359576079399874,0.101736842105263));
#4001=CARTESIAN_POINT('',(0.00403783190503978,0.0356719477302261,0.101800128342379));
#4002=CARTESIAN_POINT('',(0.00926203132919351,0.0342457758635374,0.102035620142149));
#4003=CARTESIAN_POINT('',(0.0129820778829953,0.0326159562522637,0.102227194400912));
#4004=CARTESIAN_POINT('',(0.0154136184940469,0.031423245614035,0.10235));
#4005=CARTESIAN_POINT('',(0.,2.14313189850787E-18,0.1143));
#4006=CARTESIAN_POINT('',(0.,2.14313189850787E-18,0.0589395641738213));
#4007=CARTESIAN_POINT('',(0.,2.14313189850787E-18,0.10235));
#4008=CARTESIAN_POINT('',(0.,0.,0.1143));
#4009=CARTESIAN_POINT('',(-1.10282294006581E-17,-1.38777878078145E-17,0.1143));
#4010=CARTESIAN_POINT('',(0.,-0.0762,0.1143));
#4011=CARTESIAN_POINT('',(0.,0.0762,0.1143));
#4012=CARTESIAN_POINT('',(0.,0.,0.1143));
#4013=CARTESIAN_POINT('',(0.,-0.0271,0.1143));
#4014=CARTESIAN_POINT('',(0.,1.65939641284466E-18,0.1143));
#4015=CARTESIAN_POINT('',(0.,0.0271,0.1143));
#4016=CARTESIAN_POINT('',(0.,0.,0.1143));
#4017=CARTESIAN_POINT('',(0.097581390515815,-0.0589395641738214,0.0589395641738214));
#4018=CARTESIAN_POINT('',(0.097581390515815,-0.0589395641738214,0.0589395641738213));
#4019=CARTESIAN_POINT('',(0.,2.14313189850787E-18,0.0589395641738213));
#4020=CARTESIAN_POINT('',(0.097581390515815,0.0589395641738214,0.0589395641738213));
#4021=CARTESIAN_POINT('',(0.097581390515815,0.0589395641738214,0.0589395641738214));
#4022=CARTESIAN_POINT('',(-1.10282294006581E-17,-1.38777878078145E-17,0.1063));
#4023=CARTESIAN_POINT('',(-1.10282294006581E-17,-1.38777878078145E-17,0.1063));
#4024=CARTESIAN_POINT('',(0.,-0.0762,0.1063));
#4025=CARTESIAN_POINT('',(0.,0.0762,0.1063));
#4026=CARTESIAN_POINT('',(0.,-0.0762,0.1063));
#4027=CARTESIAN_POINT('',(-4.12099067653143E-19,0.0762,0.1143));
#4028=CARTESIAN_POINT('',(0.001044096749218,0.0762,0.1143));
#4029=CARTESIAN_POINT('',(0.00313094333562568,0.0761476327298187,0.113436767590536));
#4030=CARTESIAN_POINT('',(0.00443421457863862,0.0760686581643233,0.110303769212397));
#4031=CARTESIAN_POINT('',(0.00313219022542174,0.0761473792345722,0.107167903244363));
#4032=CARTESIAN_POINT('',(0.00105711148477393,0.0762,0.1063));
#4033=CARTESIAN_POINT('',(0.,0.0762,0.1063));
#4034=CARTESIAN_POINT('',(-1.38777878078145E-17,0.,0.1063));
#4035=CARTESIAN_POINT('',(0.,0.,0.1063));
#4036=CARTESIAN_POINT('',(1.28918245734754E-18,-0.0398597275429878,0.1063));
#4037=CARTESIAN_POINT('',(0.,0.,0.1063));
#4038=CARTESIAN_POINT('',(0.,0.0398597275429878,0.1063));
#4039=CARTESIAN_POINT('',(0.0171531554383751,0.0349695833333333,0.1063));
#4040=CARTESIAN_POINT('',(0.0144517497747887,0.0362946672157436,0.1063));
#4041=CARTESIAN_POINT('',(0.0103371237136672,0.0380725735415601,0.1063));
#4042=CARTESIAN_POINT('',(0.00449789451454726,0.0395751529338029,0.1063));
#4043=CARTESIAN_POINT('',(0.00149062214983986,0.039859727542988,0.1063));
#4044=CARTESIAN_POINT('',(-8.12029266868121E-18,0.039859727542988,0.1063));
#4045=CARTESIAN_POINT('',(0.0171531554383751,0.0349695833333334,0.1063));
#4046=CARTESIAN_POINT('',(0.,2.14313189850787E-18,0.1063));
#4047=CARTESIAN_POINT('',(0.0171531554383751,-0.0349695833333333,0.1063));
#4048=CARTESIAN_POINT('',(1.41467100764981E-18,-0.039859727542988,0.1063));
#4049=CARTESIAN_POINT('',(0.00297957134925351,-0.039859727542988,0.1063));
#4050=CARTESIAN_POINT('',(0.00897037906050599,-0.0386776043267153,0.1063));
#4051=CARTESIAN_POINT('',(0.0144513713091893,-0.0362948528593412,0.1063));
#4052=CARTESIAN_POINT('',(0.0171531554383751,-0.0349695833333334,0.1063));
#4053=CARTESIAN_POINT('',(-1.5639214023575E-16,-0.101736842105263,0.0359576079399876));
#4054=CARTESIAN_POINT('',(-1.57829023858578E-16,-0.1063,0.0352405780760293));
#4055=CARTESIAN_POINT('',(-1.48572533223962E-16,-0.1063,0.0398597275429882));
#4056=CARTESIAN_POINT('',(0.00125203166070732,-0.101736842105335,0.0359576079399764));
#4057=CARTESIAN_POINT('',(0.00120818971551633,-0.10630000000004,0.0352405780754734));
#4058=CARTESIAN_POINT('',(0.00149062214982382,-0.1063,0.0398597275424659));
#4059=CARTESIAN_POINT('',(0.0037859698746362,-0.101791544853838,0.0357127584684152));
#4060=CARTESIAN_POINT('',(0.00363315908095382,-0.106299999999983,0.0350836029930374));
#4061=CARTESIAN_POINT('',(0.0044978945145803,-0.1063,0.0395751529341154));
#4062=CARTESIAN_POINT('',(0.00896884540645365,-0.102020097114891,0.0343596482111984));
#4063=CARTESIAN_POINT('',(0.00874890062505583,-0.106300000000003,0.0340553739161755));
#4064=CARTESIAN_POINT('',(0.0103371237135332,-0.1063,0.0380725735410417));
#4065=CARTESIAN_POINT('',(0.012835486901002,-0.102219790784892,0.0326878615385242));
#4066=CARTESIAN_POINT('',(0.0127339778656165,-0.10630000000003,0.0325901926224628));
#4067=CARTESIAN_POINT('',(0.0144517497753588,-0.1063,0.0362946672173984));
#4068=CARTESIAN_POINT('',(0.0154136184940469,-0.10235,0.031423245614035));
#4069=CARTESIAN_POINT('',(0.0154136184940469,-0.1063,0.031423245614035));
#4070=CARTESIAN_POINT('',(0.0171531554383751,-0.1063,0.0349695833333333));
#4071=CARTESIAN_POINT('',(-1.56350522863556E-16,-0.10235,0.039859727542988));
#4072=CARTESIAN_POINT('',(0.0154136184940469,-0.031423245614035,0.10235));
#4073=CARTESIAN_POINT('',(0.0154136184940469,-0.031423245614035,0.1063));
#4074=CARTESIAN_POINT('',(0.0171531554383751,-0.0349695833333333,0.1063));
#4075=CARTESIAN_POINT('',(0.0128351257060756,-0.0326880387105727,0.102219772542582));
#4076=CARTESIAN_POINT('',(0.0127335961570472,-0.0325903588513459,0.106300000000048));
#4077=CARTESIAN_POINT('',(0.0144513713098137,-0.0362948528610734,0.1063));
#4078=CARTESIAN_POINT('',(0.00896966996540458,-0.0343607151288018,0.102020010247426));
#4079=CARTESIAN_POINT('',(0.00874912148045428,-0.0340564504135652,0.106299999999995));
#4080=CARTESIAN_POINT('',(0.0103385264415732,-0.0380736696369732,0.1063));
#4081=CARTESIAN_POINT('',(0.00377122915631606,-0.0357152167323168,0.101791067844832));
#4082=CARTESIAN_POINT('',(0.00361875778235061,-0.0350853586062969,0.106299999999992));
#4083=CARTESIAN_POINT('',(0.00448077441203117,-0.0395779414431735,0.1063));
#4084=CARTESIAN_POINT('',(0.00125132907250413,-0.0359576079399859,0.101736842105272));
#4085=CARTESIAN_POINT('',(0.00120751172957432,-0.0352405780760319,0.106300000000024));
#4086=CARTESIAN_POINT('',(0.00148978567462648,-0.039859727542988,0.1063));
#4087=CARTESIAN_POINT('',(7.69366356721284E-19,-0.0359576079399874,0.101736842105263));
#4088=CARTESIAN_POINT('',(7.76435061812611E-19,-0.0352405780760291,0.1063));
#4089=CARTESIAN_POINT('',(7.3089803888522E-19,-0.039859727542988,0.1063));
#4090=CARTESIAN_POINT('',(1.29096210622814E-18,-0.0398597275429878,0.10235));
#4091=CARTESIAN_POINT('',(0.0171531554383751,-0.0349695833333333,0.10235));
#4092=CARTESIAN_POINT('',(0.,2.14313189850787E-18,0.10235));
#4093=CARTESIAN_POINT('',(0.0171531554383751,0.0349695833333334,0.10235));
#4094=CARTESIAN_POINT('',(-1.67342609315626E-16,0.0359576079399876,0.101736842105263));
#4095=CARTESIAN_POINT('',(-1.69008371728814E-16,0.0352405780760293,0.1063));
#4096=CARTESIAN_POINT('',(-1.58277430174331E-16,0.0398597275429882,0.1063));
#4097=CARTESIAN_POINT('',(0.0012520316607314,0.0359576079399767,0.101736842105332));
#4098=CARTESIAN_POINT('',(0.00120818971554086,0.0352405780754853,0.10630000000004));
#4099=CARTESIAN_POINT('',(0.00149062214984546,0.0398597275424814,0.1063));
#4100=CARTESIAN_POINT('',(0.00378596987463541,0.0357127584684101,0.101791544853836));
#4101=CARTESIAN_POINT('',(0.00363315908094553,0.0350836029930236,0.106299999999981));
#4102=CARTESIAN_POINT('',(0.0044978945145709,0.0395751529341094,0.1063));
#4103=CARTESIAN_POINT('',(0.00896884540640932,0.0343596482112235,0.10202009711491));
#4104=CARTESIAN_POINT('',(0.00874890062503586,0.0340553739162224,0.106300000000016));
#4105=CARTESIAN_POINT('',(0.0103371237135368,0.0380725735410412,0.1063));
#4106=CARTESIAN_POINT('',(0.0128354869012262,0.0326878615384143,0.102219790784808));
#4107=CARTESIAN_POINT('',(0.0127339778657729,0.0325901926222596,0.106299999999978));
#4108=CARTESIAN_POINT('',(0.0144517497753692,0.0362946672174193,0.1063));
#4109=CARTESIAN_POINT('',(0.0154136184940469,0.0314232456140351,0.10235));
#4110=CARTESIAN_POINT('',(0.0154136184940469,0.031423245614035,0.1063));
#4111=CARTESIAN_POINT('',(0.0171531554383751,0.0349695833333333,0.1063));
#4112=CARTESIAN_POINT('',(-1.58131797169275E-16,0.039859727542988,0.10235));
#4113=CARTESIAN_POINT('',(0.0154136184940469,0.10235,0.0314232456140351));
#4114=CARTESIAN_POINT('',(0.0154136184940469,0.1063,0.031423245614035));
#4115=CARTESIAN_POINT('',(0.0171531554383751,0.1063,0.0349695833333333));
#4116=CARTESIAN_POINT('',(0.0128351257062537,0.102219772542519,0.0326880387104854));
#4117=CARTESIAN_POINT('',(0.0127335961571631,0.10629999999999,0.0325903588511989));
#4118=CARTESIAN_POINT('',(0.0144513713098137,0.1063,0.0362948528610734));
#4119=CARTESIAN_POINT('',(0.00896966996536543,0.10202001024744,0.0343607151288216));
#4120=CARTESIAN_POINT('',(0.00874912148043603,0.106300000000009,0.0340564504135936));
#4121=CARTESIAN_POINT('',(0.0103385264415737,0.1063,0.0380736696369703));
#4122=CARTESIAN_POINT('',(0.00377122915632183,0.101791067844828,0.035715216732313));
#4123=CARTESIAN_POINT('',(0.00361875778235014,0.106299999999989,0.0350853586062961));
#4124=CARTESIAN_POINT('',(0.00448077441203038,0.1063,0.0395779414431783));
#4125=CARTESIAN_POINT('',(0.00125132907250933,0.101736842105274,0.0359576079399857));
#4126=CARTESIAN_POINT('',(0.00120751172958014,0.106300000000024,0.03524057807602));
#4127=CARTESIAN_POINT('',(0.00148978567462831,0.1063,0.0398597275429777));
#4128=CARTESIAN_POINT('',(-2.82265181647367E-18,0.101736842105263,0.0359576079399874));
#4129=CARTESIAN_POINT('',(-2.97685468323761E-18,0.1063,0.035240578076029));
#4130=CARTESIAN_POINT('',(-1.98347055013599E-18,0.1063,0.039859727542988));
#4131=CARTESIAN_POINT('',(1.69424869496162E-18,0.10235,0.0398597275429878));
#4132=CARTESIAN_POINT('',(0.,1.65939641284466E-18,0.1301));
#4133=CARTESIAN_POINT('',(0.,1.65939641284466E-18,0.1301));
#4134=CARTESIAN_POINT('',(0.,-0.0271,0.1301));
#4135=CARTESIAN_POINT('',(0.,0.0271,0.1301));
#4136=CARTESIAN_POINT('',(0.,1.65939641284466E-18,0.1301));
#4137=CARTESIAN_POINT('',(0.,1.65939641284466E-18,0.1143));
#4138=CARTESIAN_POINT('',(0.,-0.0271,0.1143));
#4139=CARTESIAN_POINT('',(0.,0.0271,0.1143));
#4140=CARTESIAN_POINT('',(0.,-0.132447459959984,0.07225));
#4141=CARTESIAN_POINT('',(6.20314922880505E-19,-0.139871244592689,0.0683));
#4142=CARTESIAN_POINT('',(0.00103896140347735,-0.139871244592689,0.0683));
#4143=CARTESIAN_POINT('',(0.00258356059824656,-0.140105159061609,0.0689512607422075));
#4144=CARTESIAN_POINT('',(0.00374849904202812,-0.140408258149318,0.0707069440625859));
#4145=CARTESIAN_POINT('',(0.00415852478252907,-0.140459140304168,0.072807614262152));
#4146=CARTESIAN_POINT('',(0.00307947924151285,-0.139851487192453,0.0753396192639075));
#4147=CARTESIAN_POINT('',(0.0010496069163875,-0.139457744410137,0.0762));
#4148=CARTESIAN_POINT('',(9.72092088639993E-18,-0.139457744410137,0.0762));
#4149=CARTESIAN_POINT('',(-2.099232529469E-21,-0.139457744410137,0.0762));
#4150=CARTESIAN_POINT('',(0.,-0.132447459959984,0.0762));
#4151=CARTESIAN_POINT('',(-2.34627680487393E-23,-0.13405,0.0762));
#4152=CARTESIAN_POINT('',(-2.08347847403732E-18,-0.13405,0.0762));
#4153=CARTESIAN_POINT('',(0.000712577948115767,-0.13405,0.0762));
#4154=CARTESIAN_POINT('',(0.00210694400795485,-0.133843028295631,0.0758050250808079));
#4155=CARTESIAN_POINT('',(0.00309230582784914,-0.133429598954625,0.0748038875108519));
#4156=CARTESIAN_POINT('',(0.00343511280746353,-0.133264070564733,0.0742));
#4157=CARTESIAN_POINT('',(0.00343511280746354,-0.133264070564733,0.0742));
#4158=CARTESIAN_POINT('',(0.00343511280746354,-0.132447459959984,0.0742));
#4159=CARTESIAN_POINT('',(0.00343511280746354,-0.119035929435267,0.0742));
#4160=CARTESIAN_POINT('',(0.00343511280746354,-0.119035929435267,0.0742));
#4161=CARTESIAN_POINT('',(0.00309138017996261,-0.118869954085384,0.0748055181287546));
#4162=CARTESIAN_POINT('',(0.00211128744493161,-0.118458480764367,0.0758013229306195));
#4163=CARTESIAN_POINT('',(0.00071461098031301,-0.11825,0.0762));
#4164=CARTESIAN_POINT('',(4.9320830785347E-18,-0.11825,0.0762));
#4165=CARTESIAN_POINT('',(2.34680187069244E-23,-0.11825,0.0762));
#4166=CARTESIAN_POINT('',(0.,-0.132447459959984,0.0762));
#4167=CARTESIAN_POINT('',(-9.18485099360515E-19,-0.150594919919968,0.15));
#4168=CARTESIAN_POINT('',(0.,-0.150594919919968,-0.136577866226434));
#4169=CARTESIAN_POINT('',(0.,-0.150594919919968,0.0544740445911884));
#4170=CARTESIAN_POINT('',(0.,-0.150594919919968,0.0544740445911884));
#4171=CARTESIAN_POINT('',(0.,0.132447459959984,0.07225));
#4172=CARTESIAN_POINT('',(0.,0.132447459959984,0.0762));
#4173=CARTESIAN_POINT('',(0.,0.132447459959984,0.0683));
#4174=CARTESIAN_POINT('',(0.,0.150594919919968,0.0544740445911884));
#4175=CARTESIAN_POINT('',(0.,0.150594919919968,0.0544740445911884));
#4176=CARTESIAN_POINT('',(0.,0.0799654676421721,0.1103));
#4177=CARTESIAN_POINT('',(0.,0.0799654676421721,0.1143));
#4178=CARTESIAN_POINT('',(0.,0.0816014307849815,0.1143));
#4179=CARTESIAN_POINT('',(5.0120399979806E-18,0.0816014307849814,0.1143));
#4180=CARTESIAN_POINT('',(0.00106106826786136,0.0816014307849814,0.1143));
#4181=CARTESIAN_POINT('',(0.00311978114678337,0.0820536677307338,0.113417944756967));
#4182=CARTESIAN_POINT('',(0.00420350748825168,0.0828292906156959,0.110900605853379));
#4183=CARTESIAN_POINT('',(0.00380857007537472,0.0829102081324954,0.10876218527176));
#4184=CARTESIAN_POINT('',(0.00262424365387851,0.0826867855197041,0.106961886439727));
#4185=CARTESIAN_POINT('',(0.00105984751022061,0.0824687687122951,0.1063));
#4186=CARTESIAN_POINT('',(-1.0823421534806E-18,0.0824687687122951,0.1063));
#4187=CARTESIAN_POINT('',(0.,0.0824687687122951,0.1063));
#4188=CARTESIAN_POINT('',(0.,0.0799654676421721,0.1063));
#4189=CARTESIAN_POINT('',(0.,0.0927309352843442,0.15));
#4190=CARTESIAN_POINT('',(0.,0.0927309352843442,0.0116456213650587));
#4191=CARTESIAN_POINT('',(0.,0.102730935284344,0.103881873788353));
#4192=CARTESIAN_POINT('',(0.,0.0927309352843442,0.103881873788353));
#4193=CARTESIAN_POINT('',(0.,0.0827309352843443,0.103881873788353));
#4194=CARTESIAN_POINT('',(0.,0.0927309352843442,0.0116456213650587));
#4195=CARTESIAN_POINT('',(0.,0.0927309352843442,0.0116456213650587));
#4196=CARTESIAN_POINT('',(0.,0.0927309352843442,0.103881873788353));
#4197=CARTESIAN_POINT('',(0.,0.0927309352843442,0.103881873788353));
#4198=CARTESIAN_POINT('',(0.,-0.0973825117994891,-2.000000000002E-6));
#4199=CARTESIAN_POINT('',(0.,-0.0948825117994891,-2.000000000002E-6));
#4200=CARTESIAN_POINT('',(0.,-0.0998825117994891,-2.000000000002E-6));
#4201=CARTESIAN_POINT('',(0.0878898232609384,-0.165979227275823,0.05));
#4202=CARTESIAN_POINT('',(0.0878898232609384,-0.165979227275823,0.05));
#4203=CARTESIAN_POINT('',(0.0979398232609384,-0.165979227275823,0.05));
#4204=CARTESIAN_POINT('',(2.77555756156289E-17,-2.77555756156289E-17,0.05));
#4205=CARTESIAN_POINT('',(0.0878898232609384,0.165979227275823,0.05));
#4206=CARTESIAN_POINT('',(0.0878898232609384,0.165979227275823,0.05));
#4207=CARTESIAN_POINT('',(0.0979398232609384,0.165979227275823,0.05));
#4208=CARTESIAN_POINT('',(0.0878898232609384,0.165979227275823,0.05));
#4209=CARTESIAN_POINT('',(0.,-0.12615,0.1242));
#4210=CARTESIAN_POINT('',(0.,-0.13405,0.1242));
#4211=CARTESIAN_POINT('',(0.,-0.13405,0.1242));
#4212=CARTESIAN_POINT('',(0.,-0.12615,0.1242));
#4213=CARTESIAN_POINT('',(0.,-0.11825,0.1242));
#4214=CARTESIAN_POINT('',(0.,-0.11825,0.1242));
#4215=CARTESIAN_POINT('',(0.,-0.12615,0.0742));
#4216=CARTESIAN_POINT('',(0.,-0.12615,0.0742));
#4217=CARTESIAN_POINT('',(0.,-0.12615,0.1242));
#4218=CARTESIAN_POINT('',(0.,-0.12615,0.1242));
#4219=CARTESIAN_POINT('',(0.,0.,0.));
#4220=CARTESIAN_POINT('',(0.,0.,0.));
#4221=CARTESIAN_POINT('',(0.,0.,0.));
#4222=CARTESIAN_POINT('',(0.,0.,0.));
#4223=CARTESIAN_POINT('',(0.,0.,0.));
#4224=CARTESIAN_POINT('',(0.,0.1143,0.));
#4225=CARTESIAN_POINT('',(0.,0.1143,0.));
#4226=CARTESIAN_POINT('',(0.,0.1143,-0.06725));
#4227=CARTESIAN_POINT('',(0.,0.1143,-0.0271));
#4228=CARTESIAN_POINT('',(0.,0.1143,-0.07225));
#4229=CARTESIAN_POINT('',(0.00314754568782321,0.1143,-0.076134965397924));
#4230=CARTESIAN_POINT('',(5.93760482826907E-17,0.1143,-3.81639164714897E-17));
#4231=CARTESIAN_POINT('',(0.0762,0.1143,0.));
#4232=CARTESIAN_POINT('',(2.77555756156289E-17,0.1143,0.));
#4233=CARTESIAN_POINT('',(0.0271,0.1143,0.));
#4234=CARTESIAN_POINT('',(0.,0.1143,1.65939641284466E-18));
#4235=CARTESIAN_POINT('',(0.,-0.1143,0.));
#4236=CARTESIAN_POINT('',(0.,-0.1143,-0.07225));
#4237=CARTESIAN_POINT('',(0.,-0.1143,-0.06725));
#4238=CARTESIAN_POINT('',(0.00314754568782321,-0.1143,-0.076134965397924));
#4239=CARTESIAN_POINT('',(0.,-0.1143,0.));
#4240=CARTESIAN_POINT('',(0.,-0.1143,-0.0271));
#4241=CARTESIAN_POINT('',(0.,-0.1143,1.65939641284466E-18));
#4242=CARTESIAN_POINT('',(0.0271,-0.1143,0.));
#4243=CARTESIAN_POINT('',(2.77555756156289E-17,-0.1143,0.));
#4244=CARTESIAN_POINT('',(0.0762,-0.1143,0.));
#4245=CARTESIAN_POINT('',(5.93760482826907E-17,-0.1143,-3.81639164714897E-17));
#4246=CARTESIAN_POINT('',(2.77555756156289E-17,-2.77555756156289E-17,0.));
#4247=CARTESIAN_POINT('',(0.,-2.77555756156289E-17,0.));
#4248=CARTESIAN_POINT('',(0.,-0.2,0.));
#4249=CARTESIAN_POINT('',(0.,-0.1301,0.));
#4250=CARTESIAN_POINT('',(2.77555756156289E-17,-0.2,0.));
#4251=CARTESIAN_POINT('',(0.15,-0.2,0.));
#4252=CARTESIAN_POINT('',(0.15,2.77555756156289E-17,0.));
#4253=CARTESIAN_POINT('',(0.15,0.2,0.));
#4254=CARTESIAN_POINT('',(5.55111512312578E-17,0.2,0.));
#4255=CARTESIAN_POINT('',(0.,0.2,0.));
#4256=CARTESIAN_POINT('',(0.,-2.77555756156289E-17,0.));
#4257=CARTESIAN_POINT('',(0.,0.1301,-6.87830614524569E-25));
#4258=CARTESIAN_POINT('',(2.77555756156289E-17,0.1301,0.));
#4259=CARTESIAN_POINT('',(0.0271,0.1301,0.));
#4260=CARTESIAN_POINT('',(0.0271,0.1143,0.));
#4261=CARTESIAN_POINT('',(0.0762,0.1063,0.));
#4262=CARTESIAN_POINT('',(0.0762,0.1063,0.));
#4263=CARTESIAN_POINT('',(2.77555756156289E-17,0.1063,0.));
#4264=CARTESIAN_POINT('',(0.03895,0.1063,2.14313189850787E-18));
#4265=CARTESIAN_POINT('',(0.03895,0.10235,2.14313189850787E-18));
#4266=CARTESIAN_POINT('',(0.035,0.10235,2.14313189850787E-18));
#4267=CARTESIAN_POINT('',(0.035,0.1143,0.));
#4268=CARTESIAN_POINT('',(0.035,0.0589395641738213,2.14313189850787E-18));
#4269=CARTESIAN_POINT('',(0.114,0.0589395641738213,2.14313189850787E-18));
#4270=CARTESIAN_POINT('',(0.0438242879962598,0.0226577581993648,2.14313189850787E-18));
#4271=CARTESIAN_POINT('',(3.02089749179674E-18,0.,0.));
#4272=CARTESIAN_POINT('',(0.0438242879962598,-0.0226577581993648,2.14313189850787E-18));
#4273=CARTESIAN_POINT('',(0.114,-0.0589395641738213,2.14313189850787E-18));
#4274=CARTESIAN_POINT('',(0.035,-0.0589395641738213,2.14313189850787E-18));
#4275=CARTESIAN_POINT('',(0.035,0.1143,0.));
#4276=CARTESIAN_POINT('',(0.035,-0.10235,2.14313189850787E-18));
#4277=CARTESIAN_POINT('',(0.03895,-0.10235,2.14313189850787E-18));
#4278=CARTESIAN_POINT('',(0.03895,-0.1063,2.14313189850787E-18));
#4279=CARTESIAN_POINT('',(2.77555756156289E-17,-0.1063,0.));
#4280=CARTESIAN_POINT('',(0.0762,-0.1063,0.));
#4281=CARTESIAN_POINT('',(0.0762,-0.1063,0.));
#4282=CARTESIAN_POINT('',(0.0271,0.1143,0.));
#4283=CARTESIAN_POINT('',(0.0271,-0.1301,0.));
#4284=CARTESIAN_POINT('',(2.77555756156289E-17,-0.1301,0.));
#4285=CARTESIAN_POINT('',(0.0878898232609384,0.165979227275823,0.));
#4286=CARTESIAN_POINT('',(0.0979398232609384,0.165979227275823,0.));
#4287=CARTESIAN_POINT('',(0.0878898232609384,-0.165979227275823,0.));
#4288=CARTESIAN_POINT('',(0.0979398232609384,-0.165979227275823,0.));
#4289=CARTESIAN_POINT('',(2.77555756156289E-17,-0.2,-0.15));
#4290=CARTESIAN_POINT('',(0.,-0.2,-0.15));
#4291=CARTESIAN_POINT('',(0.,-0.2,-0.15));
#4292=CARTESIAN_POINT('',(2.77555756156289E-17,-0.2,-0.15));
#4293=CARTESIAN_POINT('',(0.15,-0.2,-0.15));
#4294=CARTESIAN_POINT('',(0.15,-0.2,-0.15));
#4295=CARTESIAN_POINT('',(0.15,2.77555756156289E-17,-0.15));
#4296=CARTESIAN_POINT('',(0.15,2.77555756156289E-17,-0.15));
#4297=CARTESIAN_POINT('',(0.15,0.2,-0.15));
#4298=CARTESIAN_POINT('',(0.15,0.2,-0.15));
#4299=CARTESIAN_POINT('',(5.55111512312578E-17,0.2,-0.15));
#4300=CARTESIAN_POINT('',(0.,0.2,-0.15));
#4301=CARTESIAN_POINT('',(0.,0.2,-0.15));
#4302=CARTESIAN_POINT('',(5.55111512312578E-17,0.2,-0.15));
#4303=CARTESIAN_POINT('',(2.77555756156289E-17,-2.77555756156289E-17,-0.15));
#4304=CARTESIAN_POINT('',(0.,-2.77555756156289E-17,-0.15));
#4305=CARTESIAN_POINT('',(0.,0.1143,2.14313189850787E-18));
#4306=CARTESIAN_POINT('',(0.,0.10235,2.14313189850787E-18));
#4307=CARTESIAN_POINT('',(0.,0.10235,-0.035));
#4308=CARTESIAN_POINT('',(0.,0.1143,-0.035));
#4309=CARTESIAN_POINT('',(0.,0.0589395641738213,-0.035));
#4310=CARTESIAN_POINT('',(0.,0.0589395641738213,2.14313189850787E-18));
#4311=CARTESIAN_POINT('',(0.,0.1143,2.14313189850787E-18));
#4312=CARTESIAN_POINT('',(0.,-0.0589395641738213,2.14313189850787E-18));
#4313=CARTESIAN_POINT('',(0.,-0.0589395641738213,-0.035));
#4314=CARTESIAN_POINT('',(0.,0.1143,-0.035));
#4315=CARTESIAN_POINT('',(0.,-0.10235,-0.035));
#4316=CARTESIAN_POINT('',(0.,-0.10235,2.14313189850787E-18));
#4317=CARTESIAN_POINT('',(3.02089749179674E-18,0.,0.));
#4318=CARTESIAN_POINT('',(0.,0.,0.));
#4319=CARTESIAN_POINT('',(0.,-0.0226577581993648,-0.0438242879962598));
#4320=CARTESIAN_POINT('',(0.,0.0226577581993648,-0.0438242879962598));
#4321=CARTESIAN_POINT('',(3.02089749179674E-18,-0.0226577581993648,0.));
#4322=CARTESIAN_POINT('',(3.02089749179674E-18,0.0226577581993648,0.));
#4323=CARTESIAN_POINT('',(0.,-0.0589395641738213,2.14313189850787E-18));
#4324=CARTESIAN_POINT('',(0.,-0.0589395641738213,-0.114));
#4325=CARTESIAN_POINT('',(0.,0.0589395641738213,2.14313189850787E-18));
#4326=CARTESIAN_POINT('',(0.,0.0589395641738213,-0.114));
#4327=CARTESIAN_POINT('',(-0.00441742500968223,-0.1063,0.000133533074533093));
#4328=CARTESIAN_POINT('',(0.,-0.1063,0.000133533074533093));
#4329=CARTESIAN_POINT('',(0.,-0.1063,-0.0762));
#4330=CARTESIAN_POINT('',(0.,-0.1063,-0.03895));
#4331=CARTESIAN_POINT('',(5.93760482826907E-17,-0.1063,-3.81639164714897E-17));
#4332=CARTESIAN_POINT('',(0.,-0.1063,2.14313189850787E-18));
#4333=CARTESIAN_POINT('',(5.93760482826907E-17,-0.1063,-3.81639164714897E-17));
#4334=CARTESIAN_POINT('',(0.,-0.1063,-0.0762));
#4335=CARTESIAN_POINT('',(0.,-0.1143,-0.0762));
#4336=CARTESIAN_POINT('',(5.93760482826907E-17,-0.1143,-3.81639164714897E-17));
#4337=CARTESIAN_POINT('',(-0.00441742500968223,0.1063,0.000133533074533093));
#4338=CARTESIAN_POINT('',(0.,0.1063,0.000133533074533093));
#4339=CARTESIAN_POINT('',(0.,0.1063,-0.03895));
#4340=CARTESIAN_POINT('',(0.,0.1063,-0.0762));
#4341=CARTESIAN_POINT('',(0.,0.1063,2.14313189850787E-18));
#4342=CARTESIAN_POINT('',(5.93760482826907E-17,0.1063,-3.81639164714897E-17));
#4343=CARTESIAN_POINT('',(5.93760482826907E-17,0.1063,-3.81639164714897E-17));
#4344=CARTESIAN_POINT('',(0.,0.1063,-0.0762));
#4345=CARTESIAN_POINT('',(0.,0.1143,-0.0762));
#4346=CARTESIAN_POINT('',(5.93760482826907E-17,0.1143,-3.81639164714897E-17));
#4347=CARTESIAN_POINT('',(0.,-0.10235,2.14313189850787E-18));
#4348=CARTESIAN_POINT('',(0.,-0.10235,-0.03895));
#4349=CARTESIAN_POINT('',(0.,0.10235,2.14313189850787E-18));
#4350=CARTESIAN_POINT('',(0.,0.10235,-0.03895));
#4351=CARTESIAN_POINT('',(0.,0.1301,1.65939641284466E-18));
#4352=CARTESIAN_POINT('',(0.,0.1301,1.65939641284466E-18));
#4353=CARTESIAN_POINT('',(0.,0.1301,-0.0271));
#4354=CARTESIAN_POINT('',(0.,0.1301,1.65939641284466E-18));
#4355=CARTESIAN_POINT('',(0.,0.1143,1.65939641284466E-18));
#4356=CARTESIAN_POINT('',(0.,0.1143,-0.0271));
#4357=CARTESIAN_POINT('',(0.,0.1143,1.65939641284466E-18));
#4358=CARTESIAN_POINT('',(0.,0.1143,-0.0271));
#4359=CARTESIAN_POINT('',(0.,-0.1301,-0.0271));
#4360=CARTESIAN_POINT('',(0.,-0.1301,1.65939641284466E-18));
#4361=CARTESIAN_POINT('',(0.,-0.1301,1.65939641284466E-18));
#4362=CARTESIAN_POINT('',(0.,-0.1301,1.65939641284466E-18));
#4363=CARTESIAN_POINT('',(0.,-0.123260631709801,-0.07225));
#4364=CARTESIAN_POINT('',(0.,-0.1143,-0.07225));
#4365=CARTESIAN_POINT('',(0.,-0.1143,-0.07725));
#4366=CARTESIAN_POINT('',(0.,-0.123260631709801,-0.07725));
#4367=CARTESIAN_POINT('',(0.,-0.123260631709801,-0.07725));
#4368=CARTESIAN_POINT('',(0.,-0.123260631709801,-0.07225));
#4369=CARTESIAN_POINT('',(0.,-0.123260631709801,-0.06725));
#4370=CARTESIAN_POINT('',(0.,-0.123260631709801,-0.06725));
#4371=CARTESIAN_POINT('',(0.,-0.123260631709801,-0.06435));
#4372=CARTESIAN_POINT('',(0.,-0.123260631709801,-0.06435));
#4373=CARTESIAN_POINT('',(0.,-0.132873080859808,-0.0729529542215751));
#4374=CARTESIAN_POINT('',(0.,-0.129147325375309,-0.0696184758411197));
#4375=CARTESIAN_POINT('',(0.,-0.12542156989081,-0.0662839974606642));
#4376=CARTESIAN_POINT('',(0.,-0.123260631709801,-0.06435));
#4377=CARTESIAN_POINT('',(0.,-0.144952752898668,-0.0519583948445939));
#4378=CARTESIAN_POINT('',(0.,-0.148678508383167,-0.0552928732250494));
#4379=CARTESIAN_POINT('',(0.,-0.148678508383167,-0.0552928732250494));
#4380=CARTESIAN_POINT('',(0.,-0.144952752898668,-0.0519583948445939));
#4381=CARTESIAN_POINT('',(0.,-0.141226997414169,-0.0486239164641385));
#4382=CARTESIAN_POINT('',(0.,-0.141226997414169,-0.0486239164641385));
#4383=CARTESIAN_POINT('',(0.,-0.1143,-0.07225));
#4384=CARTESIAN_POINT('',(0.,-0.1143,-0.07225));
#4385=CARTESIAN_POINT('',(0.,-0.144952752898668,-0.0519583948445939));
#4386=CARTESIAN_POINT('',(0.,-0.144952752898668,-0.0519583948445939));
#4387=CARTESIAN_POINT('',(0.,0.1143,-0.07225));
#4388=CARTESIAN_POINT('',(0.,0.1143,-0.07225));
#4389=CARTESIAN_POINT('',(0.,0.1143,-0.07725));
#4390=CARTESIAN_POINT('',(0.,0.1143,-0.07225));
#4391=CARTESIAN_POINT('',(0.,0.144952752898668,-0.0519583948445939));
#4392=CARTESIAN_POINT('',(0.,0.144952752898668,-0.0519583948445939));
#4393=CARTESIAN_POINT('',(0.,0.141226997414169,-0.0486239164641385));
#4394=CARTESIAN_POINT('',(0.,0.148678508383167,-0.0552928732250494));
#4395=CARTESIAN_POINT('',(0.,0.144952752898668,-0.0519583948445939));
#4396=CARTESIAN_POINT('',(0.,0.144952752898668,-0.0519583948445939));
#4397=CARTESIAN_POINT('',(0.,0.129147325375309,-0.0696184758411197));
#4398=CARTESIAN_POINT('',(0.,0.12542156989081,-0.0662839974606643));
#4399=CARTESIAN_POINT('',(0.,0.132873080859808,-0.0729529542215751));
#4400=CARTESIAN_POINT('',(0.,0.141226997414169,-0.0486239164641385));
#4401=CARTESIAN_POINT('',(0.,0.148678508383167,-0.0552928732250494));
#4402=CARTESIAN_POINT('',(0.,0.123260631709801,-0.06435));
#4403=CARTESIAN_POINT('',(0.,0.123260631709801,-0.06435));
#4404=CARTESIAN_POINT('',(0.,0.123260631709801,-0.07725));
#4405=CARTESIAN_POINT('',(0.,0.123260631709801,-0.07225));
#4406=CARTESIAN_POINT('',(0.,0.123260631709801,-0.06725));
#4407=CARTESIAN_POINT('',(0.,0.123260631709801,-0.06435));
#4408=CARTESIAN_POINT('',(0.,0.123260631709801,-0.07225));
#4409=CARTESIAN_POINT('',(0.,0.123260631709801,-0.06725));
#4410=CARTESIAN_POINT('',(0.,0.123260631709801,-0.07725));
#4411=CARTESIAN_POINT('',(0.0878898232609384,-0.165979227275823,-0.05));
#4412=CARTESIAN_POINT('',(0.0878898232609384,-0.165979227275823,-0.05));
#4413=CARTESIAN_POINT('',(0.0978898232609384,-0.165979227275823,-0.05));
#4414=CARTESIAN_POINT('',(0.0878898232609384,-0.165979227275823,0.));
#4415=CARTESIAN_POINT('',(0.0978898232609384,-0.165979227275823,0.));
#4416=CARTESIAN_POINT('',(0.0878898232609384,-0.165979227275823,-0.05));
#4417=CARTESIAN_POINT('',(0.0878898232609384,-0.165979227275823,-0.05));
#4418=CARTESIAN_POINT('',(0.0979398232609384,-0.165979227275823,-0.05));
#4419=CARTESIAN_POINT('',(2.77555756156289E-17,-2.77555756156289E-17,-0.05));
#4420=CARTESIAN_POINT('',(2.77555756156289E-17,-2.77555756156289E-17,0.));
#4421=CARTESIAN_POINT('',(0.0878898232609384,0.165979227275823,-0.05));
#4422=CARTESIAN_POINT('',(0.0878898232609384,0.165979227275823,-0.05));
#4423=CARTESIAN_POINT('',(0.0978898232609384,0.165979227275823,-0.05));
#4424=CARTESIAN_POINT('',(0.0878898232609384,0.165979227275823,0.));
#4425=CARTESIAN_POINT('',(0.0978898232609384,0.165979227275823,0.));
#4426=CARTESIAN_POINT('',(0.0878898232609384,0.165979227275823,-0.05));
#4427=CARTESIAN_POINT('',(0.0878898232609384,0.165979227275823,-0.05));
#4428=CARTESIAN_POINT('',(0.0979398232609384,0.165979227275823,-0.05));
#4429=CARTESIAN_POINT('',(0.0878898232609384,0.165979227275823,-0.05));
#4430=CARTESIAN_POINT('',(2.77555756156289E-17,-2.77555756156289E-17,0.));
#4431=CARTESIAN_POINT('',(0.,0.,0.));
#4432=CARTESIAN_POINT('',(0.,0.,0.));
#4433=CARTESIAN_POINT('',(0.0812333333333333,0.2379,-0.0372832572248521));
#4434=CARTESIAN_POINT('',(0.0812333333333333,0.2079,-0.0372832572248521));
#4435=CARTESIAN_POINT('',(0.0712333333333333,0.2079,-0.0372832572248521));
#4436=CARTESIAN_POINT('',(0.0812333333333333,0.2379,-0.0372832572248521));
#4437=CARTESIAN_POINT('',(0.0712333333333333,0.2379,-0.0372832572248521));
#4438=CARTESIAN_POINT('',(0.0612333333333333,0.2379,-0.0372832572248521));
#4439=CARTESIAN_POINT('',(0.0612333333333333,0.2579,-0.0372832572248521));
#4440=CARTESIAN_POINT('',(0.0612333333333333,0.2479,-0.0372832572248521));
#4441=CARTESIAN_POINT('',(-0.0612333333333333,0.2579,-0.0372832572248521));
#4442=CARTESIAN_POINT('',(0.,0.2579,-0.0372832572248521));
#4443=CARTESIAN_POINT('',(0.,0.2579,-0.0472832572248521));
#4444=CARTESIAN_POINT('',(-5.55111512312578E-17,-0.2079,2.000000000002E-6));
#4445=CARTESIAN_POINT('',(0.,-0.2079,2.000000000002E-6));
#4446=CARTESIAN_POINT('',(-6.16297582203916E-33,-0.2079,-0.1421));
#4447=CARTESIAN_POINT('',(0.,-0.2079,0.));
#4448=CARTESIAN_POINT('',(-5.55111512312578E-17,-0.2079,-0.1421));
#4449=CARTESIAN_POINT('',(0.1421,-0.2079,-0.1421));
#4450=CARTESIAN_POINT('',(0.1421,-0.2079,0.));
#4451=CARTESIAN_POINT('',(0.1421,-0.2079,0.));
#4452=CARTESIAN_POINT('',(-5.55111512312578E-17,-0.2079,0.));
#4453=CARTESIAN_POINT('',(0.0812333333333333,-0.2079,-0.0372832572248521));
#4454=CARTESIAN_POINT('',(0.0712333333333333,-0.2079,-0.0372832572248521));
#4455=CARTESIAN_POINT('',(2.77555756156289E-17,-0.2,2.000000000002E-6));
#4456=CARTESIAN_POINT('',(2.77555756156289E-17,-0.2,-0.15));
#4457=CARTESIAN_POINT('',(0.15,-0.2,-0.15));
#4458=CARTESIAN_POINT('',(0.,-0.2,-0.15));
#4459=CARTESIAN_POINT('',(0.,-0.2,2.000000000002E-6));
#4460=CARTESIAN_POINT('',(0.,-0.2,0.));
#4461=CARTESIAN_POINT('',(2.77555756156289E-17,-0.2,0.));
#4462=CARTESIAN_POINT('',(0.15,-0.2,0.));
#4463=CARTESIAN_POINT('',(0.15,-0.2,2.000000000002E-6));
#4464=CARTESIAN_POINT('',(0.15,2.77555756156289E-17,2.000000000002E-6));
#4465=CARTESIAN_POINT('',(0.15,2.77555756156289E-17,-0.15));
#4466=CARTESIAN_POINT('',(0.15,0.2,-0.15));
#4467=CARTESIAN_POINT('',(0.15,2.77555756156289E-17,0.));
#4468=CARTESIAN_POINT('',(0.15,0.2,0.));
#4469=CARTESIAN_POINT('',(0.15,0.2,2.000000000002E-6));
#4470=CARTESIAN_POINT('',(5.55111512312578E-17,0.2,2.000000000002E-6));
#4471=CARTESIAN_POINT('',(0.,0.2,2.000000000002E-6));
#4472=CARTESIAN_POINT('',(0.,0.2,-0.15));
#4473=CARTESIAN_POINT('',(0.,0.2,0.));
#4474=CARTESIAN_POINT('',(5.55111512312578E-17,0.2,-0.15));
#4475=CARTESIAN_POINT('',(5.55111512312578E-17,0.2,0.));
#4476=CARTESIAN_POINT('',(0.1579,0.00395,2.000000000002E-6));
#4477=CARTESIAN_POINT('',(0.1579,0.2079,-0.1421));
#4478=CARTESIAN_POINT('',(0.1579,-0.1921,-0.1421));
#4479=CARTESIAN_POINT('',(0.1579,0.1921,-0.1421));
#4480=CARTESIAN_POINT('',(0.1579,0.1921,2.000000000002E-6));
#4481=CARTESIAN_POINT('',(0.1579,0.1921,0.));
#4482=CARTESIAN_POINT('',(0.1579,0.00395,0.));
#4483=CARTESIAN_POINT('',(0.1579,-0.1921,0.));
#4484=CARTESIAN_POINT('',(0.1579,-0.1921,-0.1579));
#4485=CARTESIAN_POINT('',(5.55111512312578E-17,0.2079,2.000000000002E-6));
#4486=CARTESIAN_POINT('',(-0.1579,0.2079,-0.1421));
#4487=CARTESIAN_POINT('',(0.1421,0.2079,-0.1421));
#4488=CARTESIAN_POINT('',(0.,0.2079,-0.1421));
#4489=CARTESIAN_POINT('',(0.,0.2079,2.000000000002E-6));
#4490=CARTESIAN_POINT('',(0.,0.2079,0.));
#4491=CARTESIAN_POINT('',(5.55111512312578E-17,0.2079,0.));
#4492=CARTESIAN_POINT('',(0.1421,0.2079,0.));
#4493=CARTESIAN_POINT('',(0.1421,0.2079,2.000000000002E-6));
#4494=CARTESIAN_POINT('',(-2.77555756156289E-17,2.77555756156289E-17,-0.1579));
#4495=CARTESIAN_POINT('',(0.,2.77555756156289E-17,-0.1579));
#4496=CARTESIAN_POINT('',(0.,0.1921,-0.1579));
#4497=CARTESIAN_POINT('',(0.,-0.1921,-0.1579));
#4498=CARTESIAN_POINT('',(0.1579,0.1921,-0.1579));
#4499=CARTESIAN_POINT('',(0.1421,0.1921,-0.1579));
#4500=CARTESIAN_POINT('',(0.1421,-0.2079,-0.1579));
#4501=CARTESIAN_POINT('',(0.1421,-0.1921,-0.1579));
#4502=CARTESIAN_POINT('',(-6.15228085210267E-17,-0.1921,-0.1579));
#4503=CARTESIAN_POINT('',(2.77555756156289E-17,-2.77555756156289E-17,0.));
#4504=CARTESIAN_POINT('',(0.,-2.77555756156289E-17,0.));
#4505=CARTESIAN_POINT('',(0.1421,-0.1921,0.));
#4506=CARTESIAN_POINT('',(0.1421,0.1921,0.));
#4507=CARTESIAN_POINT('',(0.,-2.77555756156289E-17,0.));
#4508=CARTESIAN_POINT('',(-2.77555756156289E-17,2.77555756156289E-17,-0.15));
#4509=CARTESIAN_POINT('',(0.,2.77555756156289E-17,-0.15));
#4510=CARTESIAN_POINT('',(0.0812333333333333,-0.2379,-0.0372832572248521));
#4511=CARTESIAN_POINT('',(0.0812333333333333,-0.2379,-0.0372832572248521));
#4512=CARTESIAN_POINT('',(0.0712333333333333,-0.2379,-0.0372832572248521));
#4513=CARTESIAN_POINT('',(0.0612333333333333,-0.2379,-0.0372832572248521));
#4514=CARTESIAN_POINT('',(0.0612333333333333,-0.2579,-0.0372832572248521));
#4515=CARTESIAN_POINT('',(0.0612333333333333,-0.2479,-0.0372832572248521));
#4516=CARTESIAN_POINT('',(-0.0612333333333333,-0.2579,-0.0372832572248521));
#4517=CARTESIAN_POINT('',(0.,-0.2579,-0.0372832572248521));
#4518=CARTESIAN_POINT('',(0.,-0.2579,-0.0472832572248521));
#4519=CARTESIAN_POINT('',(0.1421,-0.1921,2.000000000002E-6));
#4520=CARTESIAN_POINT('',(0.1421,-0.1921,-0.1421));
#4521=CARTESIAN_POINT('',(-6.15228085210267E-17,-0.1921,-0.1421));
#4522=CARTESIAN_POINT('',(0.,-0.1921,-0.1421));
#4523=CARTESIAN_POINT('',(0.1421,-0.1921,-0.1421));
#4524=CARTESIAN_POINT('',(0.1421,-0.1921,-0.1421));
#4525=CARTESIAN_POINT('',(0.1421,-0.1921,-0.1421));
#4526=CARTESIAN_POINT('',(0.1421,0.00395,-0.1421));
#4527=CARTESIAN_POINT('',(0.1421,0.1921,-0.1421));
#4528=CARTESIAN_POINT('',(0.1421,0.1921,2.000000000002E-6));
#4529=CARTESIAN_POINT('',(0.1421,0.1921,-0.1421));
#4530=CARTESIAN_POINT('',(0.1421,0.1921,-0.1421));
#4531=CARTESIAN_POINT('',(0.1421,0.1921,-0.1421));
#4532=CARTESIAN_POINT('',(5.82884665873499E-17,0.1921,-0.1421));
#4533=CARTESIAN_POINT('',(0.,0.1921,-0.1421));
#4534=CARTESIAN_POINT('',(0.,0.,0.));
#4535=CARTESIAN_POINT('',(0.,0.,0.));
#4536=CARTESIAN_POINT('',(0.,0.,0.));
#4537=CARTESIAN_POINT('',(0.,0.,0.));
#4538=CARTESIAN_POINT('',(0.0812333333333333,0.2379,0.0372832572248521));
#4539=CARTESIAN_POINT('',(0.0812333333333333,0.2079,0.0372832572248521));
#4540=CARTESIAN_POINT('',(0.0712333333333333,0.2079,0.0372832572248521));
#4541=CARTESIAN_POINT('',(0.0812333333333333,0.2379,0.0372832572248521));
#4542=CARTESIAN_POINT('',(0.0712333333333333,0.2379,0.0372832572248521));
#4543=CARTESIAN_POINT('',(0.0612333333333333,0.2379,0.0372832572248521));
#4544=CARTESIAN_POINT('',(0.0612333333333333,0.2579,0.0372832572248521));
#4545=CARTESIAN_POINT('',(0.0612333333333333,0.2479,0.0372832572248521));
#4546=CARTESIAN_POINT('',(-0.0612333333333333,0.2579,0.0372832572248521));
#4547=CARTESIAN_POINT('',(0.,0.2579,0.0372832572248521));
#4548=CARTESIAN_POINT('',(0.,0.2579,0.0272832572248521));
#4549=CARTESIAN_POINT('',(5.55111512312578E-17,0.2079,-2.000000000002E-6));
#4550=CARTESIAN_POINT('',(0.,0.2079,-2.000000000002E-6));
#4551=CARTESIAN_POINT('',(0.,0.2079,0.15));
#4552=CARTESIAN_POINT('',(0.,0.2079,0.));
#4553=CARTESIAN_POINT('',(5.55111512312578E-17,0.2079,0.15));
#4554=CARTESIAN_POINT('',(0.1421,0.2079,0.15));
#4555=CARTESIAN_POINT('',(0.1421,0.2079,-2.000000000002E-6));
#4556=CARTESIAN_POINT('',(0.1421,0.2079,0.));
#4557=CARTESIAN_POINT('',(5.55111512312578E-17,0.2079,0.));
#4558=CARTESIAN_POINT('',(-0.0612333333333333,-0.2579,0.0372832572248521));
#4559=CARTESIAN_POINT('',(0.,-0.2579,0.0372832572248521));
#4560=CARTESIAN_POINT('',(0.,-0.2579,0.0272832572248521));
#4561=CARTESIAN_POINT('',(0.0612333333333333,-0.2579,0.0372832572248521));
#4562=CARTESIAN_POINT('',(0.0612333333333333,-0.2479,0.0372832572248521));
#4563=CARTESIAN_POINT('',(0.0612333333333333,-0.2379,0.0372832572248521));
#4564=CARTESIAN_POINT('',(0.0812333333333333,-0.2379,0.0372832572248521));
#4565=CARTESIAN_POINT('',(0.0712333333333333,-0.2379,0.0372832572248521));
#4566=CARTESIAN_POINT('',(0.0812333333333333,-0.2379,0.0372832572248521));
#4567=CARTESIAN_POINT('',(0.0812333333333333,-0.2079,0.0372832572248521));
#4568=CARTESIAN_POINT('',(0.0712333333333333,-0.2079,0.0372832572248521));
#4569=CARTESIAN_POINT('',(0.,-0.2079,-2.000000000002E-6));
#4570=CARTESIAN_POINT('',(0.,-0.2079,0.15));
#4571=CARTESIAN_POINT('',(0.1421,-0.2079,0.15));
#4572=CARTESIAN_POINT('',(0.,-0.2079,0.15));
#4573=CARTESIAN_POINT('',(0.,-0.2079,-2.000000000002E-6));
#4574=CARTESIAN_POINT('',(0.,-0.2079,0.));
#4575=CARTESIAN_POINT('',(0.,-0.2079,0.));
#4576=CARTESIAN_POINT('',(0.1421,-0.2079,0.));
#4577=CARTESIAN_POINT('',(0.1421,-0.2079,0.15));
#4578=CARTESIAN_POINT('',(2.77555756156289E-17,-2.77555756156289E-17,0.));
#4579=CARTESIAN_POINT('',(0.,-2.77555756156289E-17,0.));
#4580=CARTESIAN_POINT('',(0.,-0.2,0.));
#4581=CARTESIAN_POINT('',(2.77555756156289E-17,-0.2,0.));
#4582=CARTESIAN_POINT('',(0.15,-0.2,0.));
#4583=CARTESIAN_POINT('',(0.15,2.77555756156289E-17,0.));
#4584=CARTESIAN_POINT('',(0.15,0.2,0.));
#4585=CARTESIAN_POINT('',(5.55111512312578E-17,0.2,0.));
#4586=CARTESIAN_POINT('',(0.,0.2,0.));
#4587=CARTESIAN_POINT('',(0.,-2.77555756156289E-17,0.));
#4588=CARTESIAN_POINT('',(0.1421,0.1921,0.));
#4589=CARTESIAN_POINT('',(0.1579,0.1921,0.));
#4590=CARTESIAN_POINT('',(0.1579,0.,0.));
#4591=CARTESIAN_POINT('',(0.1579,-0.1921,0.));
#4592=CARTESIAN_POINT('',(0.1421,-0.1921,0.));
#4593=CARTESIAN_POINT('',(5.55111512312578E-17,0.2,-2.000000000002E-6));
#4594=CARTESIAN_POINT('',(5.55111512312578E-17,0.2,0.15));
#4595=CARTESIAN_POINT('',(0.15,0.2,0.15));
#4596=CARTESIAN_POINT('',(0.,0.2,0.15));
#4597=CARTESIAN_POINT('',(0.,0.2,-2.000000000002E-6));
#4598=CARTESIAN_POINT('',(0.15,0.2,-2.000000000002E-6));
#4599=CARTESIAN_POINT('',(0.15,2.77555756156289E-17,-2.000000000002E-6));
#4600=CARTESIAN_POINT('',(0.15,-0.2,-2.000000000002E-6));
#4601=CARTESIAN_POINT('',(0.15,-0.2,0.15));
#4602=CARTESIAN_POINT('',(0.15,2.77555756156289E-17,0.15));
#4603=CARTESIAN_POINT('',(0.1579,0.,-2.000000000002E-6));
#4604=CARTESIAN_POINT('',(0.1579,0.1921,-2.000000000002E-6));
#4605=CARTESIAN_POINT('',(0.1579,0.1921,0.15));
#4606=CARTESIAN_POINT('',(0.1579,0.,0.15));
#4607=CARTESIAN_POINT('',(0.1579,-0.1921,0.15));
#4608=CARTESIAN_POINT('',(0.1579,-0.1921,0.));
#4609=CARTESIAN_POINT('',(2.77555756156289E-17,2.77555756156289E-17,0.15));
#4610=CARTESIAN_POINT('',(0.,2.77555756156289E-17,0.15));
#4611=CARTESIAN_POINT('',(0.,-0.2,0.15));
#4612=CARTESIAN_POINT('',(0.1421,-0.1921,0.15));
#4613=CARTESIAN_POINT('',(0.1421,0.1921,0.15));
#4614=CARTESIAN_POINT('',(0.,2.77555756156289E-17,0.15));
#4615=CARTESIAN_POINT('',(2.77555756156289E-17,-0.2,0.15));
#4616=CARTESIAN_POINT('',(2.77555756156289E-17,-0.2,-2.000000000002E-6));
#4617=CARTESIAN_POINT('',(0.,-0.2,-2.000000000002E-6));
#4618=CARTESIAN_POINT('',(0.1421,0.1921,-2.000000000002E-6));
#4619=CARTESIAN_POINT('',(0.1421,-0.1921,-2.000000000002E-6));
#4620=CARTESIAN_POINT('',(0.,0.,0.));
#4621=CARTESIAN_POINT('',(0.,0.,0.));
#4622=CARTESIAN_POINT('',(0.,0.,0.));
#4623=CARTESIAN_POINT('',(0.,0.,0.));
#4624=MECHANICAL_DESIGN_GEOMETRIC_PRESENTATION_REPRESENTATION('',(#2506),
#4630);
#4625=MECHANICAL_DESIGN_GEOMETRIC_PRESENTATION_REPRESENTATION('',(#2507),
#4631);
#4626=MECHANICAL_DESIGN_GEOMETRIC_PRESENTATION_REPRESENTATION('',(#2508),
#4632);
#4627=MECHANICAL_DESIGN_GEOMETRIC_PRESENTATION_REPRESENTATION('',(#2509),
#4633);
#4628=MECHANICAL_DESIGN_GEOMETRIC_PRESENTATION_REPRESENTATION('',(#2510),
#4634);
#4629=MECHANICAL_DESIGN_GEOMETRIC_PRESENTATION_REPRESENTATION('',(#2511),
#4635);
#4630=(
GEOMETRIC_REPRESENTATION_CONTEXT(3)
GLOBAL_UNCERTAINTY_ASSIGNED_CONTEXT((#4636))
GLOBAL_UNIT_ASSIGNED_CONTEXT((#4654,#4648,#4642))
REPRESENTATION_CONTEXT('Pin 1','TOP_LEVEL_ASSEMBLY_PART')
);
#4631=(
GEOMETRIC_REPRESENTATION_CONTEXT(3)
GLOBAL_UNCERTAINTY_ASSIGNED_CONTEXT((#4637))
GLOBAL_UNIT_ASSIGNED_CONTEXT((#4655,#4649,#4643))
REPRESENTATION_CONTEXT('Pin 2','TOP_LEVEL_ASSEMBLY_PART')
);
#4632=(
GEOMETRIC_REPRESENTATION_CONTEXT(3)
GLOBAL_UNCERTAINTY_ASSIGNED_CONTEXT((#4638))
GLOBAL_UNIT_ASSIGNED_CONTEXT((#4656,#4650,#4644))
REPRESENTATION_CONTEXT('Cope_Sand','TOP_LEVEL_ASSEMBLY_PART')
);
#4633=(
GEOMETRIC_REPRESENTATION_CONTEXT(3)
GLOBAL_UNCERTAINTY_ASSIGNED_CONTEXT((#4639))
GLOBAL_UNIT_ASSIGNED_CONTEXT((#4657,#4651,#4645))
REPRESENTATION_CONTEXT('Drag_Sand','TOP_LEVEL_ASSEMBLY_PART')
);
#4634=(
GEOMETRIC_REPRESENTATION_CONTEXT(3)
GLOBAL_UNCERTAINTY_ASSIGNED_CONTEXT((#4640))
GLOBAL_UNIT_ASSIGNED_CONTEXT((#4658,#4652,#4646))
REPRESENTATION_CONTEXT('Drag_Wooden_Casing','TOP_LEVEL_ASSEMBLY_PART')
);
#4635=(
GEOMETRIC_REPRESENTATION_CONTEXT(3)
GLOBAL_UNCERTAINTY_ASSIGNED_CONTEXT((#4641))
GLOBAL_UNIT_ASSIGNED_CONTEXT((#4659,#4653,#4647))
REPRESENTATION_CONTEXT('Cope_Wood_Casing','TOP_LEVEL_ASSEMBLY_PART')
);
#4636=UNCERTAINTY_MEASURE_WITH_UNIT(LENGTH_MEASURE(1.E-8),#4654,
'DISTANCE_ACCURACY_VALUE','Maximum Tolerance applied to model');
#4637=UNCERTAINTY_MEASURE_WITH_UNIT(LENGTH_MEASURE(1.E-8),#4655,
'DISTANCE_ACCURACY_VALUE','Maximum Tolerance applied to model');
#4638=UNCERTAINTY_MEASURE_WITH_UNIT(LENGTH_MEASURE(2.E-5),#4656,
'DISTANCE_ACCURACY_VALUE','Maximum Tolerance applied to model');
#4639=UNCERTAINTY_MEASURE_WITH_UNIT(LENGTH_MEASURE(1.E-8),#4657,
'DISTANCE_ACCURACY_VALUE','Maximum Tolerance applied to model');
#4640=UNCERTAINTY_MEASURE_WITH_UNIT(LENGTH_MEASURE(1.E-8),#4658,
'DISTANCE_ACCURACY_VALUE','Maximum Tolerance applied to model');
#4641=UNCERTAINTY_MEASURE_WITH_UNIT(LENGTH_MEASURE(1.E-8),#4659,
'DISTANCE_ACCURACY_VALUE','Maximum Tolerance applied to model');
#4642=(
NAMED_UNIT(*)
SI_UNIT($,.STERADIAN.)
SOLID_ANGLE_UNIT()
);
#4643=(
NAMED_UNIT(*)
SI_UNIT($,.STERADIAN.)
SOLID_ANGLE_UNIT()
);
#4644=(
NAMED_UNIT(*)
SI_UNIT($,.STERADIAN.)
SOLID_ANGLE_UNIT()
);
#4645=(
NAMED_UNIT(*)
SI_UNIT($,.STERADIAN.)
SOLID_ANGLE_UNIT()
);
#4646=(
NAMED_UNIT(*)
SI_UNIT($,.STERADIAN.)
SOLID_ANGLE_UNIT()
);
#4647=(
NAMED_UNIT(*)
SI_UNIT($,.STERADIAN.)
SOLID_ANGLE_UNIT()
);
#4648=(
NAMED_UNIT(*)
PLANE_ANGLE_UNIT()
SI_UNIT($,.RADIAN.)
);
#4649=(
NAMED_UNIT(*)
PLANE_ANGLE_UNIT()
SI_UNIT($,.RADIAN.)
);
#4650=(
NAMED_UNIT(*)
PLANE_ANGLE_UNIT()
SI_UNIT($,.RADIAN.)
);
#4651=(
NAMED_UNIT(*)
PLANE_ANGLE_UNIT()
SI_UNIT($,.RADIAN.)
);
#4652=(
NAMED_UNIT(*)
PLANE_ANGLE_UNIT()
SI_UNIT($,.RADIAN.)
);
#4653=(
NAMED_UNIT(*)
PLANE_ANGLE_UNIT()
SI_UNIT($,.RADIAN.)
);
#4654=(
LENGTH_UNIT()
NAMED_UNIT(*)
SI_UNIT($,.METRE.)
);
#4655=(
LENGTH_UNIT()
NAMED_UNIT(*)
SI_UNIT($,.METRE.)
);
#4656=(
LENGTH_UNIT()
NAMED_UNIT(*)
SI_UNIT($,.METRE.)
);
#4657=(
LENGTH_UNIT()
NAMED_UNIT(*)
SI_UNIT($,.METRE.)
);
#4658=(
LENGTH_UNIT()
NAMED_UNIT(*)
SI_UNIT($,.METRE.)
);
#4659=(
LENGTH_UNIT()
NAMED_UNIT(*)
SI_UNIT($,.METRE.)
);
#4660=PRODUCT_DEFINITION_SHAPE('','',#4666);
#4661=PRODUCT_DEFINITION_SHAPE('','',#4667);
#4662=PRODUCT_DEFINITION_SHAPE('','',#4668);
#4663=PRODUCT_DEFINITION_SHAPE('','',#4669);
#4664=PRODUCT_DEFINITION_SHAPE('','',#4670);
#4665=PRODUCT_DEFINITION_SHAPE('','',#4671);
#4666=PRODUCT_DEFINITION('','',#4678,#4672);
#4667=PRODUCT_DEFINITION('','',#4679,#4673);
#4668=PRODUCT_DEFINITION('','',#4680,#4674);
#4669=PRODUCT_DEFINITION('','',#4681,#4675);
#4670=PRODUCT_DEFINITION('','',#4682,#4676);
#4671=PRODUCT_DEFINITION('','',#4683,#4677);
#4672=PRODUCT_DEFINITION_CONTEXT('',#4714,'design');
#4673=PRODUCT_DEFINITION_CONTEXT('',#4715,'design');
#4674=PRODUCT_DEFINITION_CONTEXT('',#4716,'design');
#4675=PRODUCT_DEFINITION_CONTEXT('',#4717,'design');
#4676=PRODUCT_DEFINITION_CONTEXT('',#4718,'design');
#4677=PRODUCT_DEFINITION_CONTEXT('',#4719,'design');
#4678=PRODUCT_DEFINITION_FORMATION_WITH_SPECIFIED_SOURCE('','',#4690,
 .NOT_KNOWN.);
#4679=PRODUCT_DEFINITION_FORMATION_WITH_SPECIFIED_SOURCE('','',#4691,
 .NOT_KNOWN.);
#4680=PRODUCT_DEFINITION_FORMATION_WITH_SPECIFIED_SOURCE('','',#4692,
 .NOT_KNOWN.);
#4681=PRODUCT_DEFINITION_FORMATION_WITH_SPECIFIED_SOURCE('','',#4693,
 .NOT_KNOWN.);
#4682=PRODUCT_DEFINITION_FORMATION_WITH_SPECIFIED_SOURCE('','',#4694,
 .NOT_KNOWN.);
#4683=PRODUCT_DEFINITION_FORMATION_WITH_SPECIFIED_SOURCE('','',#4695,
 .NOT_KNOWN.);
#4684=PRODUCT_RELATED_PRODUCT_CATEGORY('','',(#4690));
#4685=PRODUCT_RELATED_PRODUCT_CATEGORY('','',(#4691));
#4686=PRODUCT_RELATED_PRODUCT_CATEGORY('','',(#4692));
#4687=PRODUCT_RELATED_PRODUCT_CATEGORY('','',(#4693));
#4688=PRODUCT_RELATED_PRODUCT_CATEGORY('','',(#4694));
#4689=PRODUCT_RELATED_PRODUCT_CATEGORY('','',(#4695));
#4690=PRODUCT('Pin 1','Pin 1','Pin 1',(#4702));
#4691=PRODUCT('Pin 2','Pin 2','Pin 2',(#4703));
#4692=PRODUCT('Cope_Sand','Cope_Sand','Cope_Sand',(#4704));
#4693=PRODUCT('Drag_Sand','Drag_Sand','Drag_Sand',(#4705));
#4694=PRODUCT('Drag_Wooden_Casing','Drag_Wooden_Casing',
'Drag_Wooden_Casing',(#4706));
#4695=PRODUCT('Cope_Wood_Casing','Cope_Wood_Casing','Cope_Wood_Casing',
(#4707));
#4696=PRODUCT_CATEGORY('','');
#4697=PRODUCT_CATEGORY('','');
#4698=PRODUCT_CATEGORY('','');
#4699=PRODUCT_CATEGORY('','');
#4700=PRODUCT_CATEGORY('','');
#4701=PRODUCT_CATEGORY('','');
#4702=PRODUCT_CONTEXT('',#4714,'mechanical');
#4703=PRODUCT_CONTEXT('',#4715,'mechanical');
#4704=PRODUCT_CONTEXT('',#4716,'mechanical');
#4705=PRODUCT_CONTEXT('',#4717,'mechanical');
#4706=PRODUCT_CONTEXT('',#4718,'mechanical');
#4707=PRODUCT_CONTEXT('',#4719,'mechanical');
#4708=APPLICATION_PROTOCOL_DEFINITION('international standard',
'ap242_managed_model_based_3d_engineering',2020,#4714);
#4709=APPLICATION_PROTOCOL_DEFINITION('international standard',
'ap242_managed_model_based_3d_engineering',2020,#4715);
#4710=APPLICATION_PROTOCOL_DEFINITION('international standard',
'ap242_managed_model_based_3d_engineering',2020,#4716);
#4711=APPLICATION_PROTOCOL_DEFINITION('international standard',
'ap242_managed_model_based_3d_engineering',2020,#4717);
#4712=APPLICATION_PROTOCOL_DEFINITION('international standard',
'ap242_managed_model_based_3d_engineering',2020,#4718);
#4713=APPLICATION_PROTOCOL_DEFINITION('international standard',
'ap242_managed_model_based_3d_engineering',2020,#4719);
#4714=APPLICATION_CONTEXT('managed model based 3d engineering');
#4715=APPLICATION_CONTEXT('managed model based 3d engineering');
#4716=APPLICATION_CONTEXT('managed model based 3d engineering');
#4717=APPLICATION_CONTEXT('managed model based 3d engineering');
#4718=APPLICATION_CONTEXT('managed model based 3d engineering');
#4719=APPLICATION_CONTEXT('managed model based 3d engineering');
ENDSEC;
END-ISO-10303-21;
